

Opening input/output transcript to file "e:\tsagi_dipl\Diploma_bac\optimisation_working_folder\fluent-20251216-150036-110744.trn".
Auto-Transcript Start Time:  15:00:36, 16 Dec 2025 Russia TZ 2 Standard Time 
Information: The server has started and is running.

              Welcome to ANSYS Fluent 2024 R2

              Copyright 1987-2024 ANSYS, Inc. All Rights Reserved.
              Unauthorized use, distribution or duplication is prohibited.
              This product is subject to U.S. laws governing export and re-export.
              For full Legal Notice, see documentation.

Build Time: May 13 2024 11:28:30 EST  Build Id: 10192  
 
Connected License Server List:	1055@localhost
Host spawning Node 0 on machine "VVCh" (win64).

----------------------------------------------------------------------------------
ID    Hostname  Core   O.S.         PID     Vendor                               
----------------------------------------------------------------------------------
n9    VVCh      10/16  Windows-x64  112136  AMD Ryzen 7 5700X 8-Core Processor   
n8    VVCh      9/16   Windows-x64  107060  AMD Ryzen 7 5700X 8-Core Processor   
n7    VVCh      8/16   Windows-x64  98328   AMD Ryzen 7 5700X 8-Core Processor   
n6    VVCh      7/16   Windows-x64  114524  AMD Ryzen 7 5700X 8-Core Processor   
n5    VVCh      6/16   Windows-x64  105760  AMD Ryzen 7 5700X 8-Core Processor   
n4    VVCh      5/16   Windows-x64  41512   AMD Ryzen 7 5700X 8-Core Processor   
n3    VVCh      4/16   Windows-x64  109764  AMD Ryzen 7 5700X 8-Core Processor   
n2    VVCh      3/16   Windows-x64  105464  AMD Ryzen 7 5700X 8-Core Processor   
n1    VVCh      2/16   Windows-x64  106616  AMD Ryzen 7 5700X 8-Core Processor   
n0*   VVCh      1/16   Windows-x64  67428   AMD Ryzen 7 5700X 8-Core Processor   
host  VVCh             Windows-x64  107100  AMD Ryzen 7 5700X 8-Core Processor   

MPI Option Selected: intel
Selected system interconnect: default
----------------------------------------------------------------------------------

Cleanup script file is e:\tsagi_dipl\Diploma_bac\optimisation_working_folder\cleanup-fluent-VVCh-107100.bat

> Fast-loading "E:\Program files\ANSYS Inc\v242\fluent\fluent24.2.0\addons\afd\lib\hdfio.bin"
Done.
Multicore SMT processors detected. Processor affinity set!

Reading from VVCh:"e:\tsagi_dipl\Diploma_bac\optimisation_working_folder\optimization_setup.cas.h5" in NODE0 mode ...
  Reading mesh ...
       49125 cells,     1 cell zone  ...
          49125 quadrilateral cells,  zone id: 7
       98677 faces,     4 face zones ...
          97823 2D interior faces,  zone id: 8
            217 2D wall faces,  zone id: 9
            375 2D pressure-far-field faces,  zone id: 10
            262 2D pressure-outlet faces,  zone id: 11
       49552 nodes,     1 node zone  ...
  Done.


Building...
     mesh
	distributing mesh
		parts..........,
		faces..........,
		nodes..........,
		cells..........,
        bandwidth reduction using Reverse Cuthill-McKee: 4823/73 = 66.0685
     materials,
     interface,
     domains,
	mixture
     zones,
	outlet
	wall
	int_solid
	inlet
	solid
     parallel,
Done.

Writing Settings file "C:\Users\vova1\AppData\Local\Temp\2"...
	writing rp variables ... Done.
	writing domain variables ... Done.
	writing solid (type fluid) (mixture) ... Done.
	writing inlet (type pressure-far-field) (mixture) ... Done.
	writing int_solid (type interior) (mixture) ... Done.
	writing wall (type wall) (mixture) ... Done.
	writing outlet (type pressure-outlet) (mixture) ... Done.
	writing zones map name-id ... Done.
Multicore SMT processors detected. Processor affinity set!
Reading "e:\tsagi_dipl\Diploma_bac\optimisation_working_folder\geom.msh"...
Buffering for file scan...


       Clearing partially read grid.
   71320 nodes.
   70807 quadrilateral cells, zone  7.
  141101 2D interior faces, zone  8.
     261 2D wall faces, zone  9.
     451 2D velocity-inlet faces, zone 10.
     314 2D pressure-outlet faces, zone 11.

Building...
     mesh
	auto partitioning mesh by Metis (fast),
	distributing mesh
		parts..........,
		faces..........,
		nodes..........,
		cells..........,
        bandwidth reduction using Reverse Cuthill-McKee: 5341/98 = 54.5
     materials,
     interface,
     domains,
     zones,
	outlet
	inlet
	wall
	int_solid
	solid
     parallel,
Done.
 Setting zone id of solid to 7.
 Setting zone id of int_solid to 8.
 Setting zone id of wall to 9.
 Setting zone id of inlet to 10.
 Setting zone id of outlet to 11.
Done.

Setting solid (mixture) ... Done.
Setting inlet (mixture) (zone type changed to pressure-far-field) ... Done.
Setting int_solid (mixture) ... Done.
Setting wall (mixture) ... Done.
Setting outlet (mixture) ... Done.



Following contexts active in the case file have been de-activated because of their current context control conditions:
"coupled-pseudo-transient"

Initialize using the hybrid initialization method.

Checking case topology... 
-This case combines farfield, inlets and outlets 
-Pressure information is available at the boundaries

	iter		scalar-0		scalar-1

        Stabilizing ads-0 to enhance linear solver robustness.
        Stabilizing ads-1 to enhance linear solver robustness.
	1		1.000000e+00	1.000000e+00
        Stabilizing ads-0 to enhance linear solver robustness.
	2		6.670157e-08	2.822237e-16
	3		5.294595e-07	1.858210e-16
        Stabilizing ads-0 to enhance linear solver robustness.
	4		7.720251e-07	1.581020e-16
        Stabilizing ads-0 to enhance linear solver robustness.
        Stabilizing ads-1 to enhance linear solver robustness.
	5		1.466664e-07	1.879924e-16
	6		9.312632e-08	9.796136e-17
        Stabilizing ads-1 to enhance linear solver robustness.
	7		9.101812e-08	1.480971e-16
	8		5.270395e-08	9.676421e-17
	9		4.193242e-08	1.516909e-16
	10		3.562296e-08	1.486635e-16

Hybrid initialization is done.

  iter  continuity  x-velocity  y-velocity      energy         nut          mz          cx          cy     time/iter
        Stabilizing nut to enhance linear solver robustness.
        Stabilizing temperature to enhance linear solver robustness.
     1  1.0000e+00  1.3233e-04  2.3807e-04  2.1813e-04  1.8494e-03 -1.8761e-02 -4.1008e-01 -4.3592e-02  0:01:39   99
     2  7.3939e-01  3.5441e-04  2.3509e-03  3.3261e-04  9.0973e-05 -1.0682e-02 -2.3163e-01 -3.9241e-03  0:01:58   98
     3  4.0399e-01  1.3865e-04  7.7223e-04  1.5081e-04  5.1807e-05 -3.0698e-03 -8.1724e-02  4.5085e-03  0:01:53   97
     4  2.3620e-01  6.7168e-05  3.0444e-04  8.0745e-05  3.2549e-05 -2.3129e-02 -2.1191e-02  1.5519e-01  0:01:29   96
     5  1.3397e-01  3.4186e-05  1.2701e-04  6.5887e-05  2.3197e-05 -4.8540e-02  6.3122e-03  2.6693e-01  0:01:11   95
     6  9.7080e-02  1.9180e-05  5.5942e-05  4.5092e-05  1.8779e-05 -7.8889e-02  1.9195e-02  3.4718e-01  0:00:56   94
     7  9.4790e-02  1.1845e-05  2.7402e-05  3.1943e-05  1.8643e-05 -1.1440e-01  2.7699e-02  4.2966e-01  0:00:44   93
     8  9.8518e-02  8.7074e-06  1.6296e-05  2.6071e-05  2.1098e-05 -1.3093e-01  3.0437e-02  4.7408e-01  0:00:35   92
     9  9.4964e-02  7.4915e-06  1.1328e-05  2.3549e-05  2.6913e-05 -1.2849e-01  2.8164e-02  4.6213e-01  0:00:28   91
    10  8.6954e-02  7.2823e-06  8.5099e-06  2.2205e-05  3.6797e-05 -1.1507e-01  2.3696e-02  4.2020e-01  0:00:40   90
    11  7.6514e-02  7.4363e-06  6.5554e-06  2.0929e-05  4.9719e-05 -1.0148e-01  1.8695e-02  3.6683e-01  0:00:32   89

  iter  continuity  x-velocity  y-velocity      energy         nut          mz          cx          cy     time/iter
    12  6.6930e-02  7.6215e-06  5.2595e-06  1.9182e-05  6.1921e-05 -9.5530e-02  1.5362e-02  3.3818e-01  0:00:25   88
    13  5.6634e-02  7.5211e-06  4.2925e-06  1.6895e-05  6.7064e-05 -9.9824e-02  1.4068e-02  3.4337e-01  0:00:20   87
    14  4.8819e-02  7.0331e-06  3.5354e-06  1.4591e-05  6.3081e-05 -1.0803e-01  1.4180e-02  3.7402e-01  0:00:33   86
    15  4.5930e-02  6.2082e-06  2.9525e-06  1.2302e-05  5.1781e-05 -1.1550e-01  1.4884e-02  4.0873e-01  0:00:26   85
    16  4.3004e-02  5.3055e-06  2.4268e-06  1.0324e-05  3.9112e-05 -1.2081e-01  1.5759e-02  4.3666e-01  0:00:21   84
    17  3.9515e-02  4.4686e-06  2.0401e-06  8.7457e-06  2.9500e-05 -1.2471e-01  1.6594e-02  4.5906e-01  0:00:16   83
    18  3.5945e-02  3.7598e-06  1.7727e-06  7.5461e-06  2.2907e-05 -1.2788e-01  1.7419e-02  4.7630e-01  0:00:13   82
    19  3.2940e-02  3.2484e-06  1.5659e-06  6.7062e-06  1.8007e-05 -1.3045e-01  1.8154e-02  4.9004e-01  0:00:10   81
    20  2.8998e-02  2.9547e-06  1.3878e-06  5.9391e-06  1.3986e-05 -1.3273e-01  1.8840e-02  5.0152e-01  0:00:24   80
    21  2.6501e-02  2.6983e-06  1.2441e-06  5.1992e-06  1.1154e-05 -1.3472e-01  1.9468e-02  5.1100e-01  0:00:19   79
    22  2.3854e-02  2.4722e-06  1.1483e-06  4.6125e-06  9.4540e-06 -1.3676e-01  2.0174e-02  5.1938e-01  0:00:15   78

  iter  continuity  x-velocity  y-velocity      energy         nut          mz          cx          cy     time/iter
    23  2.1985e-02  2.2828e-06  1.0920e-06  4.1435e-06  8.5262e-06 -1.3804e-01  2.0723e-02  5.2268e-01  0:00:12   77
    24  2.1399e-02  2.0958e-06  1.0180e-06  3.8550e-06  7.9909e-06 -1.3841e-01  2.1028e-02  5.2150e-01  0:00:09   76
    25  2.0971e-02  1.9199e-06  9.3929e-07  3.6449e-06  7.5065e-06 -1.3830e-01  2.1178e-02  5.1851e-01  0:00:07   75
    26  2.0306e-02  1.7598e-06  8.5264e-07  3.4171e-06  6.9695e-06 -1.3798e-01  2.1229e-02  5.1516e-01  0:00:21   74
    27  1.9429e-02  1.6099e-06  7.5650e-07  3.1851e-06  6.3859e-06 -1.3775e-01  2.1241e-02  5.1282e-01  0:00:16   73
    28  1.8409e-02  1.4749e-06  6.5810e-07  2.9588e-06  5.8773e-06 -1.3777e-01  2.1265e-02  5.1203e-01  0:00:13   72
    29  1.7345e-02  1.3461e-06  5.7700e-07  2.7401e-06  5.4878e-06 -1.3801e-01  2.1315e-02  5.1252e-01  0:00:10   71
    30  1.6098e-02  1.2206e-06  5.1286e-07  2.5185e-06  5.0069e-06 -1.3833e-01  2.1381e-02  5.1369e-01  0:00:08   70
    31  1.4823e-02  1.1028e-06  4.7451e-07  2.3007e-06  4.5064e-06 -1.3861e-01  2.1447e-02  5.1500e-01  0:00:20   69
    32  1.3649e-02  9.9244e-07  4.5165e-07  2.1008e-06  3.8953e-06 -1.3879e-01  2.1501e-02  5.1611e-01  0:00:16   68
    33  1.2484e-02  9.0078e-07  4.3445e-07  1.9133e-06  3.2821e-06 -1.3889e-01  2.1541e-02  5.1700e-01  0:00:12   67

  iter  continuity  x-velocity  y-velocity      energy         nut          mz          cx          cy     time/iter
    34  1.1321e-02  8.3233e-07  4.1803e-07  1.7444e-06  2.7648e-06 -1.3892e-01  2.1569e-02  5.1772e-01  0:00:10   66
    35  1.0286e-02  7.7775e-07  3.9677e-07  1.6050e-06  2.4275e-06 -1.3892e-01  2.1591e-02  5.1836e-01  0:00:21   65
    36  9.3784e-03  7.4300e-07  3.7606e-07  1.5118e-06  2.4885e-06 -1.3891e-01  2.1614e-02  5.1896e-01  0:00:16   64
    37  8.5192e-03  7.2079e-07  3.5333e-07  1.4413e-06  2.6373e-06 -1.3893e-01  2.1645e-02  5.1962e-01  0:00:13   63
    38  7.7625e-03  7.0592e-07  3.3017e-07  1.3817e-06  2.8554e-06 -1.3899e-01  2.1687e-02  5.2039e-01  0:00:10   62
    39  7.0532e-03  6.9180e-07  3.1068e-07  1.3234e-06  3.1465e-06 -1.3908e-01  2.1738e-02  5.2121e-01  0:00:08   61
    40  6.5030e-03  6.7489e-07  3.0046e-07  1.2568e-06  3.3037e-06 -1.3921e-01  2.1795e-02  5.2207e-01  0:00:18   60
    41  5.9584e-03  6.4351e-07  2.9092e-07  1.1843e-06  3.3999e-06 -1.3935e-01  2.1853e-02  5.2292e-01  0:00:14   59
    42  5.4475e-03  6.0850e-07  2.7807e-07  1.1117e-06  3.4541e-06 -1.3952e-01  2.1916e-02  5.2378e-01  0:00:11   58
    43  4.9881e-03  5.7665e-07  2.6476e-07  1.0441e-06  3.5039e-06 -1.3968e-01  2.1977e-02  5.2459e-01  0:00:09   57
    44  4.5979e-03  5.4659e-07  2.4974e-07  9.7582e-07  3.4874e-06 -1.3987e-01  2.2044e-02  5.2540e-01  0:00:07   56

  iter  continuity  x-velocity  y-velocity      energy         nut          mz          cx          cy     time/iter
    45  4.2342e-03  5.1641e-07  2.3503e-07  9.0702e-07  3.4601e-06 -1.4005e-01  2.2112e-02  5.2616e-01  0:00:16   55
    46  3.9237e-03  4.8503e-07  2.1861e-07  8.4242e-07  3.4059e-06 -1.4024e-01  2.2181e-02  5.2689e-01  0:00:13   54
    47  3.6231e-03  4.5714e-07  2.0500e-07  7.9039e-07  3.4823e-06 -1.4042e-01  2.2249e-02  5.2756e-01  0:00:10   53
    48  3.3423e-03  4.2628e-07  1.9232e-07  7.4042e-07  3.5405e-06 -1.4058e-01  2.2314e-02  5.2811e-01  0:00:08   52
    49  3.0830e-03  3.9552e-07  1.8071e-07  6.9100e-07  3.5648e-06 -1.4071e-01  2.2374e-02  5.2854e-01  0:00:06   51
    50  2.8442e-03  3.6608e-07  1.6940e-07  6.4785e-07  3.4945e-06 -1.4082e-01  2.2429e-02  5.2885e-01  0:00:15   50
    51  2.6355e-03  3.4221e-07  1.5841e-07  6.1630e-07  3.5010e-06 -1.4091e-01  2.2480e-02  5.2906e-01  0:00:12   49
    52  2.4164e-03  3.2240e-07  1.4714e-07  5.9088e-07  3.4232e-06 -1.4101e-01  2.2529e-02  5.2922e-01  0:00:09   48
    53  2.2278e-03  3.0482e-07  1.3812e-07  5.6577e-07  3.3077e-06 -1.4111e-01  2.2578e-02  5.2937e-01  0:00:07   47
    54  2.0397e-03  2.9019e-07  1.3041e-07  5.4217e-07  3.1680e-06 -1.4122e-01  2.2626e-02  5.2953e-01  0:00:06   46
    55  1.8854e-03  2.7427e-07  1.2287e-07  5.2004e-07  3.0025e-06 -1.4133e-01  2.2674e-02  5.2966e-01  0:00:04   45

  iter  continuity  x-velocity  y-velocity      energy         nut          mz          cx          cy     time/iter
    56  1.7530e-03  2.6016e-07  1.1613e-07  4.9448e-07  2.8289e-06 -1.4143e-01  2.2720e-02  5.2976e-01  0:00:12   44
    57  1.6428e-03  2.4790e-07  1.0993e-07  4.7455e-07  2.7052e-06 -1.4153e-01  2.2765e-02  5.2984e-01  0:00:10   43
    58  1.5673e-03  2.3557e-07  1.0469e-07  4.5606e-07  2.6078e-06 -1.4162e-01  2.2807e-02  5.2991e-01  0:00:07   42
    59  1.4949e-03  2.2471e-07  9.9505e-08  4.3959e-07  2.5048e-06 -1.4170e-01  2.2847e-02  5.2995e-01  0:00:06   41
    60  1.4239e-03  2.1332e-07  9.4183e-08  4.2076e-07  2.3975e-06 -1.4179e-01  2.2885e-02  5.2998e-01  0:00:05   40
    61  1.3547e-03  2.0335e-07  8.8990e-08  4.0401e-07  2.2856e-06 -1.4187e-01  2.2921e-02  5.3001e-01  0:00:04   39
    62  1.2876e-03  1.9244e-07  8.4023e-08  3.8825e-07  2.1514e-06 -1.4195e-01  2.2956e-02  5.3003e-01  0:00:03   38
    63  1.2229e-03  1.8242e-07  7.9111e-08  3.7178e-07  1.9973e-06 -1.4203e-01  2.2990e-02  5.3006e-01  0:00:10   37
    64  1.1669e-03  1.7190e-07  7.5049e-08  3.5587e-07  1.8318e-06 -1.4211e-01  2.3022e-02  5.3009e-01  0:00:07   36
    65  1.1141e-03  1.6169e-07  7.1524e-08  3.4031e-07  1.6708e-06 -1.4219e-01  2.3053e-02  5.3013e-01  0:00:06   35
    66  1.0593e-03  1.5207e-07  6.8103e-08  3.2470e-07  1.5188e-06 -1.4227e-01  2.3084e-02  5.3018e-01  0:00:04   34

  iter  continuity  x-velocity  y-velocity      energy         nut          mz          cx          cy     time/iter
    67  1.0116e-03  1.4330e-07  6.4891e-08  3.0873e-07  1.3823e-06 -1.4234e-01  2.3115e-02  5.3023e-01  0:00:03   33
    68  9.6971e-04  1.3484e-07  6.2162e-08  2.9509e-07  1.2577e-06 -1.4242e-01  2.3144e-02  5.3028e-01  0:00:09   32
    69  9.2458e-04  1.2696e-07  5.9176e-08  2.8108e-07  1.1415e-06 -1.4249e-01  2.3171e-02  5.3032e-01  0:00:07   31
    70  8.8347e-04  1.1905e-07  5.6438e-08  2.6672e-07  1.0300e-06 -1.4255e-01  2.3196e-02  5.3035e-01  0:00:05   30
    71  8.3696e-04  1.1190e-07  5.3249e-08  2.5340e-07  9.1782e-07 -1.4260e-01  2.3218e-02  5.3036e-01  0:00:04   29
    72  7.8831e-04  1.0515e-07  5.0087e-08  2.4154e-07  8.0863e-07 -1.4264e-01  2.3239e-02  5.3033e-01  0:00:09   28
    73  7.4296e-04  9.8575e-08  4.7209e-08  2.2977e-07  7.0247e-07 -1.4268e-01  2.3258e-02  5.3029e-01  0:00:07   27
    74  7.0069e-04  9.2384e-08  4.4630e-08  2.1774e-07  6.0277e-07 -1.4271e-01  2.3275e-02  5.3025e-01  0:00:05   26
    75  6.6060e-04  8.6588e-08  4.2356e-08  2.0554e-07  5.0687e-07 -1.4274e-01  2.3291e-02  5.3020e-01  0:00:04   25
    76  6.2137e-04  8.1071e-08  3.9875e-08  1.9221e-07  4.2179e-07 -1.4278e-01  2.3306e-02  5.3017e-01  0:00:03   24
    77  5.8578e-04  7.5956e-08  3.7618e-08  1.8193e-07  3.6873e-07 -1.4280e-01  2.3319e-02  5.3012e-01  0:00:02   23

  iter  continuity  x-velocity  y-velocity      energy         nut          mz          cx          cy     time/iter
    78  5.5277e-04  7.1048e-08  3.5214e-08  1.7183e-07  3.2376e-07 -1.4282e-01  2.3331e-02  5.3007e-01  0:00:06   22
    79  5.2007e-04  6.6443e-08  3.3189e-08  1.6225e-07  2.8359e-07 -1.4284e-01  2.3342e-02  5.3002e-01  0:00:05   21
    80  4.8853e-04  6.2213e-08  3.1281e-08  1.5108e-07  2.5807e-07 -1.4286e-01  2.3352e-02  5.2998e-01  0:00:04   20
    81  4.5934e-04  5.8228e-08  2.9431e-08  1.4299e-07  2.3527e-07 -1.4288e-01  2.3361e-02  5.2995e-01  0:00:03   19
    82  4.3327e-04  5.4438e-08  2.7778e-08  1.3473e-07  2.1682e-07 -1.4289e-01  2.3368e-02  5.2990e-01  0:00:02   18
    83  4.1048e-04  5.0875e-08  2.6177e-08  1.2717e-07  1.9687e-07 -1.4289e-01  2.3375e-02  5.2984e-01  0:00:05   17
    84  3.8711e-04  4.7711e-08  2.4906e-08  1.2022e-07  1.7258e-07 -1.4290e-01  2.3381e-02  5.2979e-01  0:00:04   16
    85  3.6541e-04  4.4779e-08  2.3671e-08  1.1354e-07  1.4624e-07 -1.4290e-01  2.3386e-02  5.2974e-01  0:00:03   15
    86  3.4531e-04  4.2111e-08  2.2497e-08  1.0727e-07  1.2242e-07 -1.4291e-01  2.3390e-02  5.2969e-01  0:00:02   14
    87  3.2820e-04  3.9624e-08  2.1328e-08  1.0164e-07  1.0793e-07 -1.4291e-01  2.3394e-02  5.2966e-01  0:00:02   13
    88  3.1016e-04  3.7372e-08  2.0229e-08  9.6300e-08  9.9452e-08 -1.4291e-01  2.3398e-02  5.2962e-01  0:00:01   12

  iter  continuity  x-velocity  y-velocity      energy         nut          mz          cx          cy     time/iter
    89  2.9346e-04  3.5256e-08  1.9066e-08  9.1190e-08  9.2847e-08 -1.4292e-01  2.3402e-02  5.2959e-01  0:00:03   11
    90  2.7879e-04  3.3268e-08  1.7998e-08  8.6159e-08  8.7897e-08 -1.4292e-01  2.3405e-02  5.2957e-01  0:00:02   10
    91  2.6352e-04  3.1502e-08  1.7071e-08  8.1618e-08  8.1859e-08 -1.4292e-01  2.3408e-02  5.2955e-01  0:00:02    9
    92  2.5116e-04  2.9859e-08  1.6132e-08  7.7469e-08  7.7005e-08 -1.4293e-01  2.3411e-02  5.2954e-01  0:00:01    8
    93  2.3825e-04  2.8364e-08  1.5305e-08  7.3568e-08  7.1852e-08 -1.4293e-01  2.3414e-02  5.2952e-01  0:00:01    7
    94  2.2682e-04  2.6944e-08  1.4484e-08  6.9899e-08  6.8709e-08 -1.4293e-01  2.3416e-02  5.2951e-01  0:00:02    6
    95  2.1553e-04  2.5640e-08  1.3802e-08  6.6321e-08  6.5270e-08 -1.4293e-01  2.3419e-02  5.2949e-01  0:00:01    5
    96  2.0501e-04  2.4424e-08  1.3123e-08  6.2988e-08  6.3459e-08 -1.4293e-01  2.3421e-02  5.2948e-01  0:00:01    4
    97  1.9508e-04  2.3298e-08  1.2556e-08  5.9778e-08  6.1543e-08 -1.4293e-01  2.3422e-02  5.2947e-01  0:00:00    3
    98  1.8578e-04  2.2224e-08  1.1970e-08  5.6782e-08  5.9887e-08 -1.4293e-01  2.3424e-02  5.2946e-01  0:00:00    2
    99  1.7714e-04  2.1219e-08  1.1422e-08  5.3919e-08  5.7814e-08 -1.4294e-01  2.3425e-02  5.2945e-01  0:00:00    1

  iter  continuity  x-velocity  y-velocity      energy         nut          mz          cx          cy     time/iter
   100  1.6874e-04  2.0293e-08  1.0889e-08  5.1475e-08  5.5908e-08 -1.4294e-01  2.3427e-02  5.2944e-01  0:00:00    0

  iter  continuity  x-velocity  y-velocity      energy         nut          mz          cx          cy     time/iter
   100  1.6874e-04  2.0293e-08  1.0889e-08  5.1475e-08  5.5908e-08 -1.4294e-01  2.3427e-02  5.2944e-01  0:00:28  100
   101  1.6099e-04  1.9466e-08  1.0432e-08  4.8936e-08  5.2525e-08 -1.4294e-01  2.3428e-02  5.2943e-01  0:00:22   99
   102  1.5340e-04  1.8678e-08  9.9411e-09  4.6468e-08  4.9442e-08 -1.4294e-01  2.3429e-02  5.2941e-01  0:00:17   98
   103  1.4636e-04  1.7927e-08  9.4904e-09  4.4115e-08  4.6632e-08 -1.4294e-01  2.3430e-02  5.2940e-01  0:00:14   97
   104  1.3916e-04  1.7204e-08  9.0604e-09  4.1871e-08  4.4078e-08 -1.4294e-01  2.3430e-02  5.2939e-01  0:00:11   96
   105  1.3203e-04  1.6504e-08  8.6323e-09  3.9736e-08  4.1615e-08 -1.4293e-01  2.3431e-02  5.2938e-01  0:00:09   95
   106  1.2554e-04  1.5834e-08  8.2465e-09  3.7793e-08  3.9680e-08 -1.4293e-01  2.3431e-02  5.2937e-01  0:00:26   94
   107  1.1966e-04  1.5202e-08  7.9257e-09  3.5911e-08  3.6929e-08 -1.4293e-01  2.3432e-02  5.2935e-01  0:00:20   93
   108  1.1361e-04  1.4584e-08  7.5673e-09  3.4127e-08  3.4374e-08 -1.4293e-01  2.3432e-02  5.2934e-01  0:00:16   92
   109  1.0844e-04  1.3990e-08  7.2568e-09  3.2429e-08  3.2026e-08 -1.4293e-01  2.3432e-02  5.2932e-01  0:00:13   91
   110  1.0328e-04  1.3426e-08  6.9728e-09  3.0844e-08  2.9828e-08 -1.4293e-01  2.3432e-02  5.2931e-01  0:00:10   90

  iter  continuity  x-velocity  y-velocity      energy         nut          mz          cx          cy     time/iter
   111  9.7913e-05  1.2882e-08  6.6741e-09  2.9338e-08  2.7765e-08 -1.4293e-01  2.3432e-02  5.2929e-01  0:00:08   89
   112  9.3022e-05  1.2353e-08  6.3857e-09  2.7901e-08  2.5827e-08 -1.4292e-01  2.3432e-02  5.2928e-01  0:00:24   88
   113  8.8371e-05  1.1841e-08  6.1005e-09  2.6536e-08  2.4005e-08 -1.4292e-01  2.3432e-02  5.2926e-01  0:00:19   87
   114  8.4118e-05  1.1355e-08  5.8171e-09  2.5255e-08  2.2302e-08 -1.4292e-01  2.3432e-02  5.2924e-01  0:00:15   86
   115  8.0164e-05  1.0888e-08  5.5562e-09  2.4043e-08  2.0742e-08 -1.4292e-01  2.3432e-02  5.2922e-01  0:00:12   85
   116  7.6256e-05  1.0444e-08  5.3142e-09  2.2890e-08  1.9444e-08 -1.4291e-01  2.3431e-02  5.2920e-01  0:00:26   84
   117  7.2624e-05  1.0017e-08  5.0796e-09  2.1803e-08  1.8271e-08 -1.4291e-01  2.3431e-02  5.2918e-01  0:00:21   83
   118  6.9367e-05  9.6038e-09  4.8509e-09  2.0775e-08  1.7328e-08 -1.4291e-01  2.3430e-02  5.2916e-01  0:00:16   82
   119  6.6153e-05  9.2045e-09  4.6307e-09  1.9799e-08  1.6487e-08 -1.4290e-01  2.3429e-02  5.2914e-01  0:00:13   81
   120  6.2892e-05  8.8227e-09  4.4175e-09  1.8878e-08  1.5686e-08 -1.4290e-01  2.3428e-02  5.2912e-01  0:00:26   80
   121  5.9908e-05  8.4551e-09  4.2149e-09  1.8051e-08  1.4986e-08 -1.4289e-01  2.3428e-02  5.2909e-01  0:00:21   79

  iter  continuity  x-velocity  y-velocity      energy         nut          mz          cx          cy     time/iter
   122  5.6994e-05  8.1059e-09  4.0249e-09  1.7217e-08  1.4345e-08 -1.4289e-01  2.3427e-02  5.2907e-01  0:00:16   78
   123  5.4288e-05  7.7676e-09  3.8435e-09  1.6423e-08  1.3759e-08 -1.4289e-01  2.3426e-02  5.2905e-01  0:00:13   77
   124  5.1794e-05  7.4557e-09  3.6683e-09  1.5711e-08  1.3206e-08 -1.4288e-01  2.3425e-02  5.2903e-01  0:00:25   76
   125  4.9382e-05  7.1635e-09  3.5006e-09  1.5049e-08  1.2769e-08 -1.4288e-01  2.3424e-02  5.2901e-01  0:00:20   75
   126  4.7126e-05  6.8878e-09  3.3416e-09  1.4430e-08  1.2366e-08 -1.4288e-01  2.3424e-02  5.2899e-01  0:00:16   74
   127  4.5220e-05  6.6174e-09  3.1700e-09  1.3851e-08  1.2244e-08 -1.4287e-01  2.3423e-02  5.2897e-01  0:00:12   73
   128  4.3235e-05  6.3644e-09  3.0331e-09  1.3300e-08  1.2090e-08 -1.4287e-01  2.3422e-02  5.2895e-01  0:00:24   72
   129  4.1472e-05  6.1222e-09  2.8790e-09  1.2792e-08  1.2128e-08 -1.4287e-01  2.3422e-02  5.2893e-01  0:00:19   71
   130  3.9764e-05  5.8927e-09  2.7588e-09  1.2300e-08  1.2222e-08 -1.4286e-01  2.3421e-02  5.2892e-01  0:00:15   70
   131  3.8094e-05  5.6745e-09  2.6219e-09  1.1849e-08  1.2545e-08 -1.4286e-01  2.3420e-02  5.2890e-01  0:00:12   69
   132  3.6569e-05  5.4622e-09  2.5188e-09  1.1392e-08  1.2994e-08 -1.4286e-01  2.3420e-02  5.2888e-01  0:00:23   68

  iter  continuity  x-velocity  y-velocity      energy         nut          mz          cx          cy     time/iter
   133  3.4964e-05  5.2493e-09  2.3922e-09  1.0919e-08  1.3861e-08 -1.4285e-01  2.3419e-02  5.2887e-01  0:00:18   67
   134  3.3631e-05  5.0392e-09  2.2976e-09  1.0480e-08  1.4704e-08 -1.4285e-01  2.3419e-02  5.2885e-01  0:00:14   66
   135  3.2141e-05  4.7973e-09  2.1883e-09  1.0028e-08  1.5505e-08 -1.4285e-01  2.3418e-02  5.2884e-01  0:00:11   65
   136  3.0689e-05  4.5602e-09  2.1032e-09  9.5818e-09  1.6034e-08 -1.4285e-01  2.3417e-02  5.2882e-01  0:00:09   64
   137  2.9164e-05  4.3250e-09  2.0117e-09  9.1225e-09  1.6400e-08 -1.4284e-01  2.3417e-02  5.2881e-01  0:00:07   63
   138  2.7672e-05  4.0937e-09  1.9071e-09  8.6847e-09  1.6787e-08 -1.4284e-01  2.3416e-02  5.2879e-01  0:00:18   62
   139  2.6298e-05  3.8801e-09  1.8273e-09  8.2895e-09  1.7204e-08 -1.4284e-01  2.3415e-02  5.2877e-01  0:00:14   61
   140  2.5032e-05  3.6834e-09  1.7567e-09  7.9520e-09  1.7826e-08 -1.4283e-01  2.3414e-02  5.2876e-01  0:00:11   60
   141  2.3789e-05  3.5042e-09  1.6943e-09  7.6492e-09  1.8840e-08 -1.4283e-01  2.3412e-02  5.2874e-01  0:00:09   59
   142  2.2581e-05  3.3340e-09  1.6316e-09  7.3330e-09  2.0257e-08 -1.4282e-01  2.3411e-02  5.2872e-01  0:00:07   58
   143  2.1353e-05  3.1714e-09  1.5548e-09  7.0315e-09  2.1863e-08 -1.4282e-01  2.3410e-02  5.2870e-01  0:00:17   57

  iter  continuity  x-velocity  y-velocity      energy         nut          mz          cx          cy     time/iter
   144  2.0204e-05  3.0205e-09  1.4851e-09  6.7214e-09  2.3545e-08 -1.4281e-01  2.3408e-02  5.2868e-01  0:00:13   56
   145  1.9168e-05  2.8771e-09  1.4159e-09  6.4306e-09  2.5114e-08 -1.4281e-01  2.3407e-02  5.2866e-01  0:00:10   55
   146  1.8271e-05  2.7419e-09  1.3480e-09  6.1707e-09  2.6301e-08 -1.4280e-01  2.3406e-02  5.2864e-01  0:00:08   54
   147  1.7412e-05  2.6099e-09  1.2840e-09  5.8896e-09  2.7013e-08 -1.4280e-01  2.3404e-02  5.2862e-01  0:00:06   53
   148  1.6669e-05  2.4865e-09  1.2235e-09  5.6408e-09  2.7271e-08 -1.4279e-01  2.3403e-02  5.2860e-01  0:00:15   52
   149  1.5938e-05  2.3745e-09  1.1646e-09  5.4085e-09  2.7188e-08 -1.4279e-01  2.3402e-02  5.2859e-01  0:00:12   51
   150  1.5252e-05  2.2675e-09  1.1071e-09  5.1835e-09  2.6912e-08 -1.4278e-01  2.3401e-02  5.2857e-01  0:00:09   50
   151  1.4619e-05  2.1667e-09  1.0528e-09  4.9690e-09  2.6514e-08 -1.4278e-01  2.3400e-02  5.2856e-01  0:00:07   49
   152  1.4028e-05  2.0717e-09  1.0008e-09  4.7547e-09  2.6179e-08 -1.4278e-01  2.3399e-02  5.2854e-01  0:00:06   48
   153  1.3486e-05  1.9811e-09  9.5250e-10  4.5565e-09  2.5731e-08 -1.4277e-01  2.3398e-02  5.2853e-01  0:00:14   47
   154  1.2957e-05  1.8948e-09  9.0526e-10  4.3786e-09  2.5303e-08 -1.4277e-01  2.3397e-02  5.2851e-01  0:00:11   46

  iter  continuity  x-velocity  y-velocity      energy         nut          mz          cx          cy     time/iter
   155  1.2428e-05  1.8146e-09  8.6278e-10  4.2050e-09  2.5139e-08 -1.4277e-01  2.3396e-02  5.2850e-01  0:00:09   45
   156  1.1942e-05  1.7367e-09  8.2176e-10  4.0429e-09  2.5136e-08 -1.4276e-01  2.3395e-02  5.2849e-01  0:00:07   44
   157  1.1470e-05  1.6625e-09  7.8352e-10  3.8800e-09  2.5197e-08 -1.4276e-01  2.3394e-02  5.2847e-01  0:00:05   43
   158  1.1008e-05  1.5910e-09  7.4626e-10  3.7266e-09  2.5269e-08 -1.4276e-01  2.3393e-02  5.2846e-01  0:00:12   42
   159  1.0563e-05  1.5230e-09  7.1162e-10  3.5778e-09  2.5292e-08 -1.4275e-01  2.3393e-02  5.2845e-01  0:00:10   41
   160  1.0118e-05  1.4574e-09  6.7830e-10  3.4127e-09  2.5231e-08 -1.4275e-01  2.3392e-02  5.2844e-01  0:00:08   40
   161  9.7016e-06  1.3941e-09  6.4617e-10  3.2712e-09  2.4916e-08 -1.4275e-01  2.3391e-02  5.2843e-01  0:00:06   39
   162  9.2945e-06  1.3322e-09  6.1544e-10  3.1286e-09  2.4327e-08 -1.4275e-01  2.3391e-02  5.2842e-01  0:00:12   38
   163  8.8948e-06  1.2740e-09  5.8600e-10  2.9928e-09  2.3650e-08 -1.4274e-01  2.3390e-02  5.2841e-01  0:00:10   37
   164  8.5312e-06  1.2189e-09  5.5808e-10  2.8609e-09  2.3057e-08 -1.4274e-01  2.3390e-02  5.2840e-01  0:00:07   36
   165  8.1727e-06  1.1662e-09  5.3181e-10  2.7352e-09  2.2509e-08 -1.4274e-01  2.3389e-02  5.2839e-01  0:00:06   35

  iter  continuity  x-velocity  y-velocity      energy         nut          mz          cx          cy     time/iter
   166  7.8299e-06  1.1151e-09  5.0690e-10  2.6147e-09  2.1896e-08 -1.4274e-01  2.3389e-02  5.2838e-01  0:00:04   34
   167  7.5010e-06  1.0659e-09  4.8321e-10  2.5011e-09  2.1192e-08 -1.4274e-01  2.3388e-02  5.2838e-01  0:00:10   33
   168  7.1893e-06  1.0192e-09  4.6148e-10  2.3907e-09  2.0369e-08 -1.4273e-01  2.3388e-02  5.2837e-01  0:00:08   32
   169  6.8742e-06  9.7367e-10  4.3943e-10  2.2806e-09  1.9482e-08 -1.4273e-01  2.3387e-02  5.2836e-01  0:00:06   31
   170  6.5860e-06  9.3018e-10  4.1910e-10  2.1812e-09  1.8597e-08 -1.4273e-01  2.3387e-02  5.2836e-01  0:00:05   30
   171  6.2791e-06  8.8860e-10  3.9748e-10  2.0834e-09  1.7705e-08 -1.4273e-01  2.3387e-02  5.2835e-01  0:00:09   29
   172  5.9927e-06  8.4864e-10  3.7761e-10  1.9873e-09  1.6800e-08 -1.4273e-01  2.3386e-02  5.2835e-01  0:00:07   28
   173  5.7222e-06  8.1015e-10  3.5940e-10  1.8944e-09  1.5875e-08 -1.4273e-01  2.3386e-02  5.2834e-01  0:00:06   27
   174  5.4615e-06  7.7310e-10  3.4218e-10  1.8042e-09  1.4922e-08 -1.4273e-01  2.3386e-02  5.2834e-01  0:00:04   26
   175  5.2191e-06  7.3744e-10  3.2618e-10  1.7204e-09  1.3942e-08 -1.4273e-01  2.3385e-02  5.2833e-01  0:00:03   25
   176  4.9769e-06  7.0300e-10  3.1090e-10  1.6364e-09  1.2938e-08 -1.4272e-01  2.3385e-02  5.2833e-01  0:00:07   24

  iter  continuity  x-velocity  y-velocity      energy         nut          mz          cx          cy     time/iter
   177  4.7444e-06  6.7009e-10  2.9636e-10  1.5561e-09  1.1928e-08 -1.4272e-01  2.3385e-02  5.2833e-01  0:00:06   23
   178  4.5236e-06  6.3850e-10  2.8248e-10  1.4783e-09  1.0953e-08 -1.4272e-01  2.3385e-02  5.2832e-01  0:00:04   22
   179  4.3104e-06  6.0830e-10  2.6930e-10  1.4039e-09  1.0020e-08 -1.4272e-01  2.3385e-02  5.2832e-01  0:00:03   21
   180  4.1034e-06  5.7937e-10  2.5665e-10  1.3325e-09  9.1422e-09 -1.4272e-01  2.3384e-02  5.2832e-01  0:00:03   20
   181  3.9065e-06  5.5150e-10  2.4441e-10  1.2637e-09  8.3073e-09 -1.4272e-01  2.3384e-02  5.2832e-01  0:00:06   19
   182  3.7115e-06  5.2384e-10  2.3269e-10  1.1967e-09  7.5094e-09 -1.4272e-01  2.3384e-02  5.2832e-01  0:00:04   18
   183  3.5110e-06  4.9566e-10  2.2141e-10  1.1319e-09  6.7377e-09 -1.4272e-01  2.3384e-02  5.2831e-01  0:00:03   17
   184  3.3182e-06  4.6900e-10  2.1030e-10  1.0701e-09  5.9896e-09 -1.4272e-01  2.3384e-02  5.2831e-01  0:00:02   16
   185  3.1348e-06  4.4388e-10  1.9956e-10  1.0123e-09  5.2668e-09 -1.4272e-01  2.3384e-02  5.2831e-01  0:00:02   15
   186  2.9603e-06  4.2017e-10  1.8933e-10  9.5766e-10  4.5746e-09 -1.4272e-01  2.3384e-02  5.2831e-01  0:00:04   14
   187  2.7986e-06  3.9798e-10  1.7968e-10  9.0515e-10  3.9213e-09 -1.4272e-01  2.3384e-02  5.2831e-01  0:00:03   13

  iter  continuity  x-velocity  y-velocity      energy         nut          mz          cx          cy     time/iter
   188  2.6481e-06  3.7716e-10  1.7060e-10  8.5598e-10  3.3232e-09 -1.4272e-01  2.3384e-02  5.2831e-01  0:00:02   12
   189  2.5065e-06  3.5763e-10  1.6213e-10  8.1020e-10  2.7838e-09 -1.4272e-01  2.3384e-02  5.2831e-01  0:00:02   11
   190  2.3690e-06  3.3899e-10  1.5418e-10  7.6655e-10  2.3074e-09 -1.4272e-01  2.3384e-02  5.2831e-01  0:00:03   10
   191  2.2396e-06  3.2151e-10  1.4649e-10  7.2543e-10  1.9023e-09 -1.4272e-01  2.3384e-02  5.2830e-01  0:00:02    9
   192  2.1153e-06  3.0504e-10  1.3922e-10  6.8741e-10  1.5844e-09 -1.4272e-01  2.3383e-02  5.2830e-01  0:00:02    8
   193  2.0019e-06  2.8984e-10  1.3238e-10  6.5176e-10  1.3304e-09 -1.4272e-01  2.3383e-02  5.2830e-01  0:00:03    7
   194  1.8942e-06  2.7601e-10  1.2587e-10  6.1868e-10  1.1381e-09 -1.4272e-01  2.3383e-02  5.2830e-01  0:00:02    6
   195  1.7961e-06  2.6228e-10  1.1958e-10  5.8623e-10  1.0063e-09 -1.4272e-01  2.3383e-02  5.2830e-01  0:00:01    5
   196  1.7008e-06  2.4987e-10  1.1352e-10  5.5718e-10  9.2801e-10 -1.4272e-01  2.3383e-02  5.2830e-01  0:00:01    4
   197  1.6113e-06  2.3880e-10  1.0780e-10  5.3024e-10  9.0089e-10 -1.4272e-01  2.3383e-02  5.2830e-01  0:00:01    3
   198  1.5301e-06  2.2839e-10  1.0237e-10  5.0509e-10  9.1916e-10 -1.4272e-01  2.3383e-02  5.2830e-01  0:00:01    2

  iter  continuity  x-velocity  y-velocity      energy         nut          mz          cx          cy     time/iter
   199  1.4580e-06  2.1867e-10  9.7286e-11  4.8179e-10  9.5061e-10 -1.4271e-01  2.3383e-02  5.2830e-01  0:00:00    1
   200  1.3897e-06  2.0938e-10  9.2554e-11  4.5999e-10  9.7856e-10 -1.4271e-01  2.3383e-02  5.2829e-01  0:00:00    0

  iter  continuity  x-velocity  y-velocity      energy         nut          mz          cx          cy     time/iter
   200  1.3897e-06  2.0938e-10  9.2554e-11  4.5999e-10  9.7856e-10 -1.4271e-01  2.3383e-02  5.2829e-01  0:00:09   50
   201  2.0334e-02  2.0005e-10  8.8076e-11  1.7006e-06  6.7162e-06 -1.4223e-01  2.3310e-02  5.2420e-01  0:00:07   49
   202  2.1542e-02  5.5915e-07  4.0524e-06  2.0939e-06  2.6741e-05 -1.4083e-01  2.3284e-02  5.1379e-01  0:00:05   48
   203  1.2124e-02  4.1015e-07  4.9600e-06  1.8348e-06  4.9703e-05 -1.3900e-01  2.3167e-02  4.9952e-01  0:00:04   47
   204  7.0829e-03  6.5169e-07  5.2528e-06  1.6788e-06  7.5293e-05 -1.3702e-01  2.2942e-02  4.8358e-01  0:00:13   46
   205  7.9479e-03  7.4653e-07  5.2213e-06  2.0856e-06  1.0266e-04 -1.3511e-01  2.2578e-02  4.6725e-01  0:00:10   45
   206  1.0226e-02  7.6543e-07  4.8571e-06  2.3406e-06  1.2600e-04 -1.3344e-01  2.2142e-02  4.5206e-01  0:00:08   44
   207  1.1748e-02  7.4094e-07  4.2067e-06  2.4309e-06  1.3723e-04 -1.3213e-01  2.1702e-02  4.3876e-01  0:00:06   43
   208  1.1366e-02  6.5617e-07  3.5225e-06  2.3150e-06  1.3164e-04 -1.3119e-01  2.1240e-02  4.2827e-01  0:00:05   42
   209  1.0695e-02  5.4197e-07  2.9819e-06  2.1730e-06  1.1465e-04 -1.3072e-01  2.0851e-02  4.2071e-01  0:00:04   41
   210  9.7948e-03  4.6298e-07  2.3524e-06  2.1544e-06  9.4026e-05 -1.3057e-01  2.0540e-02  4.1559e-01  0:00:03   40

  iter  continuity  x-velocity  y-velocity      energy         nut          mz          cx          cy     time/iter
   211  8.5878e-03  4.6115e-07  1.7191e-06  2.1212e-06  7.3810e-05 -1.3072e-01  2.0336e-02  4.1283e-01  0:00:10   39
   212  7.3390e-03  5.1365e-07  1.1955e-06  2.0553e-06  5.8030e-05 -1.3110e-01  2.0244e-02  4.1226e-01  0:00:08   38
   213  6.0217e-03  5.7925e-07  8.8327e-07  1.9630e-06  4.6800e-05 -1.3165e-01  2.0247e-02  4.1349e-01  0:00:06   37
   214  4.8541e-03  6.2671e-07  8.9993e-07  1.8624e-06  3.8736e-05 -1.3222e-01  2.0319e-02  4.1574e-01  0:00:05   36
   215  4.1218e-03  6.2299e-07  9.6530e-07  1.7332e-06  3.3761e-05 -1.3280e-01  2.0446e-02  4.1865e-01  0:00:04   35
   216  3.6214e-03  5.9342e-07  9.3305e-07  1.5470e-06  3.3506e-05 -1.3332e-01  2.0595e-02  4.2196e-01  0:00:10   34
   217  3.4571e-03  5.2555e-07  8.2648e-07  1.3173e-06  3.4770e-05 -1.3379e-01  2.0767e-02  4.2509e-01  0:00:08   33
   218  3.3612e-03  4.2556e-07  7.0121e-07  1.0949e-06  3.4895e-05 -1.3420e-01  2.0940e-02  4.2811e-01  0:00:06   32
   219  3.1042e-03  3.2277e-07  6.1023e-07  8.9613e-07  3.3376e-05 -1.3457e-01  2.1099e-02  4.3086e-01  0:00:05   31
   220  2.7205e-03  2.2919e-07  5.1514e-07  7.9433e-07  3.0825e-05 -1.3488e-01  2.1245e-02  4.3328e-01  0:00:03   30
   221  2.2854e-03  1.7028e-07  4.1562e-07  7.2826e-07  2.7543e-05 -1.3513e-01  2.1362e-02  4.3533e-01  0:00:03   29

  iter  continuity  x-velocity  y-velocity      energy         nut          mz          cx          cy     time/iter
   222  1.8986e-03  1.8471e-07  3.1952e-07  6.8906e-07  2.4130e-05 -1.3538e-01  2.1477e-02  4.3744e-01  0:00:02   28
   223  1.5479e-03  2.2731e-07  2.4729e-07  6.4978e-07  2.0641e-05 -1.3558e-01  2.1559e-02  4.3907e-01  0:00:07   27
   224  1.3870e-03  2.3133e-07  1.8940e-07  6.1172e-07  1.7654e-05 -1.3572e-01  2.1607e-02  4.4016e-01  0:00:05   26
   225  1.2913e-03  2.3117e-07  1.4064e-07  5.7035e-07  1.5415e-05 -1.3585e-01  2.1644e-02  4.4093e-01  0:00:04   25
   226  1.1879e-03  2.2278e-07  1.0463e-07  5.1818e-07  1.4060e-05 -1.3591e-01  2.1661e-02  4.4129e-01  0:00:03   24
   227  1.0825e-03  1.9629e-07  8.4249e-08  4.5547e-07  1.3402e-05 -1.3590e-01  2.1667e-02  4.4130e-01  0:00:02   23
   228  9.7558e-04  1.6725e-07  7.5638e-08  3.9256e-07  1.2895e-05 -1.3586e-01  2.1666e-02  4.4107e-01  0:00:02   22
   229  8.7315e-04  1.4382e-07  7.3092e-08  3.3723e-07  1.2382e-05 -1.3581e-01  2.1658e-02  4.4070e-01  0:00:01   21
   230  7.8452e-04  1.1871e-07  7.2863e-08  2.9086e-07  1.1824e-05 -1.3573e-01  2.1646e-02  4.4022e-01  0:00:05   20
   231  6.9586e-04  9.5526e-08  6.8863e-08  2.5571e-07  1.1138e-05 -1.3564e-01  2.1632e-02  4.3969e-01  0:00:04   19
   232  6.1042e-04  8.1279e-08  6.3207e-08  2.3367e-07  1.0469e-05 -1.3556e-01  2.1618e-02  4.3920e-01  0:00:03   18

  iter  continuity  x-velocity  y-velocity      energy         nut          mz          cx          cy     time/iter
   233  5.3322e-04  7.3205e-08  5.6056e-08  2.1602e-07  9.7313e-06 -1.3550e-01  2.1606e-02  4.3882e-01  0:00:02   17
   234  4.8095e-04  6.7942e-08  4.9002e-08  1.9865e-07  9.0057e-06 -1.3545e-01  2.1599e-02  4.3856e-01  0:00:02   16
   235  4.3710e-04  6.3567e-08  4.2520e-08  1.8090e-07  8.2988e-06 -1.3543e-01  2.1597e-02  4.3842e-01  0:00:01   15
   236  4.0565e-04  5.7219e-08  3.7758e-08  1.6414e-07  7.6694e-06 -1.3543e-01  2.1600e-02  4.3845e-01  0:00:01   14
   237  3.8743e-04  5.1812e-08  3.3797e-08  1.5060e-07  6.9605e-06 -1.3546e-01  2.1607e-02  4.3864e-01  0:00:03   13
   238  3.7348e-04  4.7151e-08  3.0342e-08  1.4186e-07  6.4695e-06 -1.3551e-01  2.1619e-02  4.3893e-01  0:00:02   12
   239  3.5220e-04  4.3900e-08  2.6741e-08  1.3526e-07  6.3061e-06 -1.3557e-01  2.1634e-02  4.3929e-01  0:00:02   11
   240  3.2560e-04  4.0906e-08  2.3526e-08  1.2982e-07  6.3347e-06 -1.3563e-01  2.1649e-02  4.3966e-01  0:00:01   10
   241  3.0371e-04  3.8346e-08  2.0505e-08  1.2399e-07  6.5688e-06 -1.3568e-01  2.1662e-02  4.3999e-01  0:00:01    9
   242  2.8059e-04  3.6520e-08  1.7856e-08  1.1889e-07  6.7343e-06 -1.3573e-01  2.1674e-02  4.4028e-01  0:00:01    8
   243  2.6553e-04  3.4899e-08  1.5665e-08  1.1439e-07  6.7572e-06 -1.3577e-01  2.1685e-02  4.4052e-01  0:00:02    7

  iter  continuity  x-velocity  y-velocity      energy         nut          mz          cx          cy     time/iter
   244  2.4596e-04  3.3336e-08  1.3978e-08  1.0924e-07  6.6697e-06 -1.3581e-01  2.1694e-02  4.4071e-01  0:00:01    6
   245  2.2997e-04  3.1577e-08  1.2566e-08  1.0331e-07  6.4840e-06 -1.3584e-01  2.1700e-02  4.4083e-01  0:00:01    5
   246  2.1569e-04  2.9781e-08  1.1319e-08  9.6881e-08  6.3450e-06 -1.3585e-01  2.1704e-02  4.4090e-01  0:00:01    4
   247  2.0251e-04  2.7733e-08  1.0153e-08  9.0252e-08  6.1781e-06 -1.3586e-01  2.1705e-02  4.4090e-01  0:00:00    3
   248  1.8929e-04  2.5675e-08  9.1171e-09  8.3879e-08  5.9429e-06 -1.3586e-01  2.1706e-02  4.4087e-01  0:00:00    2
   249  1.7806e-04  2.3586e-08  8.2740e-09  7.8189e-08  5.6667e-06 -1.3586e-01  2.1706e-02  4.4080e-01  0:00:00    1
   250  1.6849e-04  2.1572e-08  7.6438e-09  7.3421e-08  5.3087e-06 -1.3586e-01  2.1707e-02  4.4072e-01  0:00:00    0

  iter  continuity  x-velocity  y-velocity      energy         nut          mz          cx          cy     time/iter
   250  1.6849e-04  2.1572e-08  7.6438e-09  7.3421e-08  5.3087e-06 -1.3586e-01  2.1707e-02  4.4072e-01  0:00:11   50
   251  1.6021e-04  1.9611e-08  7.1919e-09  6.8938e-08  5.0178e-06 -1.3586e-01  2.1709e-02  4.4065e-01  0:00:08   49
   252  1.5134e-04  1.7724e-08  6.7262e-09  6.4391e-08  4.7474e-06 -1.3586e-01  2.1711e-02  4.4059e-01  0:00:16   48
   253  1.4208e-04  1.6122e-08  6.2118e-09  6.0242e-08  4.4979e-06 -1.3586e-01  2.1715e-02  4.4056e-01  0:00:13   47
   254  1.3262e-04  1.5006e-08  5.6847e-09  5.6106e-08  4.3690e-06 -1.3587e-01  2.1720e-02  4.4056e-01  0:00:10   46
   255  1.2290e-04  1.4021e-08  5.1426e-09  5.2554e-08  4.2411e-06 -1.3589e-01  2.1727e-02  4.4060e-01  0:00:08   45
   256  1.1378e-04  1.3127e-08  4.6223e-09  4.9662e-08  4.0621e-06 -1.3591e-01  2.1734e-02  4.4067e-01  0:00:06   44
   257  1.0571e-04  1.2386e-08  4.1588e-09  4.7125e-08  3.8767e-06 -1.3593e-01  2.1742e-02  4.4077e-01  0:00:05   43
   258  9.8629e-05  1.1729e-08  3.8212e-09  4.4965e-08  3.7290e-06 -1.3595e-01  2.1751e-02  4.4088e-01  0:00:04   42
   259  9.2405e-05  1.1091e-08  3.5412e-09  4.2867e-08  3.5100e-06 -1.3598e-01  2.1759e-02  4.4101e-01  0:00:11   41
   260  8.6664e-05  1.0490e-08  3.3531e-09  4.0781e-08  3.3354e-06 -1.3600e-01  2.1767e-02  4.4114e-01  0:00:09   40

  iter  continuity  x-velocity  y-velocity      energy         nut          mz          cx          cy     time/iter
   261  8.1206e-05  9.9382e-09  3.2188e-09  3.8935e-08  3.1623e-06 -1.3602e-01  2.1775e-02  4.4126e-01  0:00:07   39
   262  7.6467e-05  9.4190e-09  3.0924e-09  3.6917e-08  2.9959e-06 -1.3604e-01  2.1782e-02  4.4137e-01  0:00:05   38
   263  7.2160e-05  8.9107e-09  2.9837e-09  3.4954e-08  2.8399e-06 -1.3606e-01  2.1788e-02  4.4146e-01  0:00:04   37
   264  6.8262e-05  8.4296e-09  2.8628e-09  3.3042e-08  2.6957e-06 -1.3607e-01  2.1793e-02  4.4153e-01  0:00:03   36
   265  6.4667e-05  7.9668e-09  2.7082e-09  3.1002e-08  2.5641e-06 -1.3608e-01  2.1796e-02  4.4158e-01  0:00:02   35
   266  6.1389e-05  7.5274e-09  2.5310e-09  2.9132e-08  2.4411e-06 -1.3608e-01  2.1798e-02  4.4161e-01  0:00:09   34
   267  5.8145e-05  7.1094e-09  2.3437e-09  2.7398e-08  2.3234e-06 -1.3608e-01  2.1799e-02  4.4161e-01  0:00:07   33
   268  5.5075e-05  6.7366e-09  2.1556e-09  2.5781e-08  2.2298e-06 -1.3608e-01  2.1800e-02  4.4160e-01  0:00:05   32
   269  5.2428e-05  6.3965e-09  2.0083e-09  2.4360e-08  2.1257e-06 -1.3608e-01  2.1799e-02  4.4157e-01  0:00:04   31
   270  4.9948e-05  6.0658e-09  1.8973e-09  2.3062e-08  2.0133e-06 -1.3607e-01  2.1799e-02  4.4154e-01  0:00:03   30
   271  4.7741e-05  5.7475e-09  1.7968e-09  2.1798e-08  1.8937e-06 -1.3607e-01  2.1798e-02  4.4150e-01  0:00:08   29

  iter  continuity  x-velocity  y-velocity      energy         nut          mz          cx          cy     time/iter
   272  4.5590e-05  5.4329e-09  1.7013e-09  2.0547e-08  1.7638e-06 -1.3607e-01  2.1797e-02  4.4146e-01  0:00:06   28
   273  4.3466e-05  5.1126e-09  1.6136e-09  1.9439e-08  1.6393e-06 -1.3606e-01  2.1796e-02  4.4142e-01  0:00:05   27
   274  4.1082e-05  4.7947e-09  1.5419e-09  1.8248e-08  1.5171e-06 -1.3606e-01  2.1796e-02  4.4139e-01  0:00:04   26
   275  3.8881e-05  4.4827e-09  1.4498e-09  1.7147e-08  1.4012e-06 -1.3606e-01  2.1796e-02  4.4137e-01  0:00:03   25
   276  3.6663e-05  4.2044e-09  1.3442e-09  1.6039e-08  1.2993e-06 -1.3606e-01  2.1797e-02  4.4136e-01  0:00:02   24
   277  3.4535e-05  3.9645e-09  1.2365e-09  1.4909e-08  1.2106e-06 -1.3607e-01  2.1798e-02  4.4136e-01  0:00:02   23
   278  3.2494e-05  3.7453e-09  1.1338e-09  1.3956e-08  1.1343e-06 -1.3607e-01  2.1799e-02  4.4137e-01  0:00:06   22
   279  3.0605e-05  3.5401e-09  1.0465e-09  1.3118e-08  1.0635e-06 -1.3607e-01  2.1801e-02  4.4138e-01  0:00:04   21
   280  2.8881e-05  3.3507e-09  9.8314e-10  1.2381e-08  9.9784e-07 -1.3607e-01  2.1802e-02  4.4140e-01  0:00:03   20
   281  2.7256e-05  3.1749e-09  9.4604e-10  1.1715e-08  9.3466e-07 -1.3608e-01  2.1803e-02  4.4141e-01  0:00:03   19
   282  2.5793e-05  3.0030e-09  9.1023e-10  1.1026e-08  8.7559e-07 -1.3608e-01  2.1804e-02  4.4142e-01  0:00:02   18

  iter  continuity  x-velocity  y-velocity      energy         nut          mz          cx          cy     time/iter
   283  2.4475e-05  2.8347e-09  8.6577e-10  1.0409e-08  8.1373e-07 -1.3608e-01  2.1805e-02  4.4142e-01  0:00:01   17
   284  2.3211e-05  2.6670e-09  8.1160e-10  9.7480e-09  7.5000e-07 -1.3608e-01  2.1805e-02  4.4142e-01  0:00:04   16
   285  2.1939e-05  2.4996e-09  7.6199e-10  9.1661e-09  6.8135e-07 -1.3608e-01  2.1805e-02  4.4141e-01  0:00:03   15
   286  2.0726e-05  2.3442e-09  7.0952e-10  8.6662e-09  6.1229e-07 -1.3608e-01  2.1805e-02  4.4141e-01  0:00:02   14
   287  1.9496e-05  2.2105e-09  6.6317e-10  8.2227e-09  5.4162e-07 -1.3608e-01  2.1805e-02  4.4140e-01  0:00:02   13
   288  1.8413e-05  2.0926e-09  6.1975e-10  7.7458e-09  4.7225e-07 -1.3607e-01  2.1805e-02  4.4139e-01  0:00:01   12
   289  1.7362e-05  1.9830e-09  5.7129e-10  7.3087e-09  4.0625e-07 -1.3607e-01  2.1805e-02  4.4139e-01  0:00:01   11
   290  1.6406e-05  1.8859e-09  5.3075e-10  6.9089e-09  3.4535e-07 -1.3607e-01  2.1805e-02  4.4139e-01  0:00:03   10
   291  1.5509e-05  1.7938e-09  4.9337e-10  6.5566e-09  2.9078e-07 -1.3607e-01  2.1806e-02  4.4138e-01  0:00:02    9
   292  1.4646e-05  1.7079e-09  4.6362e-10  6.1725e-09  2.4141e-07 -1.3607e-01  2.1806e-02  4.4138e-01  0:00:01    8
   293  1.3857e-05  1.6204e-09  4.3000e-10  5.8454e-09  1.9977e-07 -1.3607e-01  2.1806e-02  4.4139e-01  0:00:01    7

  iter  continuity  x-velocity  y-velocity      energy         nut          mz          cx          cy     time/iter
   294  1.3104e-05  1.5404e-09  4.0860e-10  5.5411e-09  1.6464e-07 -1.3608e-01  2.1806e-02  4.4139e-01  0:00:01    6
   295  1.2393e-05  1.4643e-09  3.8943e-10  5.2624e-09  1.3654e-07 -1.3608e-01  2.1807e-02  4.4139e-01  0:00:01    5
   296  1.1744e-05  1.3917e-09  3.7270e-10  4.9894e-09  1.1567e-07 -1.3608e-01  2.1807e-02  4.4139e-01  0:00:01    4
   297  1.1126e-05  1.3257e-09  3.5602e-10  4.7082e-09  1.0120e-07 -1.3608e-01  2.1807e-02  4.4140e-01  0:00:01    3
   298  1.0546e-05  1.2587e-09  3.3722e-10  4.4451e-09  9.2914e-08 -1.3608e-01  2.1807e-02  4.4140e-01  0:00:00    2
   299  9.9656e-06  1.1972e-09  3.2408e-10  4.1948e-09  8.7596e-08 -1.3608e-01  2.1808e-02  4.4140e-01  0:00:00    1
   300  9.4404e-06  1.1358e-09  3.1150e-10  3.9628e-09  8.5117e-08 -1.3608e-01  2.1808e-02  4.4140e-01  0:00:00    0

  iter  continuity  x-velocity  y-velocity      energy         nut          mz          cx          cy     time/iter
   300  9.4404e-06  1.1358e-09  3.1150e-10  3.9628e-09  8.5117e-08 -1.3608e-01  2.1808e-02  4.4140e-01  0:00:15   50
   301  3.3191e-02  1.0788e-09  3.0417e-10  4.6035e-06  7.0658e-05 -1.3531e-01  2.1702e-02  4.3470e-01  0:00:21   49
   302  3.4463e-02  1.3683e-06  1.0106e-05  5.6449e-06  2.7161e-04 -1.3300e-01  2.1637e-02  4.1734e-01  0:00:17   48
   303  1.9646e-02  9.8530e-07  1.2197e-05  4.8778e-06  4.6650e-04 -1.3002e-01  2.1417e-02  3.9288e-01  0:00:13   47
   304  1.1429e-02  1.4586e-06  1.2509e-05  4.3283e-06  5.8738e-04 -1.2686e-01  2.1052e-02  3.6500e-01  0:00:10   46
   305  1.3124e-02  1.6083e-06  1.1885e-05  5.1071e-06  6.2584e-04 -1.2385e-01  2.0556e-02  3.3623e-01  0:00:08   45
   306  1.6852e-02  1.5653e-06  1.0522e-05  5.3606e-06  5.8144e-04 -1.2155e-01  1.9914e-02  3.0939e-01  0:00:06   44
   307  1.9128e-02  1.4100e-06  8.6985e-06  5.2319e-06  4.9794e-04 -1.1998e-01  1.9272e-02  2.8540e-01  0:00:05   43
   308  1.8445e-02  1.1741e-06  7.0555e-06  4.7662e-06  4.1380e-04 -1.1922e-01  1.8594e-02  2.6595e-01  0:00:12   42
   309  1.7067e-02  9.1979e-07  5.8456e-06  4.3603e-06  3.4849e-04 -1.1925e-01  1.8076e-02  2.5124e-01  0:00:10   41
   310  1.5425e-02  7.6752e-07  4.5645e-06  4.2149e-06  2.9616e-04 -1.1990e-01  1.7652e-02  2.4151e-01  0:00:07   40

  iter  continuity  x-velocity  y-velocity      energy         nut          mz          cx          cy     time/iter
   311  1.3544e-02  7.7516e-07  3.3144e-06  4.1122e-06  2.5068e-04 -1.2085e-01  1.7325e-02  2.3560e-01  0:00:06   39
   312  1.1564e-02  8.9475e-07  2.2667e-06  3.9687e-06  2.1102e-04 -1.2205e-01  1.7128e-02  2.3353e-01  0:00:05   38
   313  9.4215e-03  1.0288e-06  1.6461e-06  3.7874e-06  1.8005e-04 -1.2332e-01  1.7051e-02  2.3411e-01  0:00:04   37
   314  7.5290e-03  1.1283e-06  1.7158e-06  3.6048e-06  1.6217e-04 -1.2454e-01  1.7088e-02  2.3693e-01  0:00:03   36
   315  6.3017e-03  1.1223e-06  1.8434e-06  3.3196e-06  1.7207e-04 -1.2562e-01  1.7204e-02  2.4110e-01  0:00:02   35
   316  5.6054e-03  1.0617e-06  1.7692e-06  2.9446e-06  1.9003e-04 -1.2657e-01  1.7367e-02  2.4623e-01  0:00:08   34
   317  5.3269e-03  9.4769e-07  1.5542e-06  2.5190e-06  1.9684e-04 -1.2731e-01  1.7536e-02  2.5187e-01  0:00:07   33
   318  5.2189e-03  7.5551e-07  1.3093e-06  2.1022e-06  1.9105e-04 -1.2790e-01  1.7730e-02  2.5736e-01  0:00:05   32
   319  4.7671e-03  5.6196e-07  1.1441e-06  1.7388e-06  1.7590e-04 -1.2824e-01  1.7867e-02  2.6247e-01  0:00:04   31
   320  4.1637e-03  3.8867e-07  9.5504e-07  1.5463e-06  1.5418e-04 -1.2845e-01  1.7992e-02  2.6711e-01  0:00:03   30
   321  3.4692e-03  2.9070e-07  7.6562e-07  1.4650e-06  1.3162e-04 -1.2838e-01  1.8079e-02  2.7195e-01  0:00:02   29

  iter  continuity  x-velocity  y-velocity      energy         nut          mz          cx          cy     time/iter
   322  2.7798e-03  3.2781e-07  5.8766e-07  1.3656e-06  1.0934e-04 -1.2823e-01  1.8161e-02  2.7533e-01  0:00:07   28
   323  2.3223e-03  4.0345e-07  4.5812e-07  1.2851e-06  8.9031e-05 -1.2802e-01  1.8169e-02  2.7745e-01  0:00:06   27
   324  2.1052e-03  4.1735e-07  3.5013e-07  1.2181e-06  7.1278e-05 -1.2779e-01  1.8133e-02  2.7870e-01  0:00:04   26
   325  1.9691e-03  4.2070e-07  2.5881e-07  1.1333e-06  5.9269e-05 -1.2760e-01  1.8075e-02  2.7909e-01  0:00:03   25
   326  1.8512e-03  4.0686e-07  1.9274e-07  1.0290e-06  5.2546e-05 -1.2745e-01  1.8031e-02  2.7885e-01  0:00:03   24
   327  1.7381e-03  3.5270e-07  1.5410e-07  9.0118e-07  5.0085e-05 -1.2728e-01  1.7983e-02  2.7806e-01  0:00:02   23
   328  1.5761e-03  3.0467e-07  1.3459e-07  7.8725e-07  4.8902e-05 -1.2713e-01  1.7949e-02  2.7685e-01  0:00:06   22
   329  1.4342e-03  2.5309e-07  1.3259e-07  6.7404e-07  4.8210e-05 -1.2705e-01  1.7932e-02  2.7562e-01  0:00:05   21
   330  1.2962e-03  2.0531e-07  1.3154e-07  5.7920e-07  4.7849e-05 -1.2700e-01  1.7930e-02  2.7440e-01  0:00:03   20
   331  1.1351e-03  1.6636e-07  1.2306e-07  5.1746e-07  4.6876e-05 -1.2701e-01  1.7957e-02  2.7335e-01  0:00:03   19
   332  9.8284e-04  1.4005e-07  1.1189e-07  4.7055e-07  4.4962e-05 -1.2705e-01  1.7987e-02  2.7265e-01  0:00:02   18

  iter  continuity  x-velocity  y-velocity      energy         nut          mz          cx          cy     time/iter
   333  8.5811e-04  1.2471e-07  9.9087e-08  4.3408e-07  4.2584e-05 -1.2710e-01  1.8013e-02  2.7229e-01  0:00:02   17
   334  7.6361e-04  1.1635e-07  8.5992e-08  3.9975e-07  3.9332e-05 -1.2719e-01  1.8053e-02  2.7223e-01  0:00:01   16
   335  6.9605e-04  1.0865e-07  7.4696e-08  3.6681e-07  3.5651e-05 -1.2730e-01  1.8093e-02  2.7250e-01  0:00:04   15
   336  6.5459e-04  9.9637e-08  6.7427e-08  3.3773e-07  3.1709e-05 -1.2740e-01  1.8132e-02  2.7301e-01  0:00:03   14
   337  6.2361e-04  8.8535e-08  6.0844e-08  3.1074e-07  2.7600e-05 -1.2745e-01  1.8160e-02  2.7366e-01  0:00:02   13
   338  5.9391e-04  8.0349e-08  5.4754e-08  2.8758e-07  2.3569e-05 -1.2753e-01  1.8197e-02  2.7434e-01  0:00:02   12
   339  5.6301e-04  7.2659e-08  4.9088e-08  2.7051e-07  1.9873e-05 -1.2758e-01  1.8225e-02  2.7507e-01  0:00:01   11
   340  5.3690e-04  6.6990e-08  4.3241e-08  2.5683e-07  1.6629e-05 -1.2762e-01  1.8244e-02  2.7576e-01  0:00:01   10
   341  5.0926e-04  6.3107e-08  3.8053e-08  2.4354e-07  1.3934e-05 -1.2762e-01  1.8252e-02  2.7635e-01  0:00:01    9
   342  4.8076e-04  6.0976e-08  3.3498e-08  2.3228e-07  1.1832e-05 -1.2757e-01  1.8243e-02  2.7676e-01  0:00:02    8
   343  4.4237e-04  5.8234e-08  2.9572e-08  2.2151e-07  1.0335e-05 -1.2750e-01  1.8229e-02  2.7697e-01  0:00:01    7

  iter  continuity  x-velocity  y-velocity      energy         nut          mz          cx          cy     time/iter
   344  4.0922e-04  5.5811e-08  2.6368e-08  2.1045e-07  9.3174e-06 -1.2742e-01  1.8211e-02  2.7699e-01  0:00:01    6
   345  3.8148e-04  5.3369e-08  2.3506e-08  1.9958e-07  8.7937e-06 -1.2734e-01  1.8190e-02  2.7682e-01  0:00:01    5
   346  3.5534e-04  5.0836e-08  2.0876e-08  1.9300e-07  8.9615e-06 -1.2726e-01  1.8165e-02  2.7639e-01  0:00:00    4
   347  3.3409e-04  4.8570e-08  1.9344e-08  1.8695e-07  9.9003e-06 -1.2720e-01  1.8142e-02  2.7582e-01  0:00:00    3
   348  3.1835e-04  4.5115e-08  1.8853e-08  1.7765e-07  1.0879e-05 -1.2716e-01  1.8124e-02  2.7523e-01  0:00:00    2
   349  3.0637e-04  4.1571e-08  1.8504e-08  1.6370e-07  1.1601e-05 -1.2714e-01  1.8111e-02  2.7475e-01  0:00:00    1
   350  2.9482e-04  3.7852e-08  1.7624e-08  1.5140e-07  1.2065e-05 -1.2713e-01  1.8105e-02  2.7433e-01  0:00:00    0

  iter  continuity  x-velocity  y-velocity      energy         nut          mz          cx          cy     time/iter
   350  2.9482e-04  3.7852e-08  1.7624e-08  1.5140e-07  1.2065e-05 -1.2713e-01  1.8105e-02  2.7433e-01  0:00:10   50
   351  2.8095e-04  3.4248e-08  1.6745e-08  1.4126e-07  1.2162e-05 -1.2714e-01  1.8102e-02  2.7397e-01  0:00:08   49
   352  2.6589e-04  3.0965e-08  1.5707e-08  1.3129e-07  1.1992e-05 -1.2716e-01  1.8103e-02  2.7373e-01  0:00:06   48
   353  2.4926e-04  2.8434e-08  1.4345e-08  1.2156e-07  1.1541e-05 -1.2720e-01  1.8106e-02  2.7360e-01  0:00:05   47
   354  2.3253e-04  2.6665e-08  1.2781e-08  1.1283e-07  1.0853e-05 -1.2724e-01  1.8113e-02  2.7360e-01  0:00:04   46
   355  2.1635e-04  2.4926e-08  1.1208e-08  1.0566e-07  1.0043e-05 -1.2730e-01  1.8125e-02  2.7371e-01  0:00:03   45
   356  2.0244e-04  2.3530e-08  9.8890e-09  1.0045e-07  9.2139e-06 -1.2735e-01  1.8138e-02  2.7391e-01  0:00:02   44
   357  1.9121e-04  2.2416e-08  8.9418e-09  9.6962e-08  8.3902e-06 -1.2741e-01  1.8151e-02  2.7417e-01  0:00:10   43
   358  1.8105e-04  2.1575e-08  8.3604e-09  9.4015e-08  7.6202e-06 -1.2745e-01  1.8163e-02  2.7448e-01  0:00:08   42
   359  1.7207e-04  2.0760e-08  8.1143e-09  9.1234e-08  6.9157e-06 -1.2749e-01  1.8174e-02  2.7480e-01  0:00:06   41
   360  1.6329e-04  1.9718e-08  8.0538e-09  8.8308e-08  6.2885e-06 -1.2752e-01  1.8183e-02  2.7512e-01  0:00:05   40

  iter  continuity  x-velocity  y-velocity      energy         nut          mz          cx          cy     time/iter
   361  1.5539e-04  1.8767e-08  8.0546e-09  8.4915e-08  5.7330e-06 -1.2753e-01  1.8190e-02  2.7542e-01  0:00:04   39
   362  1.4821e-04  1.7813e-08  7.9693e-09  8.0461e-08  5.2178e-06 -1.2753e-01  1.8193e-02  2.7566e-01  0:00:03   38
   363  1.4116e-04  1.6652e-08  7.6417e-09  7.5932e-08  4.7428e-06 -1.2752e-01  1.8195e-02  2.7583e-01  0:00:02   37
   364  1.3429e-04  1.5694e-08  7.1828e-09  7.1612e-08  4.3317e-06 -1.2751e-01  1.8194e-02  2.7595e-01  0:00:09   36
   365  1.2757e-04  1.4936e-08  6.5830e-09  6.7580e-08  3.9906e-06 -1.2748e-01  1.8193e-02  2.7600e-01  0:00:07   35
   366  1.2103e-04  1.4254e-08  5.9150e-09  6.3925e-08  3.7263e-06 -1.2746e-01  1.8190e-02  2.7600e-01  0:00:05   34
   367  1.1496e-04  1.3607e-08  5.2259e-09  6.0774e-08  3.5170e-06 -1.2743e-01  1.8186e-02  2.7595e-01  0:00:04   33
   368  1.0966e-04  1.2979e-08  4.7626e-09  5.8033e-08  3.2958e-06 -1.2740e-01  1.8182e-02  2.7586e-01  0:00:03   32
   369  1.0511e-04  1.2356e-08  4.5078e-09  5.5530e-08  3.0495e-06 -1.2738e-01  1.8179e-02  2.7574e-01  0:00:03   31
   370  1.0157e-04  1.1739e-08  4.3600e-09  5.3046e-08  2.8000e-06 -1.2736e-01  1.8175e-02  2.7561e-01  0:00:02   30
   371  9.7994e-05  1.1117e-08  4.2310e-09  5.0565e-08  2.5544e-06 -1.2734e-01  1.8173e-02  2.7548e-01  0:00:07   29

  iter  continuity  x-velocity  y-velocity      energy         nut          mz          cx          cy     time/iter
   372  9.4198e-05  1.0481e-08  4.1799e-09  4.8073e-08  2.3034e-06 -1.2733e-01  1.8171e-02  2.7535e-01  0:00:06   28
   373  9.0162e-05  9.8244e-09  4.1163e-09  4.5529e-08  2.0700e-06 -1.2732e-01  1.8170e-02  2.7525e-01  0:00:04   27
   374  8.5947e-05  9.1748e-09  4.0182e-09  4.3017e-08  1.8448e-06 -1.2732e-01  1.8170e-02  2.7516e-01  0:00:03   26
   375  8.1676e-05  8.6177e-09  3.8576e-09  4.0651e-08  1.6356e-06 -1.2733e-01  1.8171e-02  2.7511e-01  0:00:03   25
   376  7.7485e-05  8.2609e-09  3.6243e-09  3.8328e-08  1.4459e-06 -1.2734e-01  1.8173e-02  2.7508e-01  0:00:02   24
   377  7.3441e-05  7.9665e-09  3.3321e-09  3.6232e-08  1.2922e-06 -1.2735e-01  1.8174e-02  2.7508e-01  0:00:02   23
   378  6.9518e-05  7.6835e-09  3.0191e-09  3.4463e-08  1.1884e-06 -1.2736e-01  1.8176e-02  2.7510e-01  0:00:06   22
   379  6.5822e-05  7.4114e-09  2.7393e-09  3.2942e-08  1.1327e-06 -1.2737e-01  1.8177e-02  2.7514e-01  0:00:04   21
   380  6.2600e-05  7.1397e-09  2.5680e-09  3.1498e-08  1.1295e-06 -1.2738e-01  1.8179e-02  2.7518e-01  0:00:03   20
   381  5.9878e-05  6.8412e-09  2.4953e-09  3.0042e-08  1.1595e-06 -1.2739e-01  1.8179e-02  2.7523e-01  0:00:02   19
   382  5.7697e-05  6.5209e-09  2.4225e-09  2.8570e-08  1.2131e-06 -1.2740e-01  1.8180e-02  2.7528e-01  0:00:02   18

  iter  continuity  x-velocity  y-velocity      energy         nut          mz          cx          cy     time/iter
   383  5.5511e-05  6.1642e-09  2.3658e-09  2.6765e-08  1.2637e-06 -1.2741e-01  1.8180e-02  2.7531e-01  0:00:05   17
   384  5.3482e-05  5.7612e-09  2.2684e-09  2.5513e-08  1.3165e-06 -1.2741e-01  1.8179e-02  2.7535e-01  0:00:04   16
   385  5.1134e-05  5.4833e-09  2.1938e-09  2.4429e-08  1.3548e-06 -1.2742e-01  1.8179e-02  2.7537e-01  0:00:03   15
   386  4.8839e-05  5.2223e-09  2.0717e-09  2.3300e-08  1.3840e-06 -1.2742e-01  1.8178e-02  2.7539e-01  0:00:02   14
   387  4.6612e-05  5.0091e-09  1.9265e-09  2.2163e-08  1.4040e-06 -1.2742e-01  1.8177e-02  2.7539e-01  0:00:02   13
   388  4.4381e-05  4.8236e-09  1.7758e-09  2.1153e-08  1.4158e-06 -1.2742e-01  1.8176e-02  2.7539e-01  0:00:01   12
   389  4.2248e-05  4.6573e-09  1.6289e-09  2.0298e-08  1.4186e-06 -1.2742e-01  1.8175e-02  2.7538e-01  0:00:01   11
   390  4.0379e-05  4.5074e-09  1.5020e-09  1.9564e-08  1.4098e-06 -1.2742e-01  1.8174e-02  2.7536e-01  0:00:03   10
   391  3.8615e-05  4.3711e-09  1.4137e-09  1.8828e-08  1.3871e-06 -1.2742e-01  1.8173e-02  2.7535e-01  0:00:02    9
   392  3.7035e-05  4.2107e-09  1.3573e-09  1.8040e-08  1.3474e-06 -1.2742e-01  1.8173e-02  2.7533e-01  0:00:01    8
   393  3.5513e-05  4.0134e-09  1.2990e-09  1.7206e-08  1.2896e-06 -1.2742e-01  1.8172e-02  2.7532e-01  0:00:01    7

  iter  continuity  x-velocity  y-velocity      energy         nut          mz          cx          cy     time/iter
   394  3.4078e-05  3.7900e-09  1.2386e-09  1.6326e-08  1.2153e-06 -1.2742e-01  1.8173e-02  2.7531e-01  0:00:01    6
   395  3.2605e-05  3.5572e-09  1.1855e-09  1.5459e-08  1.1284e-06 -1.2742e-01  1.8173e-02  2.7531e-01  0:00:00    5
   396  3.1148e-05  3.3419e-09  1.1365e-09  1.4675e-08  1.0327e-06 -1.2742e-01  1.8174e-02  2.7531e-01  0:00:00    4
   397  2.9707e-05  3.1471e-09  1.0958e-09  1.4008e-08  9.3224e-07 -1.2743e-01  1.8174e-02  2.7532e-01  0:00:01    3
   398  2.8289e-05  3.0013e-09  1.0447e-09  1.3477e-08  8.3230e-07 -1.2743e-01  1.8175e-02  2.7533e-01  0:00:00    2
   399  2.6973e-05  2.8758e-09  9.9078e-10  1.2999e-08  7.3821e-07 -1.2743e-01  1.8176e-02  2.7534e-01  0:00:00    1
   400  2.5734e-05  2.7729e-09  9.5580e-10  1.2529e-08  6.5316e-07 -1.2743e-01  1.8177e-02  2.7536e-01  0:00:00    0

  iter  continuity  x-velocity  y-velocity      energy         nut          mz          cx          cy     time/iter
   400  2.5734e-05  2.7729e-09  9.5580e-10  1.2529e-08  6.5316e-07 -1.2743e-01  1.8177e-02  2.7536e-01  0:00:07   50
   401  2.0354e-02  2.6751e-09  9.3116e-10  3.2276e-06  1.2983e-04 -1.2783e-01  1.8205e-02  2.7959e-01  0:00:05   49
   402  2.1035e-02  8.7580e-07  6.8286e-06  3.8717e-06  4.8205e-04 -1.2922e-01  1.8202e-02  2.9066e-01  0:00:04   48
   403  1.1992e-02  6.5219e-07  8.1545e-06  3.3228e-06  7.7475e-04 -1.3102e-01  1.8291e-02  3.0639e-01  0:00:13   47
   404  6.9671e-03  9.0750e-07  8.2943e-06  2.8790e-06  9.5471e-04 -1.3283e-01  1.8480e-02  3.2440e-01  0:00:10   46
   405  8.0004e-03  1.0132e-06  7.8127e-06  3.3743e-06  1.0211e-03 -1.3436e-01  1.8802e-02  3.4249e-01  0:00:08   45
   406  1.0419e-02  1.0193e-06  6.8779e-06  3.5676e-06  9.7843e-04 -1.3554e-01  1.9186e-02  3.5960e-01  0:00:06   44
   407  1.1535e-02  9.1811e-07  5.6705e-06  3.4672e-06  8.5845e-04 -1.3637e-01  1.9678e-02  3.7434e-01  0:00:05   43
   408  1.1104e-02  7.5170e-07  4.5876e-06  3.2114e-06  7.0473e-04 -1.3674e-01  2.0197e-02  3.8643e-01  0:00:04   42
   409  1.0333e-02  5.7743e-07  3.7609e-06  2.9013e-06  5.4470e-04 -1.3678e-01  2.0658e-02  3.9527e-01  0:00:03   41
   410  9.5103e-03  4.8463e-07  2.9618e-06  2.7978e-06  4.0356e-04 -1.3666e-01  2.1045e-02  4.0109e-01  0:00:10   40

  iter  continuity  x-velocity  y-velocity      energy         nut          mz          cx          cy     time/iter
   411  8.3509e-03  5.0242e-07  2.1186e-06  2.7273e-06  2.8747e-04 -1.3637e-01  2.1373e-02  4.0431e-01  0:00:08   39
   412  7.1338e-03  5.7900e-07  1.4300e-06  2.6413e-06  2.0146e-04 -1.3600e-01  2.1596e-02  4.0534e-01  0:00:06   38
   413  5.8502e-03  6.5185e-07  1.0508e-06  2.5277e-06  1.4517e-04 -1.3552e-01  2.1691e-02  4.0473e-01  0:00:05   37
   414  4.6643e-03  7.1863e-07  1.0944e-06  2.3896e-06  1.2102e-04 -1.3508e-01  2.1711e-02  4.0293e-01  0:00:04   36
   415  3.8283e-03  7.2150e-07  1.1588e-06  2.2154e-06  1.2311e-04 -1.3461e-01  2.1644e-02  4.0030e-01  0:00:03   35
   416  3.4261e-03  6.7155e-07  1.1017e-06  1.9892e-06  1.2849e-04 -1.3418e-01  2.1530e-02  3.9717e-01  0:00:02   34
   417  3.3042e-03  5.9807e-07  9.6744e-07  1.7030e-06  1.2726e-04 -1.3376e-01  2.1384e-02  3.9398e-01  0:00:08   33
   418  3.2507e-03  4.9389e-07  8.1987e-07  1.4313e-06  1.1798e-04 -1.3338e-01  2.1238e-02  3.9074e-01  0:00:06   32
   419  2.9604e-03  3.6574e-07  7.0435e-07  1.1912e-06  1.0428e-04 -1.3303e-01  2.1087e-02  3.8775e-01  0:00:05   31
   420  2.6375e-03  2.5594e-07  5.8830e-07  1.0465e-06  8.7939e-05 -1.3267e-01  2.0939e-02  3.8491e-01  0:00:04   30
   421  2.2188e-03  1.9376e-07  4.7345e-07  9.8571e-07  7.2916e-05 -1.3231e-01  2.0787e-02  3.8151e-01  0:00:03   29

  iter  continuity  x-velocity  y-velocity      energy         nut          mz          cx          cy     time/iter
   422  1.8064e-03  2.1195e-07  3.6171e-07  9.0691e-07  5.9873e-05 -1.3202e-01  2.0675e-02  3.7888e-01  0:00:02   28
   423  1.5263e-03  2.5222e-07  2.7649e-07  8.4336e-07  4.8431e-05 -1.3182e-01  2.0599e-02  3.7689e-01  0:00:02   27
   424  1.4101e-03  2.6215e-07  2.1146e-07  7.9103e-07  4.0147e-05 -1.3168e-01  2.0552e-02  3.7556e-01  0:00:07   26
   425  1.3334e-03  2.6625e-07  1.5827e-07  7.3336e-07  3.4610e-05 -1.3159e-01  2.0516e-02  3.7480e-01  0:00:05   25
   426  1.2656e-03  2.4823e-07  1.1981e-07  6.6147e-07  3.1282e-05 -1.3156e-01  2.0491e-02  3.7447e-01  0:00:04   24
   427  1.1644e-03  2.2286e-07  9.7419e-08  5.7979e-07  2.8864e-05 -1.3157e-01  2.0473e-02  3.7454e-01  0:00:03   23
   428  1.0589e-03  1.8969e-07  8.5885e-08  5.0102e-07  2.7092e-05 -1.3165e-01  2.0469e-02  3.7502e-01  0:00:02   22
   429  9.3934e-04  1.6338e-07  8.3192e-08  4.2881e-07  2.5128e-05 -1.3175e-01  2.0477e-02  3.7569e-01  0:00:02   21
   430  8.3648e-04  1.3156e-07  8.1374e-08  3.7048e-07  2.3090e-05 -1.3186e-01  2.0489e-02  3.7648e-01  0:00:05   20
   431  7.4314e-04  1.0852e-07  7.6651e-08  3.2929e-07  2.1010e-05 -1.3198e-01  2.0501e-02  3.7736e-01  0:00:04   19
   432  6.5980e-04  9.1379e-08  6.9824e-08  2.9922e-07  1.8635e-05 -1.3209e-01  2.0514e-02  3.7817e-01  0:00:03   18

  iter  continuity  x-velocity  y-velocity      energy         nut          mz          cx          cy     time/iter
   433  5.8303e-04  7.8991e-08  6.1589e-08  2.7902e-07  1.6210e-05 -1.3219e-01  2.0524e-02  3.7890e-01  0:00:02   17
   434  5.1729e-04  7.3206e-08  5.3275e-08  2.5987e-07  1.3764e-05 -1.3227e-01  2.0533e-02  3.7953e-01  0:00:02   16
   435  4.6598e-04  6.8977e-08  4.6119e-08  2.4017e-07  1.1352e-05 -1.3234e-01  2.0541e-02  3.8006e-01  0:00:01   15
   436  4.3080e-04  6.4667e-08  4.0864e-08  2.2026e-07  9.1865e-06 -1.3239e-01  2.0546e-02  3.8043e-01  0:00:04   14
   437  4.0314e-04  5.9177e-08  3.6242e-08  2.0107e-07  7.3452e-06 -1.3241e-01  2.0548e-02  3.8064e-01  0:00:03   13
   438  3.7917e-04  5.3781e-08  3.2040e-08  1.8445e-07  5.8277e-06 -1.3241e-01  2.0546e-02  3.8069e-01  0:00:02   12
   439  3.5857e-04  4.8740e-08  2.8231e-08  1.7099e-07  4.7054e-06 -1.3239e-01  2.0543e-02  3.8063e-01  0:00:02   11
   440  3.3823e-04  4.4055e-08  2.4763e-08  1.6168e-07  3.9665e-06 -1.3235e-01  2.0536e-02  3.8046e-01  0:00:01   10
   441  3.1956e-04  4.0571e-08  2.1606e-08  1.5314e-07  3.4653e-06 -1.3232e-01  2.0532e-02  3.8027e-01  0:00:01    9
   442  3.0111e-04  3.8100e-08  1.8885e-08  1.4526e-07  3.1977e-06 -1.3229e-01  2.0529e-02  3.8007e-01  0:00:01    8
   443  2.8296e-04  3.5960e-08  1.6574e-08  1.3793e-07  3.0517e-06 -1.3226e-01  2.0528e-02  3.7988e-01  0:00:02    7

  iter  continuity  x-velocity  y-velocity      energy         nut          mz          cx          cy     time/iter
   444  2.6587e-04  3.3792e-08  1.4768e-08  1.3037e-07  2.7934e-06 -1.3223e-01  2.0529e-02  3.7972e-01  0:00:01    6
   445  2.5015e-04  3.1837e-08  1.3459e-08  1.2248e-07  2.4675e-06 -1.3221e-01  2.0532e-02  3.7961e-01  0:00:01    5
   446  2.3569e-04  2.9920e-08  1.2309e-08  1.1432e-07  2.1424e-06 -1.3220e-01  2.0535e-02  3.7956e-01  0:00:01    4
   447  2.2186e-04  2.7859e-08  1.1283e-08  1.0639e-07  1.8822e-06 -1.3219e-01  2.0539e-02  3.7956e-01  0:00:00    3
   448  2.0841e-04  2.5779e-08  1.0362e-08  9.9399e-08  1.7219e-06 -1.3219e-01  2.0543e-02  3.7960e-01  0:00:00    2
   449  1.9612e-04  2.3801e-08  9.5510e-09  9.3458e-08  1.7066e-06 -1.3220e-01  2.0547e-02  3.7968e-01  0:00:00    1
   450  1.8580e-04  2.1952e-08  8.8101e-09  8.8547e-08  1.7842e-06 -1.3220e-01  2.0551e-02  3.7978e-01  0:00:00    0

  iter  continuity  x-velocity  y-velocity      energy         nut          mz          cx          cy     time/iter
   450  1.8580e-04  2.1952e-08  8.8101e-09  8.8547e-08  1.7842e-06 -1.3220e-01  2.0551e-02  3.7978e-01  0:00:13   50
   451  1.7625e-04  2.0390e-08  8.1736e-09  8.4138e-08  1.8907e-06 -1.3221e-01  2.0553e-02  3.7989e-01  0:00:10   49
   452  1.6700e-04  1.8956e-08  7.6404e-09  7.9829e-08  2.0221e-06 -1.3221e-01  2.0554e-02  3.7999e-01  0:00:08   48
   453  1.5795e-04  1.7703e-08  7.1305e-09  7.5252e-08  2.0699e-06 -1.3222e-01  2.0553e-02  3.8007e-01  0:00:06   47
   454  1.4930e-04  1.6601e-08  6.6057e-09  7.0527e-08  2.0341e-06 -1.3222e-01  2.0551e-02  3.8013e-01  0:00:14   46
   455  1.4083e-04  1.5633e-08  6.0727e-09  6.6213e-08  1.9221e-06 -1.3222e-01  2.0547e-02  3.8015e-01  0:00:11   45
   456  1.3270e-04  1.4791e-08  5.5455e-09  6.2285e-08  1.7568e-06 -1.3221e-01  2.0542e-02  3.8015e-01  0:00:09   44
   457  1.2496e-04  1.4017e-08  5.0636e-09  5.8860e-08  1.5641e-06 -1.3221e-01  2.0536e-02  3.8011e-01  0:00:07   43
   458  1.1821e-04  1.3308e-08  4.6410e-09  5.6130e-08  1.3617e-06 -1.3220e-01  2.0529e-02  3.8004e-01  0:00:14   42
   459  1.1234e-04  1.2698e-08  4.3337e-09  5.3788e-08  1.1600e-06 -1.3219e-01  2.0522e-02  3.7995e-01  0:00:11   41
   460  1.0657e-04  1.2147e-08  4.1331e-09  5.1719e-08  9.7684e-07 -1.3218e-01  2.0515e-02  3.7985e-01  0:00:08   40

  iter  continuity  x-velocity  y-velocity      energy         nut          mz          cx          cy     time/iter
   461  1.0142e-04  1.1605e-08  4.0169e-09  4.9605e-08  8.3294e-07 -1.3217e-01  2.0510e-02  3.7974e-01  0:00:06   39
   462  9.6346e-05  1.1075e-08  3.9314e-09  4.7380e-08  7.4223e-07 -1.3216e-01  2.0505e-02  3.7963e-01  0:00:05   38
   463  9.1575e-05  1.0538e-08  3.8392e-09  4.5075e-08  7.0011e-07 -1.3215e-01  2.0501e-02  3.7953e-01  0:00:04   37
   464  8.6871e-05  9.9839e-09  3.7221e-09  4.2769e-08  6.9869e-07 -1.3215e-01  2.0499e-02  3.7944e-01  0:00:03   36
   465  8.2497e-05  9.4270e-09  3.5782e-09  4.0312e-08  7.1715e-07 -1.3215e-01  2.0498e-02  3.7937e-01  0:00:09   35
   466  7.8451e-05  8.8860e-09  3.3817e-09  3.7999e-08  7.1569e-07 -1.3215e-01  2.0498e-02  3.7933e-01  0:00:07   34
   467  7.4495e-05  8.3641e-09  3.1384e-09  3.5942e-08  6.9531e-07 -1.3216e-01  2.0499e-02  3.7932e-01  0:00:06   33
   468  7.0581e-05  7.9014e-09  2.8843e-09  3.4205e-08  6.6156e-07 -1.3217e-01  2.0501e-02  3.7933e-01  0:00:04   32
   469  6.7167e-05  7.5417e-09  2.6870e-09  3.2658e-08  6.2022e-07 -1.3217e-01  2.0503e-02  3.7936e-01  0:00:03   31
   470  6.4010e-05  7.2330e-09  2.5269e-09  3.1402e-08  5.7942e-07 -1.3218e-01  2.0506e-02  3.7940e-01  0:00:03   30
   471  6.1190e-05  6.9400e-09  2.4206e-09  3.0155e-08  5.5817e-07 -1.3219e-01  2.0508e-02  3.7945e-01  0:00:02   29

  iter  continuity  x-velocity  y-velocity      energy         nut          mz          cx          cy     time/iter
   472  5.8900e-05  6.6699e-09  2.3365e-09  2.8957e-08  5.7043e-07 -1.3219e-01  2.0510e-02  3.7951e-01  0:00:07   28
   473  5.6784e-05  6.4090e-09  2.2718e-09  2.7691e-08  5.9583e-07 -1.3220e-01  2.0513e-02  3.7956e-01  0:00:06   27
   474  5.4683e-05  6.1650e-09  2.2188e-09  2.6369e-08  6.2303e-07 -1.3220e-01  2.0514e-02  3.7961e-01  0:00:04   26
   475  5.2482e-05  5.8842e-09  2.1560e-09  2.5008e-08  6.4704e-07 -1.3220e-01  2.0515e-02  3.7966e-01  0:00:03   25
   476  5.0111e-05  5.5887e-09  2.0711e-09  2.3296e-08  6.5822e-07 -1.3220e-01  2.0516e-02  3.7968e-01  0:00:03   24
   477  4.7824e-05  5.2719e-09  1.9243e-09  2.1873e-08  6.5929e-07 -1.3220e-01  2.0517e-02  3.7970e-01  0:00:07   23
   478  4.5651e-05  5.0309e-09  1.8083e-09  2.0757e-08  6.4671e-07 -1.3220e-01  2.0517e-02  3.7972e-01  0:00:05   22
   479  4.3430e-05  4.8278e-09  1.6808e-09  1.9773e-08  6.2274e-07 -1.3219e-01  2.0517e-02  3.7972e-01  0:00:04   21
   480  4.1387e-05  4.6377e-09  1.5450e-09  1.8851e-08  5.9193e-07 -1.3219e-01  2.0516e-02  3.7972e-01  0:00:03   20
   481  3.9406e-05  4.4539e-09  1.4224e-09  1.8271e-08  5.6625e-07 -1.3218e-01  2.0515e-02  3.7971e-01  0:00:02   19
   482  3.7324e-05  4.2986e-09  1.3390e-09  1.7669e-08  5.4189e-07 -1.3218e-01  2.0513e-02  3.7968e-01  0:00:02   18

  iter  continuity  x-velocity  y-velocity      energy         nut          mz          cx          cy     time/iter
   483  3.5801e-05  4.1502e-09  1.2954e-09  1.7002e-08  5.2453e-07 -1.3217e-01  2.0512e-02  3.7966e-01  0:00:05   17
   484  3.4553e-05  4.0375e-09  1.2773e-09  1.6044e-08  5.0678e-07 -1.3216e-01  2.0510e-02  3.7963e-01  0:00:04   16
   485  3.3591e-05  3.8984e-09  1.2487e-09  1.5234e-08  4.9195e-07 -1.3216e-01  2.0509e-02  3.7961e-01  0:00:03   15
   486  3.2722e-05  3.7986e-09  1.2252e-09  1.4676e-08  4.7450e-07 -1.3215e-01  2.0508e-02  3.7959e-01  0:00:02   14
   487  3.1919e-05  3.7274e-09  1.1973e-09  1.4233e-08  4.5241e-07 -1.3215e-01  2.0507e-02  3.7956e-01  0:00:04   13
   488  3.1204e-05  3.7539e-09  1.1598e-09  1.3922e-08  4.2594e-07 -1.3215e-01  2.0506e-02  3.7954e-01  0:00:03   12
   489  3.0469e-05  3.7790e-09  1.1211e-09  1.3610e-08  3.9629e-07 -1.3214e-01  2.0505e-02  3.7952e-01  0:00:02   11
   490  2.9637e-05  3.8183e-09  1.0937e-09  1.3295e-08  3.6548e-07 -1.3214e-01  2.0504e-02  3.7950e-01  0:00:02   10
   491  2.8789e-05  3.8098e-09  1.0716e-09  1.2902e-08  3.3516e-07 -1.3214e-01  2.0503e-02  3.7948e-01  0:00:01    9
   492  2.7751e-05  3.7616e-09  1.0397e-09  1.2455e-08  3.0690e-07 -1.3214e-01  2.0502e-02  3.7947e-01  0:00:01    8
   493  2.6675e-05  3.6757e-09  1.0019e-09  1.1991e-08  2.8006e-07 -1.3214e-01  2.0501e-02  3.7946e-01  0:00:01    7

  iter  continuity  x-velocity  y-velocity      energy         nut          mz          cx          cy     time/iter
   494  2.5665e-05  3.5746e-09  9.5937e-10  1.1530e-08  2.5383e-07 -1.3214e-01  2.0501e-02  3.7946e-01  0:00:02    6
   495  2.4740e-05  3.4580e-09  9.1874e-10  1.1098e-08  2.2719e-07 -1.3214e-01  2.0501e-02  3.7945e-01  0:00:01    5
   496  2.3713e-05  3.3298e-09  8.8811e-10  1.0683e-08  1.9995e-07 -1.3214e-01  2.0500e-02  3.7945e-01  0:00:01    4
   497  2.2669e-05  3.1252e-09  8.6521e-10  1.0103e-08  1.7179e-07 -1.3214e-01  2.0500e-02  3.7945e-01  0:00:00    3
   498  2.1693e-05  2.9378e-09  8.3835e-10  9.5433e-09  1.4514e-07 -1.3214e-01  2.0500e-02  3.7945e-01  0:00:00    2
   499  2.0807e-05  2.7857e-09  7.7906e-10  9.0473e-09  1.2162e-07 -1.3215e-01  2.0500e-02  3.7945e-01  0:00:00    1
   500  2.0015e-05  2.6678e-09  7.2317e-10  8.6176e-09  1.0180e-07 -1.3215e-01  2.0500e-02  3.7946e-01  0:00:00    0

  iter  continuity  x-velocity  y-velocity      energy         nut          mz          cx          cy     time/iter
   500  2.0015e-05  2.6678e-09  7.2317e-10  8.6176e-09  1.0180e-07 -1.3215e-01  2.0500e-02  3.7946e-01  0:00:03   50
   501  1.5594e-02  2.5542e-09  6.7906e-10  2.3616e-06  5.7838e-05 -1.3181e-01  2.0460e-02  3.7631e-01  0:00:03   49
   502  1.6269e-02  6.9557e-07  5.0479e-06  2.8685e-06  2.1796e-04 -1.3073e-01  2.0451e-02  3.6804e-01  0:00:02   48
   503  9.2079e-03  4.8324e-07  6.0480e-06  2.4252e-06  3.6486e-04 -1.2936e-01  2.0366e-02  3.5634e-01  0:00:11   47
   504  5.3358e-03  7.2518e-07  6.1524e-06  2.1102e-06  4.6690e-04 -1.2787e-01  2.0204e-02  3.4279e-01  0:00:09   46
   505  6.2014e-03  7.9099e-07  5.7975e-06  2.4617e-06  5.2289e-04 -1.2650e-01  1.9949e-02  3.2887e-01  0:00:07   45
   506  7.8912e-03  7.6265e-07  5.1022e-06  2.5861e-06  5.3020e-04 -1.2550e-01  1.9644e-02  3.1585e-01  0:00:05   44
   507  8.9540e-03  6.9373e-07  4.2024e-06  2.5391e-06  5.0013e-04 -1.2480e-01  1.9299e-02  3.0428e-01  0:00:04   43
   508  8.6979e-03  5.8381e-07  3.4051e-06  2.3352e-06  4.4146e-04 -1.2445e-01  1.8955e-02  2.9479e-01  0:00:12   42
   509  8.0895e-03  4.6096e-07  2.8142e-06  2.1607e-06  3.6638e-04 -1.2440e-01  1.8645e-02  2.8754e-01  0:00:09   41
   510  7.3334e-03  3.8557e-07  2.1818e-06  2.1064e-06  2.8923e-04 -1.2468e-01  1.8421e-02  2.8276e-01  0:00:07   40

  iter  continuity  x-velocity  y-velocity      energy         nut          mz          cx          cy     time/iter
   511  6.4797e-03  3.9106e-07  1.5833e-06  2.0536e-06  2.2161e-04 -1.2515e-01  1.8264e-02  2.8012e-01  0:00:06   39
   512  5.5347e-03  4.4788e-07  1.0978e-06  1.9902e-06  1.7151e-04 -1.2574e-01  1.8186e-02  2.7909e-01  0:00:04   38
   513  4.5508e-03  5.1219e-07  8.0169e-07  1.8904e-06  1.3221e-04 -1.2629e-01  1.8118e-02  2.7978e-01  0:00:03   37
   514  3.6542e-03  5.5622e-07  8.2274e-07  1.7928e-06  1.0704e-04 -1.2686e-01  1.8131e-02  2.8144e-01  0:00:03   36
   515  3.1012e-03  5.5019e-07  8.8100e-07  1.6625e-06  9.7216e-05 -1.2739e-01  1.8178e-02  2.8385e-01  0:00:09   35
   516  2.7507e-03  5.1951e-07  8.4497e-07  1.4787e-06  1.0383e-04 -1.2781e-01  1.8239e-02  2.8651e-01  0:00:07   34
   517  2.6363e-03  4.6237e-07  7.4306e-07  1.2670e-06  1.0771e-04 -1.2809e-01  1.8314e-02  2.8917e-01  0:00:05   33
   518  2.5528e-03  3.6938e-07  6.2875e-07  1.0581e-06  1.0370e-04 -1.2833e-01  1.8404e-02  2.9175e-01  0:00:04   32
   519  2.3516e-03  2.7757e-07  5.4597e-07  8.7859e-07  9.5363e-05 -1.2855e-01  1.8503e-02  2.9428e-01  0:00:03   31
   520  2.0664e-03  1.9404e-07  4.5865e-07  7.8668e-07  8.3226e-05 -1.2867e-01  1.8582e-02  2.9650e-01  0:00:03   30
   521  1.7505e-03  1.4802e-07  3.6824e-07  7.4737e-07  6.9658e-05 -1.2871e-01  1.8647e-02  2.9878e-01  0:00:02   29

  iter  continuity  x-velocity  y-velocity      energy         nut          mz          cx          cy     time/iter
   522  1.4289e-03  1.6757e-07  2.8342e-07  6.9892e-07  5.7095e-05 -1.2871e-01  1.8689e-02  3.0053e-01  0:00:07   28
   523  1.1832e-03  2.0441e-07  2.1997e-07  6.5379e-07  4.5915e-05 -1.2868e-01  1.8701e-02  3.0171e-01  0:00:05   27
   524  1.0828e-03  2.0799e-07  1.6751e-07  6.1173e-07  3.6965e-05 -1.2860e-01  1.8689e-02  3.0237e-01  0:00:04   26
   525  1.0092e-03  2.0595e-07  1.2444e-07  5.6667e-07  3.0695e-05 -1.2853e-01  1.8674e-02  3.0260e-01  0:00:03   25
   526  9.4340e-04  1.9704e-07  9.3230e-08  5.1406e-07  2.7641e-05 -1.2845e-01  1.8656e-02  3.0245e-01  0:00:02   24
   527  8.7506e-04  1.7205e-07  7.5315e-08  4.5197e-07  2.6401e-05 -1.2837e-01  1.8639e-02  3.0205e-01  0:00:02   23
   528  7.9414e-04  1.4594e-07  6.7316e-08  3.9217e-07  2.5650e-05 -1.2831e-01  1.8628e-02  3.0148e-01  0:00:01   22
   529  7.1704e-04  1.2412e-07  6.4961e-08  3.4029e-07  2.4661e-05 -1.2826e-01  1.8622e-02  3.0082e-01  0:00:01   21
   530  6.4230e-04  1.0080e-07  6.3564e-08  2.9523e-07  2.3491e-05 -1.2823e-01  1.8621e-02  3.0020e-01  0:00:05   20
   531  5.6734e-04  8.1105e-08  5.9461e-08  2.6295e-07  2.1978e-05 -1.2821e-01  1.8626e-02  2.9965e-01  0:00:04   19
   532  4.9477e-04  6.9058e-08  5.3810e-08  2.3983e-07  2.0146e-05 -1.2820e-01  1.8633e-02  2.9925e-01  0:00:03   18

  iter  continuity  x-velocity  y-velocity      energy         nut          mz          cx          cy     time/iter
   533  4.2713e-04  6.2391e-08  4.7872e-08  2.2098e-07  1.8119e-05 -1.2821e-01  1.8645e-02  2.9900e-01  0:00:02   17
   534  3.7990e-04  5.8248e-08  4.1843e-08  2.0303e-07  1.5842e-05 -1.2823e-01  1.8659e-02  2.9889e-01  0:00:02   16
   535  3.4929e-04  5.4167e-08  3.6368e-08  1.8494e-07  1.3467e-05 -1.2825e-01  1.8674e-02  2.9891e-01  0:00:01   15
   536  3.2800e-04  4.8940e-08  3.2984e-08  1.6847e-07  1.1125e-05 -1.2828e-01  1.8689e-02  2.9905e-01  0:00:01   14
   537  3.1408e-04  4.3740e-08  2.9890e-08  1.5505e-07  8.9604e-06 -1.2830e-01  1.8704e-02  2.9927e-01  0:00:03   13
   538  3.0061e-04  3.9536e-08  2.7127e-08  1.4542e-07  7.1280e-06 -1.2832e-01  1.8717e-02  2.9953e-01  0:00:02   12
   539  2.8583e-04  3.6372e-08  2.4438e-08  1.3799e-07  5.6945e-06 -1.2834e-01  1.8726e-02  2.9980e-01  0:00:02   11
   540  2.7155e-04  3.3932e-08  2.1851e-08  1.3111e-07  4.6320e-06 -1.2834e-01  1.8731e-02  3.0007e-01  0:00:01   10
   541  2.5656e-04  3.2111e-08  1.9335e-08  1.2456e-07  3.9695e-06 -1.2835e-01  1.8732e-02  3.0030e-01  0:00:03    9
   542  2.4157e-04  3.1034e-08  1.6947e-08  1.1854e-07  3.6136e-06 -1.2834e-01  1.8729e-02  3.0047e-01  0:00:02    8
   543  2.2760e-04  2.9983e-08  1.5024e-08  1.1290e-07  3.3637e-06 -1.2833e-01  1.8724e-02  3.0057e-01  0:00:01    7

  iter  continuity  x-velocity  y-velocity      energy         nut          mz          cx          cy     time/iter
   544  2.1507e-04  2.8915e-08  1.3401e-08  1.0732e-07  3.1626e-06 -1.2831e-01  1.8716e-02  3.0060e-01  0:00:01    6
   545  2.0258e-04  2.7547e-08  1.1989e-08  1.0159e-07  3.0097e-06 -1.2829e-01  1.8708e-02  3.0057e-01  0:00:01    5
   546  1.8934e-04  2.6010e-08  1.0751e-08  9.6094e-08  2.9612e-06 -1.2827e-01  1.8699e-02  3.0047e-01  0:00:00    4
   547  1.7548e-04  2.4348e-08  9.6688e-09  9.1216e-08  3.1688e-06 -1.2825e-01  1.8691e-02  3.0033e-01  0:00:01    3
   548  1.6590e-04  2.2627e-08  9.0052e-09  8.6315e-08  3.6604e-06 -1.2824e-01  1.8683e-02  3.0017e-01  0:00:00    2
   549  1.5827e-04  2.0764e-08  8.5335e-09  8.0976e-08  4.0463e-06 -1.2823e-01  1.8678e-02  3.0000e-01  0:00:00    1
   550  1.5119e-04  1.9025e-08  8.1228e-09  7.5848e-08  4.2609e-06 -1.2822e-01  1.8674e-02  2.9983e-01  0:00:00    0

  iter  continuity  x-velocity  y-velocity      energy         nut          mz          cx          cy     time/iter
   550  1.5119e-04  1.9025e-08  8.1228e-09  7.5848e-08  4.2609e-06 -1.2822e-01  1.8674e-02  2.9983e-01  0:00:07   50
   551  1.4360e-04  1.7347e-08  7.7001e-09  7.1178e-08  4.3303e-06 -1.2822e-01  1.8672e-02  2.9969e-01  0:00:15   49
   552  1.3566e-04  1.5744e-08  7.2184e-09  6.6484e-08  4.2911e-06 -1.2823e-01  1.8673e-02  2.9959e-01  0:00:12   48
   553  1.2769e-04  1.4484e-08  6.6997e-09  6.1974e-08  4.1847e-06 -1.2825e-01  1.8675e-02  2.9953e-01  0:00:09   47
   554  1.1972e-04  1.3569e-08  6.0971e-09  5.7929e-08  4.0284e-06 -1.2826e-01  1.8679e-02  2.9952e-01  0:00:07   46
   555  1.1183e-04  1.2683e-08  5.4566e-09  5.4251e-08  3.8273e-06 -1.2829e-01  1.8684e-02  2.9955e-01  0:00:06   45
   556  1.0500e-04  1.1902e-08  4.8370e-09  5.1498e-08  3.5980e-06 -1.2831e-01  1.8690e-02  2.9963e-01  0:00:05   44
   557  9.9065e-05  1.1249e-08  4.3880e-09  4.9543e-08  3.3529e-06 -1.2833e-01  1.8696e-02  2.9973e-01  0:00:04   43
   558  9.3710e-05  1.0724e-08  4.1332e-09  4.7943e-08  3.0903e-06 -1.2835e-01  1.8703e-02  2.9986e-01  0:00:11   42
   559  8.8742e-05  1.0311e-08  3.9858e-09  4.6399e-08  2.8136e-06 -1.2837e-01  1.8709e-02  2.9999e-01  0:00:09   41
   560  8.4100e-05  9.9110e-09  3.9031e-09  4.4897e-08  2.5446e-06 -1.2838e-01  1.8714e-02  3.0013e-01  0:00:07   40

  iter  continuity  x-velocity  y-velocity      energy         nut          mz          cx          cy     time/iter
   561  7.9808e-05  9.4755e-09  3.8552e-09  4.3177e-08  2.2786e-06 -1.2839e-01  1.8719e-02  3.0026e-01  0:00:05   39
   562  7.6111e-05  9.0473e-09  3.8129e-09  4.1235e-08  2.0390e-06 -1.2839e-01  1.8722e-02  3.0037e-01  0:00:04   38
   563  7.2627e-05  8.5949e-09  3.6950e-09  3.9118e-08  1.8188e-06 -1.2840e-01  1.8725e-02  3.0047e-01  0:00:03   37
   564  6.9408e-05  8.1490e-09  3.5148e-09  3.6971e-08  1.6385e-06 -1.2839e-01  1.8726e-02  3.0054e-01  0:00:03   36
   565  6.6204e-05  7.7208e-09  3.2754e-09  3.4915e-08  1.5013e-06 -1.2839e-01  1.8727e-02  3.0058e-01  0:00:09   35
   566  6.3052e-05  7.3676e-09  2.9809e-09  3.2959e-08  1.3932e-06 -1.2838e-01  1.8726e-02  3.0060e-01  0:00:07   34
   567  5.9912e-05  7.0324e-09  2.6654e-09  3.1139e-08  1.3234e-06 -1.2837e-01  1.8725e-02  3.0059e-01  0:00:05   33
   568  5.6957e-05  6.7149e-09  2.4087e-09  2.9526e-08  1.2786e-06 -1.2835e-01  1.8724e-02  3.0056e-01  0:00:04   32
   569  5.4369e-05  6.4329e-09  2.2352e-09  2.8159e-08  1.2305e-06 -1.2835e-01  1.8722e-02  3.0052e-01  0:00:03   31
   570  5.2327e-05  6.1565e-09  2.1153e-09  2.6948e-08  1.1732e-06 -1.2834e-01  1.8721e-02  3.0047e-01  0:00:09   30
   571  5.0646e-05  5.8845e-09  2.0325e-09  2.5780e-08  1.1093e-06 -1.2833e-01  1.8720e-02  3.0042e-01  0:00:07   29

  iter  continuity  x-velocity  y-velocity      energy         nut          mz          cx          cy     time/iter
   572  4.8869e-05  5.6121e-09  1.9970e-09  2.4725e-08  1.0416e-06 -1.2832e-01  1.8719e-02  3.0037e-01  0:00:05   28
   573  4.6944e-05  5.3112e-09  1.9719e-09  2.3585e-08  9.7574e-07 -1.2832e-01  1.8718e-02  3.0032e-01  0:00:04   27
   574  4.4929e-05  5.0022e-09  1.9268e-09  2.2036e-08  9.0246e-07 -1.2832e-01  1.8717e-02  3.0029e-01  0:00:03   26
   575  4.2952e-05  4.6704e-09  1.8224e-09  2.0696e-08  8.3754e-07 -1.2832e-01  1.8717e-02  3.0027e-01  0:00:02   25
   576  4.0994e-05  4.4464e-09  1.7283e-09  1.9580e-08  7.7900e-07 -1.2832e-01  1.8717e-02  3.0025e-01  0:00:02   24
   577  3.9012e-05  4.2555e-09  1.6225e-09  1.8603e-08  7.2602e-07 -1.2832e-01  1.8717e-02  3.0023e-01  0:00:06   23
   578  3.7176e-05  4.0913e-09  1.5052e-09  1.7656e-08  6.7774e-07 -1.2833e-01  1.8717e-02  3.0022e-01  0:00:05   22
   579  3.5391e-05  3.9402e-09  1.3825e-09  1.6777e-08  6.3470e-07 -1.2833e-01  1.8718e-02  3.0022e-01  0:00:03   21
   580  3.3699e-05  3.7783e-09  1.2670e-09  1.5948e-08  5.9948e-07 -1.2833e-01  1.8718e-02  3.0022e-01  0:00:03   20
   581  3.2213e-05  3.6073e-09  1.1733e-09  1.5341e-08  5.8375e-07 -1.2834e-01  1.8718e-02  3.0023e-01  0:00:02   19
   582  3.0701e-05  3.4754e-09  1.1369e-09  1.4749e-08  5.7722e-07 -1.2834e-01  1.8718e-02  3.0024e-01  0:00:02   18

  iter  continuity  x-velocity  y-velocity      energy         nut          mz          cx          cy     time/iter
   583  2.9507e-05  3.3259e-09  1.1073e-09  1.4109e-08  5.8720e-07 -1.2835e-01  1.8719e-02  3.0026e-01  0:00:01   17
   584  2.8434e-05  3.2121e-09  1.1059e-09  1.3513e-08  6.1143e-07 -1.2835e-01  1.8719e-02  3.0028e-01  0:00:04   16
   585  2.7461e-05  3.1161e-09  1.0967e-09  1.2985e-08  6.3990e-07 -1.2836e-01  1.8719e-02  3.0029e-01  0:00:03   15
   586  2.6469e-05  3.0181e-09  1.0699e-09  1.2306e-08  6.6456e-07 -1.2836e-01  1.8719e-02  3.0030e-01  0:00:02   14
   587  2.5517e-05  2.9185e-09  1.0048e-09  1.1754e-08  6.8314e-07 -1.2836e-01  1.8719e-02  3.0031e-01  0:00:02   13
   588  2.4535e-05  2.8203e-09  9.4937e-10  1.1301e-08  6.9131e-07 -1.2836e-01  1.8719e-02  3.0032e-01  0:00:01   12
   589  2.3539e-05  2.7164e-09  8.9742e-10  1.0961e-08  6.9598e-07 -1.2837e-01  1.8719e-02  3.0034e-01  0:00:01   11
   590  2.2436e-05  2.6420e-09  8.6493e-10  1.0573e-08  6.9434e-07 -1.2837e-01  1.8719e-02  3.0035e-01  0:00:01   10
   591  2.1477e-05  2.5565e-09  8.2055e-10  9.9900e-09  6.8327e-07 -1.2837e-01  1.8719e-02  3.0035e-01  0:00:02    9
   592  2.0558e-05  2.4256e-09  7.5506e-10  9.5321e-09  6.7393e-07 -1.2837e-01  1.8719e-02  3.0035e-01  0:00:02    8
   593  1.9545e-05  2.3190e-09  7.0739e-10  9.1020e-09  6.6062e-07 -1.2837e-01  1.8719e-02  3.0035e-01  0:00:01    7

  iter  continuity  x-velocity  y-velocity      energy         nut          mz          cx          cy     time/iter
   594  1.8613e-05  2.2006e-09  6.5763e-10  8.6656e-09  6.4312e-07 -1.2837e-01  1.8719e-02  3.0035e-01  0:00:01    6
   595  1.7713e-05  2.0717e-09  6.2155e-10  8.2378e-09  6.2082e-07 -1.2837e-01  1.8719e-02  3.0035e-01  0:00:01    5
   596  1.6833e-05  1.9359e-09  5.9571e-10  7.8210e-09  5.9212e-07 -1.2837e-01  1.8719e-02  3.0035e-01  0:00:01    4
   597  1.6004e-05  1.8084e-09  5.7334e-10  7.4282e-09  5.5627e-07 -1.2837e-01  1.8719e-02  3.0034e-01  0:00:01    3
   598  1.5229e-05  1.6839e-09  5.5078e-10  7.0599e-09  5.1370e-07 -1.2837e-01  1.8719e-02  3.0034e-01  0:00:00    2
   599  1.4496e-05  1.5707e-09  5.2106e-10  6.6305e-09  4.6377e-07 -1.2836e-01  1.8720e-02  3.0034e-01  0:00:00    1
   600  1.3809e-05  1.4640e-09  4.8617e-10  6.2482e-09  4.1117e-07 -1.2836e-01  1.8720e-02  3.0034e-01  0:00:00    0

Writing Settings file "C:\Users\vova1\AppData\Local\Temp\3"...
	writing rp variables ... Done.
	writing domain variables ... Done.
	writing solid (type fluid) (mixture) ... Done.
	writing inlet (type pressure-far-field) (mixture) ... Done.
	writing int_solid (type interior) (mixture) ... Done.
	writing wall (type wall) (mixture) ... Done.
	writing outlet (type pressure-outlet) (mixture) ... Done.
	writing zones map name-id ... Done.
Multicore SMT processors detected. Processor affinity set!
Reading "e:\tsagi_dipl\Diploma_bac\optimisation_working_folder\geom.msh"...
Buffering for file scan...


       Clearing partially read grid.
   71320 nodes.
   70807 quadrilateral cells, zone  7.
  141101 2D interior faces, zone  8.
     261 2D wall faces, zone  9.
     451 2D velocity-inlet faces, zone 10.
     314 2D pressure-outlet faces, zone 11.

Building...
     mesh
	auto partitioning mesh by Metis (fast),
	distributing mesh
		parts..........,
		faces..........,
		nodes..........,
		cells..........,
        bandwidth reduction using Reverse Cuthill-McKee: 5341/98 = 54.5
     materials,
     interface,
     domains,
     zones,
	outlet
	inlet
	wall
	int_solid
	solid
     parallel,
Done.
 Setting zone id of solid to 7.
 Setting zone id of int_solid to 8.
 Setting zone id of wall to 9.
 Setting zone id of inlet to 10.
 Setting zone id of outlet to 11.
Done.

Setting solid (mixture) ... Done.
Setting inlet (mixture) (zone type changed to pressure-far-field) ... Done.
Setting int_solid (mixture) ... Done.
Setting wall (mixture) ... Done.
Setting outlet (mixture) ... Done.



Following contexts active in the case file have been de-activated because of their current context control conditions:
"coupled-pseudo-transient"

Initialize using the hybrid initialization method.

Checking case topology... 
-This case combines farfield, inlets and outlets 
-Pressure information is available at the boundaries

	iter		scalar-0		scalar-1

        Stabilizing ads-0 to enhance linear solver robustness.
	1		1.000000e+00	1.000000e+00
	2		9.915823e-08	1.694832e-16
	3		1.818527e-07	1.667525e-16
	4		1.067004e-07	1.577530e-16
	5		7.928668e-08	1.452023e-16
	6		6.269497e-08	1.545741e-16
	7		5.302397e-08	1.512926e-16
	8		4.651306e-08	1.742863e-16
	9		4.134048e-08	1.666946e-16
        Stabilizing ads-1 to enhance linear solver robustness.
	10		3.723247e-08	1.615784e-16

Hybrid initialization is done.

  iter  continuity  x-velocity  y-velocity      energy         nut          mz          cx          cy     time/iter
     1  1.0000e+00  2.9309e-04  2.8685e-04  3.0189e-04  2.6239e-03  2.5341e-01  4.5220e-01 -5.3961e-01  0:00:00   99
     2  6.7875e-01  2.3217e-04  2.3347e-04  2.6128e-04  1.5017e-03  4.3142e-01  1.9625e-01 -1.1351e+00  0:03:16   98
     3  4.3980e-01  1.8882e-04  1.6342e-04  2.6584e-04  1.1402e-03  3.7651e-01  7.7157e-02 -1.0461e+00  0:02:35   97
     4  2.9181e-01  1.8362e-04  1.5607e-04  2.4559e-04  9.8824e-04  3.4965e-01  9.3477e-03 -9.7818e-01  0:02:03   96
     5  2.2459e-01  1.7624e-04  1.5428e-04  1.7897e-04  2.3144e-04  3.2875e-01 -2.5535e-02 -9.1958e-01  0:01:37   95
     6  1.9649e-01  1.4166e-04  1.1697e-04  1.0019e-04  5.6113e-05  3.0997e-01 -4.0564e-02 -8.6714e-01  0:01:36   94
     7  1.8782e-01  9.1176e-05  6.2325e-05  5.5678e-05  3.4589e-05  2.9091e-01 -4.3934e-02 -8.2011e-01  0:01:16   93
     8  1.9125e-01  5.6627e-05  3.0145e-05  3.3511e-05  2.9969e-05  2.6906e-01 -4.1986e-02 -7.7098e-01  0:01:00   92
     9  1.9222e-01  3.5246e-05  1.4069e-05  2.2058e-05  2.7065e-05  2.4793e-01 -3.4689e-02 -7.3415e-01  0:00:47   91
    10  1.8044e-01  2.2526e-05  6.9694e-06  1.5509e-05  2.4947e-05  2.2796e-01 -2.6183e-02 -7.2053e-01  0:00:56   90
    11  1.7241e-01  1.4825e-05  4.3511e-06  1.1540e-05  2.3373e-05  2.0275e-01 -1.9541e-02 -6.9589e-01  0:00:44   89

  iter  continuity  x-velocity  y-velocity      energy         nut          mz          cx          cy     time/iter
    12  1.5843e-01  1.0055e-05  3.3972e-06  9.1795e-06  2.3061e-05  1.6144e-01 -1.6611e-02 -6.2126e-01  0:00:35   88
    13  1.4242e-01  6.9639e-06  3.0533e-06  7.8973e-06  2.3041e-05  1.1103e-01 -1.5448e-02 -5.0337e-01  0:00:28   87
    14  1.2483e-01  5.5435e-06  2.8800e-06  7.2661e-06  2.2575e-05  6.6801e-02 -1.3663e-02 -3.9544e-01  0:00:22   86
    15  1.0608e-01  4.7924e-06  2.7420e-06  6.7712e-06  2.1587e-05  3.5904e-02 -9.9450e-03 -3.2070e-01  0:00:17   85
    16  9.3908e-02  4.3226e-06  2.6005e-06  6.4332e-06  2.0449e-05  1.4930e-02 -6.4938e-03 -2.7446e-01  0:00:30   84
    17  9.0750e-02  3.9920e-06  2.4842e-06  6.1621e-06  1.9603e-05 -5.0393e-03 -2.6279e-03 -2.2953e-01  0:00:24   83
    18  8.5672e-02  3.7330e-06  2.3701e-06  5.9438e-06  1.9184e-05 -2.6023e-02  1.3829e-03 -1.7959e-01  0:00:19   82
    19  8.2348e-02  3.5283e-06  2.2395e-06  5.6895e-06  1.8815e-05 -4.2301e-02  4.7634e-03 -1.4037e-01  0:00:15   81
    20  7.7134e-02  3.3830e-06  2.0781e-06  5.4406e-06  1.8363e-05 -5.3634e-02  6.8269e-03 -1.0465e-01  0:00:12   80
    21  7.0765e-02  3.2575e-06  1.9131e-06  5.1260e-06  1.8251e-05 -6.0041e-02  7.8920e-03 -7.4596e-02  0:00:09   79
    22  6.7140e-02  3.1427e-06  1.7271e-06  4.7863e-06  1.8046e-05 -6.3722e-02  8.4642e-03 -4.7873e-02  0:00:07   78

  iter  continuity  x-velocity  y-velocity      energy         nut          mz          cx          cy     time/iter
    23  6.4378e-02  2.9635e-06  1.5321e-06  4.4520e-06  1.7133e-05 -6.7791e-02  8.9124e-03 -1.3602e-02  0:00:06   77
    24  6.1473e-02  2.7473e-06  1.3359e-06  4.2389e-06  1.5759e-05 -7.9663e-02  9.8059e-03  5.5934e-02  0:00:20   76
    25  5.8792e-02  2.5363e-06  1.1749e-06  4.1087e-06  1.4713e-05 -9.5092e-02  1.1285e-02  1.5443e-01  0:00:16   75
    26  5.5762e-02  2.3613e-06  1.0482e-06  3.9274e-06  1.4168e-05 -1.0470e-01  1.2442e-02  2.3866e-01  0:00:12   74
    27  5.2649e-02  2.2093e-06  9.4533e-07  3.7409e-06  1.4197e-05 -1.0900e-01  1.3171e-02  2.9992e-01  0:00:10   73
    28  4.9742e-02  2.1250e-06  8.9077e-07  3.7305e-06  1.5848e-05 -1.1242e-01  1.3798e-02  3.4916e-01  0:00:08   72
    29  4.6442e-02  2.0431e-06  8.6525e-07  3.7550e-06  1.7738e-05 -1.1598e-01  1.4379e-02  3.9116e-01  0:00:20   71
    30  4.2633e-02  1.9407e-06  8.5532e-07  3.8277e-06  1.9460e-05 -1.1919e-01  1.4977e-02  4.2569e-01  0:00:16   70
    31  3.8887e-02  1.8572e-06  8.7040e-07  3.9503e-06  2.1041e-05 -1.2194e-01  1.5619e-02  4.5294e-01  0:00:13   69
    32  3.5698e-02  1.7808e-06  8.8756e-07  4.0212e-06  2.2432e-05 -1.2435e-01  1.6229e-02  4.7426e-01  0:00:10   68
    33  3.3058e-02  1.7027e-06  9.0057e-07  4.0223e-06  2.3543e-05 -1.2658e-01  1.6862e-02  4.9080e-01  0:00:08   67

  iter  continuity  x-velocity  y-velocity      energy         nut          mz          cx          cy     time/iter
    34  3.0777e-02  1.6340e-06  9.0379e-07  3.9641e-06  2.4241e-05 -1.2850e-01  1.7461e-02  5.0336e-01  0:00:19   66
    35  2.8674e-02  1.5618e-06  9.0176e-07  3.8579e-06  2.4095e-05 -1.3021e-01  1.8032e-02  5.1274e-01  0:00:15   65
    36  2.6814e-02  1.5087e-06  8.9475e-07  3.7345e-06  2.3837e-05 -1.3163e-01  1.8520e-02  5.1964e-01  0:00:12   64
    37  2.5063e-02  1.4676e-06  8.8110e-07  3.5948e-06  2.2686e-05 -1.3276e-01  1.8939e-02  5.2423e-01  0:00:09   63
    38  2.3350e-02  1.4384e-06  8.6527e-07  3.4534e-06  2.1304e-05 -1.3351e-01  1.9232e-02  5.2654e-01  0:00:20   62
    39  2.1669e-02  1.4250e-06  8.4887e-07  3.3285e-06  1.9715e-05 -1.3399e-01  1.9453e-02  5.2732e-01  0:00:16   61
    40  2.0072e-02  1.4237e-06  8.3424e-07  3.2187e-06  1.8234e-05 -1.3429e-01  1.9618e-02  5.2707e-01  0:00:12   60
    41  1.8591e-02  1.4242e-06  8.1836e-07  3.1281e-06  1.6627e-05 -1.3450e-01  1.9750e-02  5.2635e-01  0:00:10   59
    42  1.7256e-02  1.4222e-06  8.0225e-07  3.0458e-06  1.5509e-05 -1.3461e-01  1.9843e-02  5.2525e-01  0:00:08   58
    43  1.5996e-02  1.4173e-06  7.8210e-07  2.9651e-06  1.4088e-05 -1.3470e-01  1.9925e-02  5.2416e-01  0:00:06   57
    44  1.4923e-02  1.4079e-06  7.6347e-07  2.8905e-06  1.2748e-05 -1.3479e-01  1.9994e-02  5.2316e-01  0:00:16   56

  iter  continuity  x-velocity  y-velocity      energy         nut          mz          cx          cy     time/iter
    45  1.3944e-02  1.3984e-06  7.4538e-07  2.8205e-06  1.1848e-05 -1.3487e-01  2.0055e-02  5.2232e-01  0:00:12   55
    46  1.3039e-02  1.3782e-06  7.2641e-07  2.7449e-06  1.0994e-05 -1.3496e-01  2.0113e-02  5.2169e-01  0:00:10   54
    47  1.2212e-02  1.3478e-06  7.0853e-07  2.6659e-06  1.0183e-05 -1.3508e-01  2.0175e-02  5.2133e-01  0:00:08   53
    48  1.1520e-02  1.3126e-06  6.8706e-07  2.5743e-06  9.1070e-06 -1.3522e-01  2.0245e-02  5.2118e-01  0:00:06   52
    49  1.0924e-02  1.2793e-06  6.6445e-07  2.4786e-06  8.0152e-06 -1.3541e-01  2.0323e-02  5.2128e-01  0:00:05   51
    50  1.0378e-02  1.2430e-06  6.4172e-07  2.3801e-06  6.9735e-06 -1.3562e-01  2.0408e-02  5.2160e-01  0:00:14   50
    51  9.8283e-03  1.2096e-06  6.2321e-07  2.2970e-06  6.2511e-06 -1.3584e-01  2.0499e-02  5.2203e-01  0:00:11   49
    52  9.2712e-03  1.1700e-06  6.0225e-07  2.2072e-06  5.4313e-06 -1.3608e-01  2.0597e-02  5.2259e-01  0:00:08   48
    53  8.7237e-03  1.1323e-06  5.8044e-07  2.1209e-06  4.7345e-06 -1.3633e-01  2.0701e-02  5.2323e-01  0:00:07   47
    54  8.2611e-03  1.0926e-06  5.5759e-07  2.0330e-06  4.0381e-06 -1.3660e-01  2.0809e-02  5.2393e-01  0:00:05   46
    55  7.8237e-03  1.0526e-06  5.3512e-07  1.9525e-06  3.5197e-06 -1.3689e-01  2.0924e-02  5.2466e-01  0:00:04   45

  iter  continuity  x-velocity  y-velocity      energy         nut          mz          cx          cy     time/iter
    56  7.4115e-03  1.0105e-06  5.1204e-07  1.8758e-06  3.0531e-06 -1.3718e-01  2.1040e-02  5.2538e-01  0:00:12   44
    57  7.0362e-03  9.7116e-07  4.9159e-07  1.8049e-06  2.6286e-06 -1.3747e-01  2.1157e-02  5.2607e-01  0:00:09   43
    58  6.6571e-03  9.3442e-07  4.7163e-07  1.7369e-06  2.2512e-06 -1.3775e-01  2.1268e-02  5.2671e-01  0:00:07   42
    59  6.3171e-03  8.9839e-07  4.5119e-07  1.6739e-06  1.9092e-06 -1.3800e-01  2.1376e-02  5.2716e-01  0:00:06   41
    60  6.0365e-03  8.6569e-07  4.2770e-07  1.6159e-06  1.6374e-06 -1.3828e-01  2.1489e-02  5.2771e-01  0:00:04   40
    61  5.7601e-03  8.3257e-07  4.0841e-07  1.5596e-06  1.3911e-06 -1.3853e-01  2.1594e-02  5.2813e-01  0:00:03   39
    62  5.5245e-03  7.9853e-07  3.8732e-07  1.5037e-06  1.2156e-06 -1.3877e-01  2.1696e-02  5.2850e-01  0:00:10   38
    63  5.3040e-03  7.6454e-07  3.6817e-07  1.4478e-06  1.0728e-06 -1.3900e-01  2.1793e-02  5.2883e-01  0:00:08   37
    64  5.0745e-03  7.3278e-07  3.5118e-07  1.3945e-06  9.8979e-07 -1.3925e-01  2.1889e-02  5.2917e-01  0:00:06   36
    65  4.8589e-03  7.0101e-07  3.3590e-07  1.3422e-06  8.8972e-07 -1.3946e-01  2.1980e-02  5.2942e-01  0:00:05   35
    66  4.6539e-03  6.6851e-07  3.1860e-07  1.2920e-06  8.2751e-07 -1.3968e-01  2.2070e-02  5.2967e-01  0:00:04   34

  iter  continuity  x-velocity  y-velocity      energy         nut          mz          cx          cy     time/iter
    67  4.4621e-03  6.3534e-07  3.0163e-07  1.2429e-06  7.9848e-07 -1.3989e-01  2.2156e-02  5.2991e-01  0:00:03   33
    68  4.2889e-03  6.0391e-07  2.8639e-07  1.1938e-06  7.9381e-07 -1.4009e-01  2.2239e-02  5.3013e-01  0:00:09   32
    69  4.1096e-03  5.7310e-07  2.7277e-07  1.1437e-06  7.9904e-07 -1.4027e-01  2.2313e-02  5.3027e-01  0:00:07   31
    70  3.9417e-03  5.4325e-07  2.5929e-07  1.0946e-06  8.0529e-07 -1.4043e-01  2.2384e-02  5.3034e-01  0:00:05   30
    71  3.7817e-03  5.1392e-07  2.4581e-07  1.0468e-06  8.1698e-07 -1.4058e-01  2.2451e-02  5.3037e-01  0:00:04   29
    72  3.6197e-03  4.8610e-07  2.3296e-07  9.9995e-07  8.2864e-07 -1.4072e-01  2.2513e-02  5.3037e-01  0:00:09   28
    73  3.4644e-03  4.5936e-07  2.2076e-07  9.5336e-07  8.4603e-07 -1.4085e-01  2.2572e-02  5.3035e-01  0:00:07   27
    74  3.3143e-03  4.3395e-07  2.0910e-07  9.0772e-07  8.6300e-07 -1.4098e-01  2.2628e-02  5.3033e-01  0:00:05   26
    75  3.1684e-03  4.0945e-07  1.9774e-07  8.6291e-07  8.8789e-07 -1.4110e-01  2.2681e-02  5.3032e-01  0:00:04   25
    76  3.0230e-03  3.8588e-07  1.8728e-07  8.2018e-07  9.1481e-07 -1.4122e-01  2.2733e-02  5.3032e-01  0:00:03   24
    77  2.8830e-03  3.6350e-07  1.7744e-07  7.7943e-07  9.3823e-07 -1.4133e-01  2.2782e-02  5.3032e-01  0:00:02   23

  iter  continuity  x-velocity  y-velocity      energy         nut          mz          cx          cy     time/iter
    78  2.7457e-03  3.4208e-07  1.6809e-07  7.3987e-07  9.5826e-07 -1.4143e-01  2.2829e-02  5.3032e-01  0:00:06   22
    79  2.6139e-03  3.2194e-07  1.5914e-07  7.0173e-07  9.7166e-07 -1.4153e-01  2.2873e-02  5.3032e-01  0:00:05   21
    80  2.4868e-03  3.0279e-07  1.5092e-07  6.6518e-07  9.7813e-07 -1.4163e-01  2.2914e-02  5.3032e-01  0:00:04   20
    81  2.3630e-03  2.8476e-07  1.4315e-07  6.3072e-07  9.8202e-07 -1.4172e-01  2.2955e-02  5.3033e-01  0:00:03   19
    82  2.2371e-03  2.6797e-07  1.3644e-07  5.9699e-07  9.7110e-07 -1.4180e-01  2.2991e-02  5.3032e-01  0:00:02   18
    83  2.1230e-03  2.5178e-07  1.2958e-07  5.6456e-07  9.5928e-07 -1.4187e-01  2.3026e-02  5.3030e-01  0:00:02   17
    84  2.0169e-03  2.3632e-07  1.2291e-07  5.3392e-07  9.3948e-07 -1.4194e-01  2.3058e-02  5.3027e-01  0:00:01   16
    85  1.9170e-03  2.2175e-07  1.1649e-07  5.0523e-07  9.2730e-07 -1.4201e-01  2.3088e-02  5.3025e-01  0:00:04   15
    86  1.8181e-03  2.0814e-07  1.1021e-07  4.7744e-07  9.1001e-07 -1.4207e-01  2.3115e-02  5.3021e-01  0:00:03   14
    87  1.7265e-03  1.9513e-07  1.0310e-07  4.5104e-07  8.9805e-07 -1.4212e-01  2.3140e-02  5.3017e-01  0:00:02   13
    88  1.6417e-03  1.8295e-07  9.6283e-08  4.2630e-07  8.8624e-07 -1.4217e-01  2.3164e-02  5.3011e-01  0:00:02   12

  iter  continuity  x-velocity  y-velocity      energy         nut          mz          cx          cy     time/iter
    89  1.5500e-03  1.7156e-07  9.0524e-08  4.0211e-07  8.8330e-07 -1.4221e-01  2.3185e-02  5.3004e-01  0:00:01   11
    90  1.4668e-03  1.6088e-07  8.4963e-08  3.7938e-07  8.7923e-07 -1.4225e-01  2.3204e-02  5.2997e-01  0:00:03   10
    91  1.3909e-03  1.5099e-07  7.9946e-08  3.5754e-07  8.7511e-07 -1.4229e-01  2.3222e-02  5.2989e-01  0:00:02    9
    92  1.3182e-03  1.4187e-07  7.5617e-08  3.3656e-07  8.7008e-07 -1.4232e-01  2.3238e-02  5.2980e-01  0:00:01    8
    93  1.2466e-03  1.3322e-07  7.1159e-08  3.1708e-07  8.6334e-07 -1.4235e-01  2.3252e-02  5.2972e-01  0:00:01    7
    94  1.1810e-03  1.2521e-07  6.7271e-08  2.9859e-07  8.5272e-07 -1.4237e-01  2.3265e-02  5.2963e-01  0:00:01    6
    95  1.1180e-03  1.1749e-07  6.3315e-08  2.8108e-07  8.3823e-07 -1.4239e-01  2.3277e-02  5.2953e-01  0:00:01    5
    96  1.0600e-03  1.1034e-07  5.9628e-08  2.6439e-07  8.1569e-07 -1.4241e-01  2.3288e-02  5.2943e-01  0:00:01    4
    97  1.0022e-03  1.0380e-07  5.6461e-08  2.4880e-07  7.8830e-07 -1.4243e-01  2.3298e-02  5.2934e-01  0:00:01    3
    98  9.5031e-04  9.7516e-08  5.3284e-08  2.3458e-07  7.6108e-07 -1.4244e-01  2.3307e-02  5.2925e-01  0:00:00    2
    99  9.0076e-04  9.1677e-08  5.0316e-08  2.2102e-07  7.3493e-07 -1.4246e-01  2.3315e-02  5.2915e-01  0:00:00    1

  iter  continuity  x-velocity  y-velocity      energy         nut          mz          cx          cy     time/iter
   100  8.5017e-04  8.6350e-08  4.7718e-08  2.0815e-07  7.0693e-07 -1.4247e-01  2.3322e-02  5.2907e-01  0:00:00    0

  iter  continuity  x-velocity  y-velocity      energy         nut          mz          cx          cy     time/iter
   100  8.5017e-04  8.6350e-08  4.7718e-08  2.0815e-07  7.0693e-07 -1.4247e-01  2.3322e-02  5.2907e-01  0:00:26  100
   101  8.0395e-04  8.1354e-08  4.5069e-08  1.9655e-07  6.8163e-07 -1.4248e-01  2.3329e-02  5.2899e-01  0:00:40   99
   102  7.5592e-04  7.6772e-08  4.2692e-08  1.8539e-07  6.6273e-07 -1.4249e-01  2.3335e-02  5.2892e-01  0:00:32   98
   103  7.1423e-04  7.2347e-08  4.0274e-08  1.7421e-07  6.4145e-07 -1.4250e-01  2.3340e-02  5.2886e-01  0:00:25   97
   104  6.7482e-04  6.8437e-08  3.7999e-08  1.6466e-07  6.2109e-07 -1.4250e-01  2.3344e-02  5.2879e-01  0:00:20   96
   105  6.3690e-04  6.4699e-08  3.6020e-08  1.5559e-07  6.0240e-07 -1.4251e-01  2.3349e-02  5.2874e-01  0:00:16   95
   106  6.0308e-04  6.1171e-08  3.4058e-08  1.4643e-07  5.8151e-07 -1.4252e-01  2.3352e-02  5.2869e-01  0:00:12   94
   107  5.6929e-04  5.7871e-08  3.2551e-08  1.3852e-07  5.6558e-07 -1.4252e-01  2.3356e-02  5.2864e-01  0:00:28   93
   108  5.3853e-04  5.4827e-08  3.1038e-08  1.3087e-07  5.4962e-07 -1.4253e-01  2.3360e-02  5.2860e-01  0:00:23   92
   109  5.0978e-04  5.2059e-08  2.9663e-08  1.2389e-07  5.3643e-07 -1.4253e-01  2.3363e-02  5.2857e-01  0:00:18   91
   110  4.8397e-04  4.9569e-08  2.8298e-08  1.1730e-07  5.1783e-07 -1.4254e-01  2.3367e-02  5.2854e-01  0:00:14   90

  iter  continuity  x-velocity  y-velocity      energy         nut          mz          cx          cy     time/iter
   111  4.5879e-04  4.7221e-08  2.6726e-08  1.1118e-07  4.9748e-07 -1.4255e-01  2.3370e-02  5.2852e-01  0:00:11   89
   112  4.3568e-04  4.4953e-08  2.5357e-08  1.0552e-07  4.7283e-07 -1.4255e-01  2.3373e-02  5.2849e-01  0:00:26   88
   113  4.1327e-04  4.2821e-08  2.4038e-08  1.0017e-07  4.4930e-07 -1.4255e-01  2.3375e-02  5.2848e-01  0:00:21   87
   114  3.9204e-04  4.0756e-08  2.2701e-08  9.5089e-08  4.2511e-07 -1.4256e-01  2.3377e-02  5.2846e-01  0:00:17   86
   115  3.7227e-04  3.8779e-08  2.1460e-08  9.0374e-08  4.0146e-07 -1.4256e-01  2.3380e-02  5.2844e-01  0:00:13   85
   116  3.5363e-04  3.7032e-08  2.0301e-08  8.5957e-08  3.7849e-07 -1.4256e-01  2.3382e-02  5.2843e-01  0:00:10   84
   117  3.3574e-04  3.5388e-08  1.9284e-08  8.1755e-08  3.6024e-07 -1.4257e-01  2.3384e-02  5.2842e-01  0:00:08   83
   118  3.1864e-04  3.3793e-08  1.8381e-08  7.7823e-08  3.4290e-07 -1.4257e-01  2.3386e-02  5.2841e-01  0:00:23   82
   119  3.0250e-04  3.2271e-08  1.7532e-08  7.4162e-08  3.2736e-07 -1.4258e-01  2.3388e-02  5.2841e-01  0:00:18   81
   120  2.8741e-04  3.0820e-08  1.6695e-08  7.0760e-08  3.1301e-07 -1.4258e-01  2.3391e-02  5.2841e-01  0:00:14   80
   121  2.7304e-04  2.9437e-08  1.5889e-08  6.7722e-08  2.9972e-07 -1.4259e-01  2.3393e-02  5.2841e-01  0:00:11   79

  iter  continuity  x-velocity  y-velocity      energy         nut          mz          cx          cy     time/iter
   122  2.5985e-04  2.8114e-08  1.5154e-08  6.4887e-08  2.9446e-07 -1.4259e-01  2.3395e-02  5.2842e-01  0:00:09   78
   123  2.4763e-04  2.6848e-08  1.4448e-08  6.1892e-08  2.8957e-07 -1.4260e-01  2.3397e-02  5.2842e-01  0:00:07   77
   124  2.3598e-04  2.5625e-08  1.3788e-08  5.9097e-08  2.7650e-07 -1.4260e-01  2.3400e-02  5.2843e-01  0:00:06   76
   125  2.2537e-04  2.4456e-08  1.3126e-08  5.6511e-08  2.6272e-07 -1.4261e-01  2.3402e-02  5.2844e-01  0:00:19   75
   126  2.1478e-04  2.3338e-08  1.2518e-08  5.4070e-08  2.4591e-07 -1.4262e-01  2.3405e-02  5.2845e-01  0:00:15   74
   127  2.0509e-04  2.2274e-08  1.1955e-08  5.1700e-08  2.2766e-07 -1.4262e-01  2.3407e-02  5.2846e-01  0:00:12   73
   128  1.9547e-04  2.1268e-08  1.1401e-08  4.9462e-08  2.0926e-07 -1.4263e-01  2.3409e-02  5.2847e-01  0:00:10   72
   129  1.8552e-04  2.0303e-08  1.0878e-08  4.7369e-08  1.9255e-07 -1.4263e-01  2.3411e-02  5.2848e-01  0:00:22   71
   130  1.7575e-04  1.9386e-08  1.0356e-08  4.5421e-08  1.7855e-07 -1.4264e-01  2.3413e-02  5.2849e-01  0:00:17   70
   131  1.6675e-04  1.8497e-08  9.8335e-09  4.3424e-08  1.6716e-07 -1.4264e-01  2.3415e-02  5.2849e-01  0:00:14   69
   132  1.5839e-04  1.7663e-08  9.3566e-09  4.1487e-08  1.5720e-07 -1.4264e-01  2.3416e-02  5.2849e-01  0:00:11   68

  iter  continuity  x-velocity  y-velocity      energy         nut          mz          cx          cy     time/iter
   133  1.5097e-04  1.6872e-08  8.9065e-09  3.9734e-08  1.4774e-07 -1.4265e-01  2.3417e-02  5.2849e-01  0:00:08   67
   134  1.4428e-04  1.6111e-08  8.4906e-09  3.8062e-08  1.3807e-07 -1.4265e-01  2.3418e-02  5.2848e-01  0:00:07   66
   135  1.3807e-04  1.5386e-08  8.0963e-09  3.6474e-08  1.2789e-07 -1.4265e-01  2.3419e-02  5.2848e-01  0:00:18   65
   136  1.3250e-04  1.4695e-08  7.7451e-09  3.4952e-08  1.1723e-07 -1.4265e-01  2.3419e-02  5.2847e-01  0:00:14   64
   137  1.2739e-04  1.4039e-08  7.3793e-09  3.3388e-08  1.0612e-07 -1.4265e-01  2.3419e-02  5.2846e-01  0:00:11   63
   138  1.2159e-04  1.3421e-08  7.0543e-09  3.1916e-08  9.5380e-08 -1.4265e-01  2.3419e-02  5.2845e-01  0:00:09   62
   139  1.1644e-04  1.2820e-08  6.6991e-09  3.0494e-08  8.5616e-08 -1.4265e-01  2.3419e-02  5.2843e-01  0:00:07   61
   140  1.1135e-04  1.2250e-08  6.4123e-09  2.9132e-08  7.6707e-08 -1.4264e-01  2.3418e-02  5.2842e-01  0:00:06   60
   141  1.0634e-04  1.1699e-08  6.0982e-09  2.7755e-08  6.8670e-08 -1.4264e-01  2.3419e-02  5.2841e-01  0:00:16   59
   142  1.0177e-04  1.1171e-08  5.8445e-09  2.6494e-08  6.1536e-08 -1.4264e-01  2.3419e-02  5.2840e-01  0:00:13   58
   143  9.7356e-05  1.0657e-08  5.5620e-09  2.5291e-08  5.4955e-08 -1.4264e-01  2.3419e-02  5.2839e-01  0:00:10   57

  iter  continuity  x-velocity  y-velocity      energy         nut          mz          cx          cy     time/iter
   144  9.3499e-05  1.0164e-08  5.3105e-09  2.4216e-08  4.9227e-08 -1.4264e-01  2.3419e-02  5.2838e-01  0:00:08   56
   145  8.9356e-05  9.7030e-09  5.1016e-09  2.3123e-08  4.3853e-08 -1.4264e-01  2.3419e-02  5.2837e-01  0:00:06   55
   146  8.5336e-05  9.2474e-09  4.8598e-09  2.2039e-08  3.8941e-08 -1.4264e-01  2.3418e-02  5.2836e-01  0:00:16   54
   147  8.1618e-05  8.8030e-09  4.6297e-09  2.1001e-08  3.4601e-08 -1.4264e-01  2.3418e-02  5.2834e-01  0:00:12   53
   148  7.7788e-05  8.3780e-09  4.4136e-09  2.0000e-08  3.1021e-08 -1.4264e-01  2.3418e-02  5.2833e-01  0:00:10   52
   149  7.4122e-05  7.9773e-09  4.2096e-09  1.9032e-08  2.8204e-08 -1.4264e-01  2.3418e-02  5.2832e-01  0:00:08   51
   150  7.0702e-05  7.5966e-09  4.0150e-09  1.8108e-08  2.6043e-08 -1.4264e-01  2.3417e-02  5.2831e-01  0:00:06   50
   151  6.7495e-05  7.2310e-09  3.8313e-09  1.7220e-08  2.4489e-08 -1.4264e-01  2.3417e-02  5.2830e-01  0:00:14   49
   152  6.4340e-05  6.8819e-09  3.6562e-09  1.6348e-08  2.3442e-08 -1.4264e-01  2.3417e-02  5.2829e-01  0:00:11   48
   153  6.1210e-05  6.5478e-09  3.4861e-09  1.5558e-08  2.2887e-08 -1.4264e-01  2.3418e-02  5.2828e-01  0:00:09   47
   154  5.8185e-05  6.2307e-09  3.3239e-09  1.4802e-08  2.2590e-08 -1.4264e-01  2.3418e-02  5.2827e-01  0:00:07   46

  iter  continuity  x-velocity  y-velocity      energy         nut          mz          cx          cy     time/iter
   155  5.5337e-05  5.9257e-09  3.1687e-09  1.4074e-08  2.2518e-08 -1.4264e-01  2.3418e-02  5.2827e-01  0:00:05   45
   156  5.2664e-05  5.6335e-09  3.0194e-09  1.3383e-08  2.2710e-08 -1.4264e-01  2.3418e-02  5.2826e-01  0:00:13   44
   157  5.0090e-05  5.3572e-09  2.8930e-09  1.2718e-08  2.3125e-08 -1.4264e-01  2.3418e-02  5.2826e-01  0:00:10   43
   158  4.7355e-05  5.0896e-09  2.7449e-09  1.2084e-08  2.3694e-08 -1.4264e-01  2.3419e-02  5.2825e-01  0:00:08   42
   159  4.5000e-05  4.8366e-09  2.6092e-09  1.1482e-08  2.4148e-08 -1.4264e-01  2.3419e-02  5.2825e-01  0:00:06   41
   160  4.2806e-05  4.5952e-09  2.4814e-09  1.0909e-08  2.4509e-08 -1.4264e-01  2.3419e-02  5.2824e-01  0:00:05   40
   161  4.0668e-05  4.3714e-09  2.3751e-09  1.0358e-08  2.4789e-08 -1.4264e-01  2.3420e-02  5.2824e-01  0:00:12   39
   162  3.8569e-05  4.1536e-09  2.2549e-09  9.8436e-09  2.5029e-08 -1.4264e-01  2.3420e-02  5.2824e-01  0:00:09   38
   163  3.6764e-05  3.9497e-09  2.1579e-09  9.3557e-09  2.5219e-08 -1.4264e-01  2.3420e-02  5.2823e-01  0:00:07   37
   164  3.4937e-05  3.7536e-09  2.0473e-09  8.9008e-09  2.5313e-08 -1.4264e-01  2.3420e-02  5.2823e-01  0:00:05   36
   165  3.3283e-05  3.5690e-09  1.9471e-09  8.4776e-09  2.5219e-08 -1.4264e-01  2.3421e-02  5.2823e-01  0:00:04   35

  iter  continuity  x-velocity  y-velocity      energy         nut          mz          cx          cy     time/iter
   166  3.1714e-05  3.3976e-09  1.8634e-09  8.0678e-09  2.5078e-08 -1.4264e-01  2.3421e-02  5.2822e-01  0:00:03   34
   167  3.0157e-05  3.2298e-09  1.7683e-09  7.6885e-09  2.4938e-08 -1.4264e-01  2.3421e-02  5.2822e-01  0:00:09   33
   168  2.8741e-05  3.0755e-09  1.6888e-09  7.3197e-09  2.4766e-08 -1.4264e-01  2.3421e-02  5.2822e-01  0:00:07   32
   169  2.7346e-05  2.9262e-09  1.6001e-09  6.9803e-09  2.4442e-08 -1.4264e-01  2.3422e-02  5.2822e-01  0:00:06   31
   170  2.6062e-05  2.7875e-09  1.5279e-09  6.6505e-09  2.4085e-08 -1.4264e-01  2.3422e-02  5.2822e-01  0:00:04   30
   171  2.4789e-05  2.6536e-09  1.4486e-09  6.3445e-09  2.3601e-08 -1.4265e-01  2.3422e-02  5.2821e-01  0:00:03   29
   172  2.3574e-05  2.5287e-09  1.3849e-09  6.0503e-09  2.3128e-08 -1.4265e-01  2.3422e-02  5.2821e-01  0:00:03   28
   173  2.2393e-05  2.4102e-09  1.3208e-09  5.7637e-09  2.2650e-08 -1.4265e-01  2.3422e-02  5.2821e-01  0:00:07   27
   174  2.1294e-05  2.2955e-09  1.2516e-09  5.4985e-09  2.2055e-08 -1.4265e-01  2.3423e-02  5.2821e-01  0:00:06   26
   175  2.0354e-05  2.1884e-09  1.1959e-09  5.2469e-09  2.1453e-08 -1.4265e-01  2.3423e-02  5.2821e-01  0:00:04   25
   176  1.9427e-05  2.0865e-09  1.1401e-09  5.0022e-09  2.0837e-08 -1.4265e-01  2.3423e-02  5.2821e-01  0:00:03   24

  iter  continuity  x-velocity  y-velocity      energy         nut          mz          cx          cy     time/iter
   177  1.8577e-05  1.9877e-09  1.0809e-09  4.7746e-09  2.0188e-08 -1.4265e-01  2.3423e-02  5.2821e-01  0:00:03   23
   178  1.7746e-05  1.8951e-09  1.0328e-09  4.5517e-09  1.9493e-08 -1.4265e-01  2.3423e-02  5.2821e-01  0:00:02   22
   179  1.6939e-05  1.8053e-09  9.7994e-10  4.3442e-09  1.8752e-08 -1.4265e-01  2.3424e-02  5.2821e-01  0:00:06   21
   180  1.6170e-05  1.7209e-09  9.3651e-10  4.1402e-09  1.7991e-08 -1.4265e-01  2.3424e-02  5.2821e-01  0:00:04   20
   181  1.5427e-05  1.6390e-09  8.8872e-10  3.9507e-09  1.7222e-08 -1.4265e-01  2.3424e-02  5.2821e-01  0:00:03   19
   182  1.4728e-05  1.5620e-09  8.4997e-10  3.7650e-09  1.6447e-08 -1.4265e-01  2.3424e-02  5.2821e-01  0:00:03   18
   183  1.4039e-05  1.4872e-09  8.0720e-10  3.5929e-09  1.5683e-08 -1.4265e-01  2.3424e-02  5.2821e-01  0:00:02   17
   184  1.3415e-05  1.4175e-09  7.7220e-10  3.4252e-09  1.4948e-08 -1.4265e-01  2.3425e-02  5.2821e-01  0:00:01   16
   185  1.2787e-05  1.3496e-09  7.3318e-10  3.2673e-09  1.4240e-08 -1.4265e-01  2.3425e-02  5.2821e-01  0:00:04   15
   186  1.2207e-05  1.2862e-09  7.0117e-10  3.1123e-09  1.3544e-08 -1.4265e-01  2.3425e-02  5.2821e-01  0:00:03   14
   187  1.1622e-05  1.2249e-09  6.6549e-10  2.9675e-09  1.2886e-08 -1.4265e-01  2.3425e-02  5.2821e-01  0:00:02   13

  iter  continuity  x-velocity  y-velocity      energy         nut          mz          cx          cy     time/iter
   188  1.1093e-05  1.1672e-09  6.3635e-10  2.8257e-09  1.2246e-08 -1.4265e-01  2.3425e-02  5.2821e-01  0:00:02   12
   189  1.0564e-05  1.1113e-09  6.0366e-10  2.6924e-09  1.1621e-08 -1.4265e-01  2.3425e-02  5.2821e-01  0:00:03   11
   190  1.0083e-05  1.0589e-09  5.7697e-10  2.5625e-09  1.1001e-08 -1.4265e-01  2.3426e-02  5.2821e-01  0:00:02   10
   191  9.5912e-06  1.0080e-09  5.4723e-10  2.4409e-09  1.0398e-08 -1.4266e-01  2.3426e-02  5.2821e-01  0:00:02    9
   192  9.1487e-06  9.6050e-10  5.2310e-10  2.3232e-09  9.8194e-09 -1.4266e-01  2.3426e-02  5.2821e-01  0:00:01    8
   193  8.6994e-06  9.1439e-10  4.9601e-10  2.2131e-09  9.2845e-09 -1.4266e-01  2.3426e-02  5.2821e-01  0:00:01    7
   194  8.2993e-06  8.7114e-10  4.7400e-10  2.1055e-09  8.7832e-09 -1.4266e-01  2.3426e-02  5.2821e-01  0:00:01    6
   195  7.8907e-06  8.2929e-10  4.4943e-10  2.0056e-09  8.3179e-09 -1.4266e-01  2.3426e-02  5.2821e-01  0:00:01    5
   196  7.5305e-06  7.9004e-10  4.2949e-10  1.9066e-09  7.8794e-09 -1.4266e-01  2.3426e-02  5.2821e-01  0:00:01    4
   197  7.1591e-06  7.5204e-10  4.0713e-10  1.8154e-09  7.4725e-09 -1.4266e-01  2.3427e-02  5.2821e-01  0:00:01    3
   198  6.8252e-06  7.1643e-10  3.8911e-10  1.7264e-09  7.0769e-09 -1.4266e-01  2.3427e-02  5.2821e-01  0:00:00    2

  iter  continuity  x-velocity  y-velocity      energy         nut          mz          cx          cy     time/iter
   199  6.4852e-06  6.8254e-10  3.6886e-10  1.6442e-09  6.7116e-09 -1.4266e-01  2.3427e-02  5.2821e-01  0:00:00    1
   200  6.1824e-06  6.5106e-10  3.5246e-10  1.5654e-09  6.3805e-09 -1.4266e-01  2.3427e-02  5.2821e-01  0:00:00    0

  iter  continuity  x-velocity  y-velocity      energy         nut          mz          cx          cy     time/iter
   200  6.1824e-06  6.5106e-10  3.5246e-10  1.5654e-09  6.3805e-09 -1.4266e-01  2.3427e-02  5.2821e-01  0:00:05   50
   201  2.4534e-02  6.2128e-10  3.3423e-10  1.6994e-06  6.7004e-06 -1.4217e-01  2.3357e-02  5.2409e-01  0:00:04   49
   202  2.5988e-02  5.5872e-07  4.0491e-06  2.0910e-06  2.6679e-05 -1.4079e-01  2.3326e-02  5.1372e-01  0:00:12   48
   203  1.4625e-02  4.0977e-07  4.9560e-06  1.8323e-06  4.9548e-05 -1.3895e-01  2.3215e-02  4.9945e-01  0:00:10   47
   204  8.5427e-03  6.5093e-07  5.2479e-06  1.6772e-06  7.5041e-05 -1.3699e-01  2.2994e-02  4.8353e-01  0:00:08   46
   205  9.5878e-03  7.4617e-07  5.2163e-06  2.0819e-06  1.0225e-04 -1.3508e-01  2.2642e-02  4.6726e-01  0:00:06   45
   206  1.2338e-02  7.6460e-07  4.8506e-06  2.3381e-06  1.2510e-04 -1.3343e-01  2.2177e-02  4.5201e-01  0:00:05   44
   207  1.4171e-02  7.4006e-07  4.2003e-06  2.4212e-06  1.3605e-04 -1.3211e-01  2.1714e-02  4.3893e-01  0:00:12   43
   208  1.3712e-02  6.5562e-07  3.5171e-06  2.3059e-06  1.3045e-04 -1.3124e-01  2.1273e-02  4.2859e-01  0:00:10   42
   209  1.2905e-02  5.4143e-07  2.9782e-06  2.1652e-06  1.1399e-04 -1.3079e-01  2.0889e-02  4.2114e-01  0:00:07   41
   210  1.1815e-02  4.6208e-07  2.3489e-06  2.1469e-06  9.3300e-05 -1.3063e-01  2.0579e-02  4.1613e-01  0:00:06   40

  iter  continuity  x-velocity  y-velocity      energy         nut          mz          cx          cy     time/iter
   211  1.0355e-02  4.6090e-07  1.7177e-06  2.1169e-06  7.3637e-05 -1.3075e-01  2.0372e-02  4.1332e-01  0:00:05   39
   212  8.8499e-03  5.1300e-07  1.1945e-06  2.0508e-06  5.7846e-05 -1.3112e-01  2.0275e-02  4.1272e-01  0:00:04   38
   213  7.2610e-03  5.7892e-07  8.8211e-07  1.9592e-06  4.6656e-05 -1.3166e-01  2.0279e-02  4.1390e-01  0:00:03   37
   214  5.8529e-03  6.2542e-07  8.9896e-07  1.8598e-06  3.8642e-05 -1.3223e-01  2.0354e-02  4.1614e-01  0:00:09   36
   215  4.9687e-03  6.2143e-07  9.6497e-07  1.7315e-06  3.3756e-05 -1.3280e-01  2.0481e-02  4.1898e-01  0:00:07   35
   216  4.3646e-03  5.9320e-07  9.3281e-07  1.5432e-06  3.3426e-05 -1.3330e-01  2.0627e-02  4.2211e-01  0:00:06   34
   217  4.1685e-03  5.2502e-07  8.2654e-07  1.3146e-06  3.4739e-05 -1.3375e-01  2.0800e-02  4.2516e-01  0:00:04   33
   218  4.0530e-03  4.2508e-07  7.0074e-07  1.0917e-06  3.4599e-05 -1.3416e-01  2.0973e-02  4.2810e-01  0:00:03   32
   219  3.7468e-03  3.2293e-07  6.1044e-07  8.9402e-07  3.3214e-05 -1.3452e-01  2.1134e-02  4.3079e-01  0:00:03   31
   220  3.2814e-03  2.2842e-07  5.1561e-07  7.9281e-07  3.0782e-05 -1.3483e-01  2.1275e-02  4.3317e-01  0:00:02   30
   221  2.7592e-03  1.6966e-07  4.1595e-07  7.2799e-07  2.7550e-05 -1.3507e-01  2.1390e-02  4.3519e-01  0:00:02   29

  iter  continuity  x-velocity  y-velocity      energy         nut          mz          cx          cy     time/iter
   222  2.2920e-03  1.8462e-07  3.1994e-07  6.8875e-07  2.4381e-05 -1.3532e-01  2.1505e-02  4.3728e-01  0:00:07   28
   223  1.8680e-03  2.2740e-07  2.4774e-07  6.5005e-07  2.0971e-05 -1.3553e-01  2.1584e-02  4.3894e-01  0:00:05   27
   224  1.6738e-03  2.3222e-07  1.8976e-07  6.1183e-07  1.8058e-05 -1.3567e-01  2.1634e-02  4.4005e-01  0:00:04   26
   225  1.5580e-03  2.3159e-07  1.4083e-07  5.7055e-07  1.5844e-05 -1.3579e-01  2.1671e-02  4.4083e-01  0:00:03   25
   226  1.4343e-03  2.2323e-07  1.0471e-07  5.1887e-07  1.4438e-05 -1.3586e-01  2.1689e-02  4.4122e-01  0:00:02   24
   227  1.3070e-03  1.9671e-07  8.4340e-08  4.5605e-07  1.3725e-05 -1.3586e-01  2.1695e-02  4.4126e-01  0:00:02   23
   228  1.1768e-03  1.6744e-07  7.5802e-08  3.9231e-07  1.3155e-05 -1.3583e-01  2.1694e-02  4.4105e-01  0:00:01   22
   229  1.0527e-03  1.4379e-07  7.3184e-08  3.3673e-07  1.2526e-05 -1.3576e-01  2.1687e-02  4.4066e-01  0:00:05   21
   230  9.4471e-04  1.1838e-07  7.2871e-08  2.9034e-07  1.1836e-05 -1.3568e-01  2.1676e-02  4.4016e-01  0:00:04   20
   231  8.3788e-04  9.5128e-08  6.8861e-08  2.5494e-07  1.1125e-05 -1.3560e-01  2.1664e-02  4.3963e-01  0:00:03   19
   232  7.3450e-04  8.0785e-08  6.3223e-08  2.3266e-07  1.0422e-05 -1.3552e-01  2.1650e-02  4.3915e-01  0:00:02   18

  iter  continuity  x-velocity  y-velocity      energy         nut          mz          cx          cy     time/iter
   233  6.4088e-04  7.2674e-08  5.6072e-08  2.1525e-07  9.6984e-06 -1.3545e-01  2.1639e-02  4.3875e-01  0:00:02   17
   234  5.7750e-04  6.7499e-08  4.8934e-08  1.9821e-07  8.9754e-06 -1.3541e-01  2.1632e-02  4.3848e-01  0:00:01   16
   235  5.2582e-04  6.3289e-08  4.2398e-08  1.8024e-07  8.2302e-06 -1.3539e-01  2.1630e-02  4.3836e-01  0:00:01   15
   236  4.8728e-04  5.7112e-08  3.7641e-08  1.6358e-07  7.5965e-06 -1.3540e-01  2.1632e-02  4.3841e-01  0:00:04   14
   237  4.6583e-04  5.1839e-08  3.3707e-08  1.5041e-07  6.8970e-06 -1.3543e-01  2.1640e-02  4.3860e-01  0:00:03   13
   238  4.4909e-04  4.7075e-08  3.0280e-08  1.4151e-07  6.4340e-06 -1.3548e-01  2.1652e-02  4.3890e-01  0:00:02   12
   239  4.2269e-04  4.3704e-08  2.6671e-08  1.3485e-07  6.2438e-06 -1.3554e-01  2.1667e-02  4.3926e-01  0:00:01   11
   240  3.9077e-04  4.0553e-08  2.3450e-08  1.2944e-07  6.2636e-06 -1.3560e-01  2.1682e-02  4.3963e-01  0:00:01   10
   241  3.6369e-04  3.7934e-08  2.0437e-08  1.2381e-07  6.4177e-06 -1.3565e-01  2.1695e-02  4.3997e-01  0:00:03    9
   242  3.3684e-04  3.6222e-08  1.7799e-08  1.1849e-07  6.5369e-06 -1.3570e-01  2.1708e-02  4.4026e-01  0:00:02    8
   243  3.1836e-04  3.4633e-08  1.5611e-08  1.1351e-07  6.5294e-06 -1.3573e-01  2.1717e-02  4.4049e-01  0:00:01    7

  iter  continuity  x-velocity  y-velocity      energy         nut          mz          cx          cy     time/iter
   244  2.9517e-04  3.3087e-08  1.3875e-08  1.0851e-07  6.5369e-06 -1.3577e-01  2.1726e-02  4.4068e-01  0:00:01    6
   245  2.7677e-04  3.1362e-08  1.2448e-08  1.0255e-07  6.3920e-06 -1.3580e-01  2.1733e-02  4.4080e-01  0:00:01    5
   246  2.5916e-04  2.9617e-08  1.1174e-08  9.6217e-08  6.1693e-06 -1.3582e-01  2.1737e-02  4.4086e-01  0:00:00    4
   247  2.4315e-04  2.7624e-08  1.0028e-08  8.9699e-08  6.0356e-06 -1.3583e-01  2.1739e-02  4.4087e-01  0:00:01    3
   248  2.2724e-04  2.5629e-08  9.0307e-09  8.3397e-08  5.8144e-06 -1.3583e-01  2.1740e-02  4.4083e-01  0:00:00    2
   249  2.1371e-04  2.3575e-08  8.2019e-09  7.7760e-08  5.5514e-06 -1.3583e-01  2.1740e-02  4.4077e-01  0:00:00    1
   250  2.0228e-04  2.1612e-08  7.5930e-09  7.3006e-08  5.3202e-06 -1.3583e-01  2.1740e-02  4.4069e-01  0:00:00    0

  iter  continuity  x-velocity  y-velocity      energy         nut          mz          cx          cy     time/iter
   250  2.0228e-04  2.1612e-08  7.5930e-09  7.3006e-08  5.3202e-06 -1.3583e-01  2.1740e-02  4.4069e-01  0:00:07   50
   251  1.9262e-04  1.9704e-08  7.1507e-09  6.8695e-08  4.9909e-06 -1.3582e-01  2.1742e-02  4.4062e-01  0:00:15   49
   252  1.8235e-04  1.7847e-08  6.6973e-09  6.4384e-08  4.7074e-06 -1.3582e-01  2.1744e-02  4.4056e-01  0:00:12   48
   253  1.7137e-04  1.6247e-08  6.1839e-09  6.0086e-08  4.4641e-06 -1.3583e-01  2.1748e-02  4.4053e-01  0:00:09   47
   254  1.6007e-04  1.5114e-08  5.6339e-09  5.6266e-08  4.2481e-06 -1.3584e-01  2.1754e-02  4.4054e-01  0:00:07   46
   255  1.4842e-04  1.4100e-08  5.0847e-09  5.2549e-08  4.0502e-06 -1.3585e-01  2.1760e-02  4.4057e-01  0:00:06   45
   256  1.3765e-04  1.3152e-08  4.5729e-09  4.9798e-08  3.8777e-06 -1.3587e-01  2.1768e-02  4.4065e-01  0:00:05   44
   257  1.2807e-04  1.2368e-08  4.1445e-09  4.7355e-08  3.7166e-06 -1.3590e-01  2.1777e-02  4.4075e-01  0:00:04   43
   258  1.1931e-04  1.1677e-08  3.8296e-09  4.5020e-08  3.5652e-06 -1.3592e-01  2.1786e-02  4.4086e-01  0:00:11   42
   259  1.1152e-04  1.1057e-08  3.6016e-09  4.2834e-08  3.4252e-06 -1.3594e-01  2.1795e-02  4.4098e-01  0:00:09   41
   260  1.0433e-04  1.0475e-08  3.4492e-09  4.0713e-08  3.2790e-06 -1.3597e-01  2.1803e-02  4.4111e-01  0:00:07   40

  iter  continuity  x-velocity  y-velocity      energy         nut          mz          cx          cy     time/iter
   261  9.7458e-05  9.9356e-09  3.3243e-09  3.8687e-08  3.1805e-06 -1.3599e-01  2.1810e-02  4.4122e-01  0:00:05   39
   262  9.1729e-05  9.4199e-09  3.1853e-09  3.6663e-08  3.0900e-06 -1.3600e-01  2.1816e-02  4.4133e-01  0:00:04   38
   263  8.6714e-05  8.9013e-09  3.0370e-09  3.4762e-08  2.9949e-06 -1.3602e-01  2.1821e-02  4.4141e-01  0:00:11   37
   264  8.2003e-05  8.4029e-09  2.8810e-09  3.2683e-08  2.8709e-06 -1.3603e-01  2.1825e-02  4.4148e-01  0:00:08   36
   265  7.7967e-05  7.9218e-09  2.7064e-09  3.0730e-08  2.7260e-06 -1.3604e-01  2.1829e-02  4.4153e-01  0:00:06   35
   266  7.3967e-05  7.4783e-09  2.5066e-09  2.9031e-08  2.5639e-06 -1.3604e-01  2.1831e-02  4.4155e-01  0:00:05   34
   267  7.0056e-05  7.0573e-09  2.3090e-09  2.7430e-08  2.3971e-06 -1.3604e-01  2.1832e-02  4.4156e-01  0:00:04   33
   268  6.6674e-05  6.6763e-09  2.1202e-09  2.6196e-08  2.2158e-06 -1.3604e-01  2.1833e-02  4.4155e-01  0:00:03   32
   269  6.3390e-05  6.3381e-09  1.9821e-09  2.4804e-08  2.0537e-06 -1.3604e-01  2.1834e-02  4.4152e-01  0:00:09   31
   270  6.0306e-05  6.0173e-09  1.8752e-09  2.3220e-08  1.9055e-06 -1.3604e-01  2.1833e-02  4.4149e-01  0:00:07   30
   271  5.7452e-05  5.7023e-09  1.7740e-09  2.1761e-08  1.7723e-06 -1.3604e-01  2.1833e-02  4.4146e-01  0:00:05   29

  iter  continuity  x-velocity  y-velocity      energy         nut          mz          cx          cy     time/iter
   272  5.4714e-05  5.3880e-09  1.6799e-09  2.0527e-08  1.6546e-06 -1.3604e-01  2.1832e-02  4.4142e-01  0:00:04   28
   273  5.1813e-05  5.0785e-09  1.6082e-09  1.9260e-08  1.5583e-06 -1.3603e-01  2.1832e-02  4.4139e-01  0:00:03   27
   274  4.9214e-05  4.7690e-09  1.5277e-09  1.7985e-08  1.4760e-06 -1.3603e-01  2.1832e-02  4.4137e-01  0:00:02   26
   275  4.6636e-05  4.4638e-09  1.4273e-09  1.6759e-08  1.3849e-06 -1.3603e-01  2.1832e-02  4.4135e-01  0:00:02   25
   276  4.4097e-05  4.1881e-09  1.3180e-09  1.5635e-08  1.2979e-06 -1.3604e-01  2.1833e-02  4.4135e-01  0:00:06   24
   277  4.1731e-05  3.9439e-09  1.2100e-09  1.4635e-08  1.2097e-06 -1.3604e-01  2.1834e-02  4.4135e-01  0:00:05   23
   278  3.9393e-05  3.7230e-09  1.1120e-09  1.3852e-08  1.1286e-06 -1.3604e-01  2.1836e-02  4.4137e-01  0:00:04   22
   279  3.7124e-05  3.5241e-09  1.0404e-09  1.3149e-08  1.0618e-06 -1.3605e-01  2.1837e-02  4.4138e-01  0:00:03   21
   280  3.5042e-05  3.3381e-09  9.9271e-10  1.2374e-08  1.0017e-06 -1.3605e-01  2.1839e-02  4.4140e-01  0:00:02   20
   281  3.3098e-05  3.1448e-09  9.5271e-10  1.1662e-08  9.4583e-07 -1.3605e-01  2.1840e-02  4.4140e-01  0:00:02   19
   282  3.1287e-05  2.9505e-09  9.0866e-10  1.0921e-08  8.9159e-07 -1.3605e-01  2.1840e-02  4.4141e-01  0:00:05   18

  iter  continuity  x-velocity  y-velocity      energy         nut          mz          cx          cy     time/iter
   283  2.9587e-05  2.7647e-09  8.5563e-10  1.0171e-08  8.3533e-07 -1.3605e-01  2.1841e-02  4.4141e-01  0:00:04   17
   284  2.7999e-05  2.5834e-09  7.9734e-10  9.4943e-09  7.7717e-07 -1.3605e-01  2.1841e-02  4.4140e-01  0:00:03   16
   285  2.6426e-05  2.4179e-09  7.4562e-10  8.9661e-09  7.1480e-07 -1.3605e-01  2.1841e-02  4.4140e-01  0:00:02   15
   286  2.4911e-05  2.2699e-09  6.9998e-10  8.4657e-09  6.4400e-07 -1.3605e-01  2.1841e-02  4.4139e-01  0:00:02   14
   287  2.3491e-05  2.1336e-09  6.5038e-10  8.0010e-09  5.7237e-07 -1.3605e-01  2.1841e-02  4.4138e-01  0:00:01   13
   288  2.2167e-05  2.0146e-09  6.1084e-10  7.5215e-09  4.9892e-07 -1.3604e-01  2.1841e-02  4.4138e-01  0:00:03   12
   289  2.0918e-05  1.9025e-09  5.6710e-10  7.0751e-09  4.2818e-07 -1.3604e-01  2.1841e-02  4.4137e-01  0:00:02   11
   290  1.9736e-05  1.7998e-09  5.2750e-10  6.6785e-09  3.6247e-07 -1.3604e-01  2.1841e-02  4.4137e-01  0:00:02   10
   291  1.8631e-05  1.7044e-09  4.9209e-10  6.3415e-09  3.0334e-07 -1.3604e-01  2.1841e-02  4.4136e-01  0:00:01    9
   292  1.7546e-05  1.6194e-09  4.6355e-10  5.9779e-09  2.4992e-07 -1.3604e-01  2.1841e-02  4.4136e-01  0:00:01    8
   293  1.6570e-05  1.5361e-09  4.2864e-10  5.6599e-09  2.0484e-07 -1.3604e-01  2.1841e-02  4.4136e-01  0:00:02    7

  iter  continuity  x-velocity  y-velocity      energy         nut          mz          cx          cy     time/iter
   294  1.5629e-05  1.4573e-09  4.0356e-10  5.3493e-09  1.6638e-07 -1.3604e-01  2.1841e-02  4.4136e-01  0:00:01    6
   295  1.4764e-05  1.3809e-09  3.7666e-10  5.0788e-09  1.3586e-07 -1.3604e-01  2.1841e-02  4.4137e-01  0:00:01    5
   296  1.3935e-05  1.3106e-09  3.5837e-10  4.8033e-09  1.1127e-07 -1.3604e-01  2.1842e-02  4.4137e-01  0:00:01    4
   297  1.3163e-05  1.2415e-09  3.4181e-10  4.5428e-09  9.4044e-08 -1.3605e-01  2.1842e-02  4.4137e-01  0:00:00    3
   298  1.2434e-05  1.1753e-09  3.3039e-10  4.2725e-09  8.1871e-08 -1.3605e-01  2.1842e-02  4.4137e-01  0:00:01    2
   299  1.1749e-05  1.1075e-09  3.1564e-10  4.0156e-09  7.4490e-08 -1.3605e-01  2.1842e-02  4.4137e-01  0:00:00    1
   300  1.1092e-05  1.0411e-09  3.0303e-10  3.7759e-09  7.0417e-08 -1.3605e-01  2.1842e-02  4.4137e-01  0:00:00    0

  iter  continuity  x-velocity  y-velocity      energy         nut          mz          cx          cy     time/iter
   300  1.1092e-05  1.0411e-09  3.0303e-10  3.7759e-09  7.0417e-08 -1.3605e-01  2.1842e-02  4.4137e-01  0:00:09   50
   301  4.0076e-02  9.7788e-10  2.9316e-10  4.6052e-06  7.0522e-05 -1.3528e-01  2.1737e-02  4.3466e-01  0:00:07   49
   302  4.1611e-02  1.3689e-06  1.0111e-05  5.6462e-06  2.7117e-04 -1.3298e-01  2.1671e-02  4.1733e-01  0:00:06   48
   303  2.3722e-02  9.8605e-07  1.2205e-05  4.8790e-06  4.6695e-04 -1.3000e-01  2.1453e-02  3.9295e-01  0:00:05   47
   304  1.3799e-02  1.4597e-06  1.2519e-05  4.3291e-06  5.8855e-04 -1.2680e-01  2.1104e-02  3.6502e-01  0:00:04   46
   305  1.5845e-02  1.6098e-06  1.1896e-05  5.1137e-06  6.2751e-04 -1.2377e-01  2.0611e-02  3.3615e-01  0:00:03   45
   306  2.0347e-02  1.5667e-06  1.0531e-05  5.3705e-06  5.8267e-04 -1.2149e-01  1.9990e-02  3.0919e-01  0:00:11   44
   307  2.3095e-02  1.4110e-06  8.7022e-06  5.2383e-06  4.9524e-04 -1.2004e-01  1.9336e-02  2.8528e-01  0:00:09   43
   308  2.2271e-02  1.1759e-06  7.0593e-06  4.7699e-06  4.1185e-04 -1.1926e-01  1.8629e-02  2.6587e-01  0:00:07   42
   309  2.0609e-02  9.2120e-07  5.8505e-06  4.3625e-06  3.4847e-04 -1.1929e-01  1.8095e-02  2.5123e-01  0:00:05   41
   310  1.8625e-02  7.6826e-07  4.5693e-06  4.2277e-06  2.9727e-04 -1.1985e-01  1.7670e-02  2.4112e-01  0:00:04   40

  iter  continuity  x-velocity  y-velocity      energy         nut          mz          cx          cy     time/iter
   311  1.6356e-02  7.7618e-07  3.3166e-06  4.1198e-06  2.5101e-04 -1.2081e-01  1.7356e-02  2.3518e-01  0:00:03   39
   312  1.3969e-02  8.9661e-07  2.2687e-06  3.9777e-06  2.1284e-04 -1.2200e-01  1.7157e-02  2.3304e-01  0:00:02   38
   313  1.1381e-02  1.0304e-06  1.6485e-06  3.7983e-06  1.8284e-04 -1.2327e-01  1.7081e-02  2.3359e-01  0:00:09   37
   314  9.0948e-03  1.1305e-06  1.7187e-06  3.6131e-06  1.6477e-04 -1.2446e-01  1.7100e-02  2.3645e-01  0:00:07   36
   315  7.6123e-03  1.1239e-06  1.8464e-06  3.3293e-06  1.7507e-04 -1.2555e-01  1.7210e-02  2.4071e-01  0:00:06   35
   316  6.7696e-03  1.0628e-06  1.7709e-06  2.9491e-06  1.9165e-04 -1.2651e-01  1.7373e-02  2.4580e-01  0:00:04   34
   317  6.4327e-03  9.4935e-07  1.5567e-06  2.5180e-06  2.0037e-04 -1.2725e-01  1.7545e-02  2.5120e-01  0:00:03   33
   318  6.3075e-03  7.5617e-07  1.3119e-06  2.1055e-06  1.9463e-04 -1.2784e-01  1.7739e-02  2.5666e-01  0:00:09   32
   319  5.7609e-03  5.6364e-07  1.1461e-06  1.7447e-06  1.7918e-04 -1.2817e-01  1.7870e-02  2.6178e-01  0:00:07   31
   320  5.0328e-03  3.8953e-07  9.5682e-07  1.5509e-06  1.5771e-04 -1.2839e-01  1.8000e-02  2.6640e-01  0:00:05   30
   321  4.1934e-03  2.9163e-07  7.6719e-07  1.4700e-06  1.3512e-04 -1.2836e-01  1.8082e-02  2.7126e-01  0:00:04   29

  iter  continuity  x-velocity  y-velocity      energy         nut          mz          cx          cy     time/iter
   322  3.3608e-03  3.2873e-07  5.8887e-07  1.3712e-06  1.1219e-04 -1.2819e-01  1.8159e-02  2.7470e-01  0:00:03   28
   323  2.8089e-03  4.0498e-07  4.5906e-07  1.2906e-06  9.1581e-05 -1.2798e-01  1.8179e-02  2.7689e-01  0:00:03   27
   324  2.5464e-03  4.1883e-07  3.5060e-07  1.2238e-06  7.2993e-05 -1.2776e-01  1.8146e-02  2.7819e-01  0:00:02   26
   325  2.3817e-03  4.2177e-07  2.5909e-07  1.1382e-06  5.9886e-05 -1.2756e-01  1.8096e-02  2.7860e-01  0:00:06   25
   326  2.2398e-03  4.0754e-07  1.9309e-07  1.0339e-06  5.2655e-05 -1.2741e-01  1.8056e-02  2.7837e-01  0:00:05   24
   327  2.1047e-03  3.5373e-07  1.5430e-07  9.0523e-07  4.9607e-05 -1.2726e-01  1.8006e-02  2.7763e-01  0:00:04   23
   328  1.9067e-03  3.0535e-07  1.3489e-07  7.9022e-07  4.8140e-05 -1.2712e-01  1.7979e-02  2.7646e-01  0:00:03   22
   329  1.7333e-03  2.5392e-07  1.3291e-07  6.7656e-07  4.8077e-05 -1.2705e-01  1.7960e-02  2.7530e-01  0:00:02   21
   330  1.5713e-03  2.0574e-07  1.3205e-07  5.8156e-07  4.8105e-05 -1.2698e-01  1.7955e-02  2.7408e-01  0:00:02   20
   331  1.3754e-03  1.6699e-07  1.2353e-07  5.2028e-07  4.7697e-05 -1.2699e-01  1.7982e-02  2.7304e-01  0:00:01   19
   332  1.1903e-03  1.4057e-07  1.1229e-07  4.7360e-07  4.6325e-05 -1.2704e-01  1.8013e-02  2.7235e-01  0:00:01   18

  iter  continuity  x-velocity  y-velocity      energy         nut          mz          cx          cy     time/iter
   333  1.0395e-03  1.2522e-07  9.9461e-08  4.3742e-07  4.4065e-05 -1.2709e-01  1.8039e-02  2.7200e-01  0:00:04   17
   334  9.2569e-04  1.1678e-07  8.6256e-08  4.0283e-07  4.0960e-05 -1.2718e-01  1.8080e-02  2.7193e-01  0:00:03   16
   335  8.4479e-04  1.0920e-07  7.4901e-08  3.6908e-07  3.7344e-05 -1.2729e-01  1.8120e-02  2.7220e-01  0:00:02   15
   336  7.9459e-04  1.0030e-07  6.7599e-08  3.4031e-07  3.3193e-05 -1.2739e-01  1.8157e-02  2.7270e-01  0:00:02   14
   337  7.5730e-04  8.9187e-08  6.1069e-08  3.1176e-07  2.8789e-05 -1.2747e-01  1.8195e-02  2.7332e-01  0:00:01   13
   338  7.2231e-04  8.0726e-08  5.4850e-08  2.9089e-07  2.4483e-05 -1.2755e-01  1.8231e-02  2.7405e-01  0:00:01   12
   339  6.8519e-04  7.3079e-08  4.9278e-08  2.7428e-07  2.0516e-05 -1.2760e-01  1.8261e-02  2.7481e-01  0:00:01   11
   340  6.5423e-04  6.7310e-08  4.3414e-08  2.6027e-07  1.7059e-05 -1.2763e-01  1.8280e-02  2.7552e-01  0:00:03   10
   341  6.2097e-04  6.3462e-08  3.8312e-08  2.4675e-07  1.4198e-05 -1.2763e-01  1.8288e-02  2.7611e-01  0:00:02    9
   342  5.8686e-04  6.1286e-08  3.3743e-08  2.3578e-07  1.1954e-05 -1.2757e-01  1.8277e-02  2.7654e-01  0:00:01    8
   343  5.3662e-04  5.8639e-08  2.9747e-08  2.2488e-07  1.0384e-05 -1.2750e-01  1.8262e-02  2.7676e-01  0:00:01    7

  iter  continuity  x-velocity  y-velocity      energy         nut          mz          cx          cy     time/iter
   344  4.9765e-04  5.6151e-08  2.6582e-08  2.1367e-07  9.2220e-06 -1.2742e-01  1.8242e-02  2.7678e-01  0:00:02    6
   345  4.6429e-04  5.3736e-08  2.3644e-08  2.0252e-07  8.5649e-06 -1.2734e-01  1.8220e-02  2.7661e-01  0:00:01    5
   346  4.3367e-04  5.1307e-08  2.1050e-08  1.9583e-07  8.6700e-06 -1.2725e-01  1.8195e-02  2.7616e-01  0:00:01    4
   347  4.0816e-04  4.8921e-08  1.9556e-08  1.9008e-07  9.5848e-06 -1.2719e-01  1.8170e-02  2.7558e-01  0:00:00    3
   348  3.8891e-04  4.5355e-08  1.9100e-08  1.8090e-07  1.0647e-05 -1.2715e-01  1.8151e-02  2.7496e-01  0:00:00    2
   349  3.7471e-04  4.2053e-08  1.8716e-08  1.6626e-07  1.1410e-05 -1.2712e-01  1.8139e-02  2.7448e-01  0:00:00    1
   350  3.6054e-04  3.8320e-08  1.7817e-08  1.5393e-07  1.1884e-05 -1.2711e-01  1.8132e-02  2.7404e-01  0:00:00    0

  iter  continuity  x-velocity  y-velocity      energy         nut          mz          cx          cy     time/iter
   350  3.6054e-04  3.8320e-08  1.7817e-08  1.5393e-07  1.1884e-05 -1.2711e-01  1.8132e-02  2.7404e-01  0:00:04   50
   351  3.4390e-04  3.4732e-08  1.6986e-08  1.4404e-07  1.1964e-05 -1.2712e-01  1.8129e-02  2.7366e-01  0:00:03   49
   352  3.2555e-04  3.1466e-08  1.6026e-08  1.3415e-07  1.1727e-05 -1.2714e-01  1.8129e-02  2.7339e-01  0:00:02   48
   353  3.0548e-04  2.8936e-08  1.4687e-08  1.2430e-07  1.1258e-05 -1.2718e-01  1.8132e-02  2.7325e-01  0:00:02   47
   354  2.8522e-04  2.7102e-08  1.3059e-08  1.1523e-07  1.0581e-05 -1.2723e-01  1.8138e-02  2.7324e-01  0:00:01   46
   355  2.6540e-04  2.5378e-08  1.1457e-08  1.0766e-07  9.7827e-06 -1.2728e-01  1.8149e-02  2.7334e-01  0:00:10   45
   356  2.4830e-04  2.3894e-08  1.0070e-08  1.0210e-07  8.9629e-06 -1.2734e-01  1.8161e-02  2.7353e-01  0:00:08   44
   357  2.3458e-04  2.2731e-08  9.0505e-09  9.8508e-08  8.1694e-06 -1.2739e-01  1.8174e-02  2.7380e-01  0:00:06   43
   358  2.2195e-04  2.1838e-08  8.4764e-09  9.5593e-08  7.4352e-06 -1.2743e-01  1.8186e-02  2.7410e-01  0:00:05   42
   359  2.1060e-04  2.0985e-08  8.2410e-09  9.2953e-08  6.7683e-06 -1.2747e-01  1.8197e-02  2.7443e-01  0:00:04   41
   360  1.9990e-04  1.9937e-08  8.1792e-09  9.0072e-08  6.1618e-06 -1.2750e-01  1.8206e-02  2.7476e-01  0:00:03   40

  iter  continuity  x-velocity  y-velocity      energy         nut          mz          cx          cy     time/iter
   361  1.9024e-04  1.8959e-08  8.1850e-09  8.6620e-08  5.6216e-06 -1.2751e-01  1.8213e-02  2.7507e-01  0:00:02   39
   362  1.8159e-04  1.8008e-08  8.1042e-09  8.2688e-08  5.1269e-06 -1.2752e-01  1.8218e-02  2.7533e-01  0:00:09   38
   363  1.7304e-04  1.6915e-08  7.8540e-09  7.8375e-08  4.6722e-06 -1.2751e-01  1.8220e-02  2.7553e-01  0:00:07   37
   364  1.6473e-04  1.5948e-08  7.4180e-09  7.3541e-08  4.2699e-06 -1.2749e-01  1.8219e-02  2.7565e-01  0:00:06   36
   365  1.5664e-04  1.5138e-08  6.7905e-09  6.9295e-08  3.8972e-06 -1.2747e-01  1.8218e-02  2.7571e-01  0:00:04   35
   366  1.4857e-04  1.4475e-08  6.0754e-09  6.5522e-08  3.5996e-06 -1.2744e-01  1.8215e-02  2.7570e-01  0:00:03   34
   367  1.4106e-04  1.3844e-08  5.3789e-09  6.2135e-08  3.3996e-06 -1.2741e-01  1.8211e-02  2.7565e-01  0:00:03   33
   368  1.3455e-04  1.3225e-08  4.8877e-09  5.9382e-08  3.2193e-06 -1.2739e-01  1.8207e-02  2.7555e-01  0:00:02   32
   369  1.2900e-04  1.2605e-08  4.6358e-09  5.6836e-08  3.0289e-06 -1.2736e-01  1.8203e-02  2.7543e-01  0:00:08   31
   370  1.2478e-04  1.1981e-08  4.4899e-09  5.4262e-08  2.8271e-06 -1.2734e-01  1.8200e-02  2.7530e-01  0:00:06   30
   371  1.2045e-04  1.1346e-08  4.3513e-09  5.1743e-08  2.6129e-06 -1.2732e-01  1.8197e-02  2.7516e-01  0:00:05   29

  iter  continuity  x-velocity  y-velocity      energy         nut          mz          cx          cy     time/iter
   372  1.1581e-04  1.0686e-08  4.2952e-09  4.9215e-08  2.3850e-06 -1.2731e-01  1.8195e-02  2.7503e-01  0:00:04   28
   373  1.1088e-04  1.0032e-08  4.2268e-09  4.6711e-08  2.1574e-06 -1.2731e-01  1.8195e-02  2.7492e-01  0:00:08   27
   374  1.0569e-04  9.3904e-09  4.1258e-09  4.3970e-08  1.9279e-06 -1.2731e-01  1.8195e-02  2.7484e-01  0:00:06   26
   375  1.0038e-04  8.8162e-09  3.9517e-09  4.1471e-08  1.7095e-06 -1.2732e-01  1.8196e-02  2.7479e-01  0:00:05   25
   376  9.5292e-05  8.4569e-09  3.7038e-09  3.8658e-08  1.4922e-06 -1.2732e-01  1.8197e-02  2.7476e-01  0:00:04   24
   377  9.0618e-05  8.1037e-09  3.3391e-09  3.6416e-08  1.3123e-06 -1.2733e-01  1.8198e-02  2.7476e-01  0:00:03   23
   378  8.6211e-05  7.8295e-09  3.0089e-09  3.5017e-08  1.1894e-06 -1.2734e-01  1.8199e-02  2.7477e-01  0:00:02   22
   379  8.1357e-05  7.6199e-09  2.7574e-09  3.3782e-08  1.0818e-06 -1.2735e-01  1.8200e-02  2.7480e-01  0:00:02   21
   380  7.7152e-05  7.3632e-09  2.5875e-09  3.2412e-08  1.0161e-06 -1.2736e-01  1.8202e-02  2.7484e-01  0:00:05   20
   381  7.3921e-05  7.0475e-09  2.5183e-09  3.0903e-08  1.0082e-06 -1.2737e-01  1.8203e-02  2.7489e-01  0:00:04   19
   382  7.1228e-05  6.6791e-09  2.4518e-09  2.9372e-08  1.0428e-06 -1.2738e-01  1.8203e-02  2.7494e-01  0:00:03   18

  iter  continuity  x-velocity  y-velocity      energy         nut          mz          cx          cy     time/iter
   383  6.8550e-05  6.2906e-09  2.4019e-09  2.7805e-08  1.1135e-06 -1.2739e-01  1.8203e-02  2.7498e-01  0:00:02   17
   384  6.5779e-05  5.8919e-09  2.3647e-09  2.6328e-08  1.2042e-06 -1.2739e-01  1.8203e-02  2.7502e-01  0:00:02   16
   385  6.2952e-05  5.5452e-09  2.2767e-09  2.4967e-08  1.2899e-06 -1.2740e-01  1.8202e-02  2.7505e-01  0:00:01   15
   386  6.0128e-05  5.2509e-09  2.1525e-09  2.3746e-08  1.3667e-06 -1.2740e-01  1.8201e-02  2.7506e-01  0:00:01   14
   387  5.7367e-05  5.0243e-09  2.0033e-09  2.2570e-08  1.4291e-06 -1.2740e-01  1.8200e-02  2.7507e-01  0:00:03   13
   388  5.4552e-05  4.8351e-09  1.8581e-09  2.1533e-08  1.4734e-06 -1.2740e-01  1.8199e-02  2.7506e-01  0:00:02   12
   389  5.2024e-05  4.6741e-09  1.7201e-09  2.0665e-08  1.4965e-06 -1.2740e-01  1.8198e-02  2.7505e-01  0:00:02   11
   390  4.9796e-05  4.5316e-09  1.5909e-09  1.9933e-08  1.4975e-06 -1.2740e-01  1.8197e-02  2.7504e-01  0:00:01   10
   391  4.7712e-05  4.3812e-09  1.4919e-09  1.9181e-08  1.4745e-06 -1.2740e-01  1.8197e-02  2.7502e-01  0:00:01    9
   392  4.5759e-05  4.2158e-09  1.4265e-09  1.8383e-08  1.4297e-06 -1.2740e-01  1.8196e-02  2.7501e-01  0:00:01    8
   393  4.3928e-05  4.0261e-09  1.3754e-09  1.7542e-08  1.3644e-06 -1.2740e-01  1.8196e-02  2.7500e-01  0:00:00    7

  iter  continuity  x-velocity  y-velocity      energy         nut          mz          cx          cy     time/iter
   394  4.2180e-05  3.8177e-09  1.3204e-09  1.6662e-08  1.2816e-06 -1.2741e-01  1.8196e-02  2.7499e-01  0:00:02    6
   395  4.0444e-05  3.5999e-09  1.2604e-09  1.5803e-08  1.1862e-06 -1.2741e-01  1.8197e-02  2.7498e-01  0:00:01    5
   396  3.8692e-05  3.3914e-09  1.1894e-09  1.5012e-08  1.0823e-06 -1.2741e-01  1.8197e-02  2.7499e-01  0:00:01    4
   397  3.6896e-05  3.2018e-09  1.1188e-09  1.4350e-08  9.7448e-07 -1.2741e-01  1.8198e-02  2.7499e-01  0:00:00    3
   398  3.5155e-05  3.0683e-09  1.0500e-09  1.3790e-08  8.6705e-07 -1.2741e-01  1.8199e-02  2.7501e-01  0:00:00    2
   399  3.3530e-05  2.9654e-09  9.9373e-10  1.3301e-08  7.6565e-07 -1.2741e-01  1.8199e-02  2.7502e-01  0:00:00    1
   400  3.1987e-05  2.8726e-09  9.5096e-10  1.2831e-08  6.7253e-07 -1.2742e-01  1.8200e-02  2.7504e-01  0:00:00    0

  iter  continuity  x-velocity  y-velocity      energy         nut          mz          cx          cy     time/iter
   400  3.1987e-05  2.8726e-09  9.5096e-10  1.2831e-08  6.7253e-07 -1.2742e-01  1.8200e-02  2.7504e-01  0:00:11   50
   401  2.4556e-02  2.7798e-09  9.2154e-10  3.2285e-06  1.2988e-04 -1.2782e-01  1.8228e-02  2.7929e-01  0:00:09   49
   402  2.5378e-02  8.7601e-07  6.8282e-06  3.8710e-06  4.8206e-04 -1.2922e-01  1.8218e-02  2.9029e-01  0:00:07   48
   403  1.4469e-02  6.5252e-07  8.1540e-06  3.3244e-06  7.7435e-04 -1.3103e-01  1.8299e-02  3.0605e-01  0:00:05   47
   404  8.4057e-03  9.0784e-07  8.2941e-06  2.8896e-06  9.5502e-04 -1.3289e-01  1.8507e-02  3.2433e-01  0:00:04   46
   405  9.6561e-03  1.0138e-06  7.8121e-06  3.3808e-06  1.0219e-03 -1.3441e-01  1.8827e-02  3.4247e-01  0:00:03   45
   406  1.2573e-02  1.0199e-06  6.8777e-06  3.5740e-06  9.8071e-04 -1.3558e-01  1.9223e-02  3.5965e-01  0:00:11   44
   407  1.3919e-02  9.1880e-07  5.6703e-06  3.4704e-06  8.6124e-04 -1.3639e-01  1.9713e-02  3.7428e-01  0:00:09   43
   408  1.3399e-02  7.5223e-07  4.5870e-06  3.2132e-06  7.0445e-04 -1.3676e-01  2.0220e-02  3.8633e-01  0:00:07   42
   409  1.2470e-02  5.7779e-07  3.7605e-06  2.9072e-06  5.4456e-04 -1.3680e-01  2.0667e-02  3.9532e-01  0:00:05   41
   410  1.1477e-02  4.8523e-07  2.9616e-06  2.8021e-06  4.0404e-04 -1.3665e-01  2.1070e-02  4.0112e-01  0:00:04   40

  iter  continuity  x-velocity  y-velocity      energy         nut          mz          cx          cy     time/iter
   411  1.0079e-02  5.0290e-07  2.1183e-06  2.7315e-06  2.8789e-04 -1.3635e-01  2.1396e-02  4.0428e-01  0:00:03   39
   412  8.6115e-03  5.7949e-07  1.4304e-06  2.6469e-06  2.0262e-04 -1.3596e-01  2.1620e-02  4.0526e-01  0:00:03   38
   413  7.0620e-03  6.5236e-07  1.0508e-06  2.5334e-06  1.4563e-04 -1.3549e-01  2.1718e-02  4.0456e-01  0:00:02   37
   414  5.6379e-03  7.1915e-07  1.0942e-06  2.3952e-06  1.2137e-04 -1.3503e-01  2.1739e-02  4.0268e-01  0:00:09   36
   415  4.6235e-03  7.2209e-07  1.1584e-06  2.2200e-06  1.2343e-04 -1.3458e-01  2.1670e-02  4.0003e-01  0:00:07   35
   416  4.1384e-03  6.7221e-07  1.1016e-06  1.9934e-06  1.2910e-04 -1.3414e-01  2.1556e-02  3.9687e-01  0:00:05   34
   417  3.9933e-03  5.9869e-07  9.6757e-07  1.7083e-06  1.2841e-04 -1.3373e-01  2.1409e-02  3.9361e-01  0:00:04   33
   418  3.9277e-03  4.9472e-07  8.1989e-07  1.4343e-06  1.1914e-04 -1.3335e-01  2.1256e-02  3.9039e-01  0:00:03   32
   419  3.5769e-03  3.6639e-07  7.0442e-07  1.1939e-06  1.0505e-04 -1.3300e-01  2.1108e-02  3.8738e-01  0:00:09   31
   420  3.1872e-03  2.5655e-07  5.8863e-07  1.0494e-06  8.9470e-05 -1.3264e-01  2.0958e-02  3.8456e-01  0:00:07   30
   421  2.6813e-03  1.9429e-07  4.7366e-07  9.8592e-07  7.3614e-05 -1.3229e-01  2.0814e-02  3.8129e-01  0:00:05   29

  iter  continuity  x-velocity  y-velocity      energy         nut          mz          cx          cy     time/iter
   422  2.1835e-03  2.1208e-07  3.6202e-07  9.0884e-07  6.0195e-05 -1.3199e-01  2.0699e-02  3.7866e-01  0:00:04   28
   423  1.8452e-03  2.5251e-07  2.7679e-07  8.4561e-07  4.8867e-05 -1.3177e-01  2.0624e-02  3.7667e-01  0:00:03   27
   424  1.7058e-03  2.6248e-07  2.1176e-07  7.9283e-07  4.0574e-05 -1.3164e-01  2.0574e-02  3.7536e-01  0:00:02   26
   425  1.6135e-03  2.6659e-07  1.5856e-07  7.3532e-07  3.4938e-05 -1.3154e-01  2.0536e-02  3.7460e-01  0:00:02   25
   426  1.5308e-03  2.4868e-07  1.2002e-07  6.6292e-07  3.1698e-05 -1.3151e-01  2.0509e-02  3.7429e-01  0:00:06   24
   427  1.4086e-03  2.2316e-07  9.7627e-08  5.8116e-07  2.9409e-05 -1.3154e-01  2.0492e-02  3.7446e-01  0:00:05   23
   428  1.2812e-03  1.8984e-07  8.5890e-08  5.0189e-07  2.7710e-05 -1.3161e-01  2.0489e-02  3.7489e-01  0:00:04   22
   429  1.1364e-03  1.6354e-07  8.3152e-08  4.2916e-07  2.5692e-05 -1.3170e-01  2.0498e-02  3.7552e-01  0:00:03   21
   430  1.0121e-03  1.3172e-07  8.1348e-08  3.7099e-07  2.3577e-05 -1.3181e-01  2.0511e-02  3.7630e-01  0:00:02   20
   431  8.9906e-04  1.0890e-07  7.6698e-08  3.2826e-07  2.1345e-05 -1.3193e-01  2.0525e-02  3.7708e-01  0:00:02   19
   432  7.9919e-04  9.1628e-08  6.9887e-08  2.9890e-07  1.8875e-05 -1.3204e-01  2.0537e-02  3.7786e-01  0:00:01   18

  iter  continuity  x-velocity  y-velocity      energy         nut          mz          cx          cy     time/iter
   433  7.0668e-04  7.9246e-08  6.1758e-08  2.7919e-07  1.6281e-05 -1.3214e-01  2.0547e-02  3.7859e-01  0:00:04   17
   434  6.2665e-04  7.3401e-08  5.3441e-08  2.6025e-07  1.3705e-05 -1.3223e-01  2.0556e-02  3.7921e-01  0:00:03   16
   435  5.6563e-04  6.9239e-08  4.6339e-08  2.4086e-07  1.1219e-05 -1.3230e-01  2.0564e-02  3.7974e-01  0:00:02   15
   436  5.2287e-04  6.4952e-08  4.1175e-08  2.2119e-07  9.0384e-06 -1.3235e-01  2.0569e-02  3.8013e-01  0:00:02   14
   437  4.9044e-04  5.9544e-08  3.6529e-08  2.0217e-07  7.2071e-06 -1.3238e-01  2.0570e-02  3.8035e-01  0:00:01   13
   438  4.6029e-04  5.4024e-08  3.2219e-08  1.8555e-07  5.7135e-06 -1.3238e-01  2.0570e-02  3.8044e-01  0:00:01   12
   439  4.3574e-04  4.9075e-08  2.8355e-08  1.7208e-07  4.6534e-06 -1.3236e-01  2.0567e-02  3.8040e-01  0:00:01   11
   440  4.1201e-04  4.4325e-08  2.4802e-08  1.6281e-07  3.9171e-06 -1.3233e-01  2.0560e-02  3.8025e-01  0:00:03   10
   441  3.8910e-04  4.0835e-08  2.1619e-08  1.5439e-07  3.4027e-06 -1.3230e-01  2.0557e-02  3.8008e-01  0:00:02    9
   442  3.6641e-04  3.8410e-08  1.8869e-08  1.4658e-07  3.1360e-06 -1.3226e-01  2.0555e-02  3.7989e-01  0:00:01    8
   443  3.4437e-04  3.6380e-08  1.6577e-08  1.3931e-07  2.9907e-06 -1.3223e-01  2.0555e-02  3.7970e-01  0:00:01    7

  iter  continuity  x-velocity  y-velocity      energy         nut          mz          cx          cy     time/iter
   444  3.2357e-04  3.4172e-08  1.4782e-08  1.3151e-07  2.7318e-06 -1.3221e-01  2.0555e-02  3.7955e-01  0:00:01    6
   445  3.0460e-04  3.2094e-08  1.3487e-08  1.2339e-07  2.4114e-06 -1.3219e-01  2.0557e-02  3.7944e-01  0:00:00    5
   446  2.8682e-04  3.0014e-08  1.2338e-08  1.1493e-07  2.0973e-06 -1.3217e-01  2.0560e-02  3.7939e-01  0:00:01    4
   447  2.6976e-04  2.7868e-08  1.1296e-08  1.0688e-07  1.8559e-06 -1.3217e-01  2.0563e-02  3.7938e-01  0:00:01    3
   448  2.5326e-04  2.5756e-08  1.0349e-08  9.9579e-08  1.7270e-06 -1.3216e-01  2.0567e-02  3.7942e-01  0:00:00    2
   449  2.3838e-04  2.3675e-08  9.4807e-09  9.3679e-08  1.7482e-06 -1.3217e-01  2.0571e-02  3.7950e-01  0:00:00    1
   450  2.2580e-04  2.1876e-08  8.7181e-09  8.8827e-08  1.8491e-06 -1.3217e-01  2.0574e-02  3.7959e-01  0:00:00    0

  iter  continuity  x-velocity  y-velocity      energy         nut          mz          cx          cy     time/iter
   450  2.2580e-04  2.1876e-08  8.7181e-09  8.8827e-08  1.8491e-06 -1.3217e-01  2.0574e-02  3.7959e-01  0:00:05   50
   451  2.1413e-04  2.0335e-08  8.1155e-09  8.4372e-08  1.9933e-06 -1.3218e-01  2.0575e-02  3.7969e-01  0:00:04   49
   452  2.0265e-04  1.8854e-08  7.6119e-09  7.9998e-08  2.1145e-06 -1.3218e-01  2.0576e-02  3.7979e-01  0:00:03   48
   453  1.9169e-04  1.7509e-08  7.1108e-09  7.5456e-08  2.1341e-06 -1.3219e-01  2.0575e-02  3.7987e-01  0:00:03   47
   454  1.8083e-04  1.6405e-08  6.6008e-09  7.0871e-08  2.0682e-06 -1.3219e-01  2.0573e-02  3.7993e-01  0:00:02   46
   455  1.7034e-04  1.5453e-08  6.0770e-09  6.6482e-08  1.9295e-06 -1.3219e-01  2.0569e-02  3.7995e-01  0:00:11   45
   456  1.6042e-04  1.4629e-08  5.5450e-09  6.2553e-08  1.7461e-06 -1.3218e-01  2.0564e-02  3.7995e-01  0:00:08   44
   457  1.5121e-04  1.3923e-08  5.0603e-09  5.9108e-08  1.5442e-06 -1.3217e-01  2.0558e-02  3.7991e-01  0:00:06   43
   458  1.4340e-04  1.3298e-08  4.6486e-09  5.6582e-08  1.3349e-06 -1.3216e-01  2.0552e-02  3.7984e-01  0:00:05   42
   459  1.3656e-04  1.2755e-08  4.3452e-09  5.4162e-08  1.1291e-06 -1.3216e-01  2.0546e-02  3.7976e-01  0:00:04   41
   460  1.2979e-04  1.2220e-08  4.1359e-09  5.1968e-08  9.4949e-07 -1.3215e-01  2.0540e-02  3.7966e-01  0:00:11   40

  iter  continuity  x-velocity  y-velocity      energy         nut          mz          cx          cy     time/iter
   461  1.2387e-04  1.1771e-08  4.0142e-09  4.9890e-08  8.0937e-07 -1.3214e-01  2.0534e-02  3.7955e-01  0:00:09   39
   462  1.1775e-04  1.1289e-08  3.9211e-09  4.7924e-08  7.2659e-07 -1.3213e-01  2.0529e-02  3.7944e-01  0:00:07   38
   463  1.1220e-04  1.0808e-08  3.8487e-09  4.5767e-08  6.9282e-07 -1.3213e-01  2.0526e-02  3.7934e-01  0:00:05   37
   464  1.0678e-04  1.0292e-08  3.7452e-09  4.3329e-08  6.9706e-07 -1.3213e-01  2.0524e-02  3.7926e-01  0:00:04   36
   465  1.0157e-04  9.7024e-09  3.5822e-09  4.0790e-08  7.1580e-07 -1.3213e-01  2.0523e-02  3.7921e-01  0:00:03   35
   466  9.6572e-05  9.1296e-09  3.3659e-09  3.8410e-08  7.1204e-07 -1.3213e-01  2.0523e-02  3.7917e-01  0:00:09   34
   467  9.1609e-05  8.5569e-09  3.1193e-09  3.6163e-08  6.8993e-07 -1.3214e-01  2.0524e-02  3.7916e-01  0:00:07   33
   468  8.6802e-05  8.0478e-09  2.8838e-09  3.4326e-08  6.5866e-07 -1.3214e-01  2.0525e-02  3.7917e-01  0:00:06   32
   469  8.2511e-05  7.6280e-09  2.6878e-09  3.2711e-08  6.2200e-07 -1.3215e-01  2.0527e-02  3.7919e-01  0:00:04   31
   470  7.8633e-05  7.2917e-09  2.5266e-09  3.1394e-08  5.8891e-07 -1.3215e-01  2.0529e-02  3.7922e-01  0:00:03   30
   471  7.4980e-05  6.9784e-09  2.4043e-09  3.0160e-08  5.7475e-07 -1.3216e-01  2.0532e-02  3.7927e-01  0:00:03   29

  iter  continuity  x-velocity  y-velocity      energy         nut          mz          cx          cy     time/iter
   472  7.1740e-05  6.6777e-09  2.3059e-09  2.8917e-08  5.9373e-07 -1.3216e-01  2.0534e-02  3.7932e-01  0:00:08   28
   473  6.8766e-05  6.3808e-09  2.2312e-09  2.7645e-08  6.2502e-07 -1.3217e-01  2.0536e-02  3.7937e-01  0:00:06   27
   474  6.6011e-05  6.1103e-09  2.1587e-09  2.6331e-08  6.5357e-07 -1.3217e-01  2.0537e-02  3.7941e-01  0:00:05   26
   475  6.3262e-05  5.8257e-09  2.1031e-09  2.4602e-08  6.6869e-07 -1.3217e-01  2.0538e-02  3.7944e-01  0:00:03   25
   476  6.0640e-05  5.5112e-09  1.9835e-09  2.3159e-08  6.7413e-07 -1.3217e-01  2.0539e-02  3.7947e-01  0:00:03   24
   477  5.8257e-05  5.2344e-09  1.8877e-09  2.1957e-08  6.6281e-07 -1.3217e-01  2.0540e-02  3.7949e-01  0:00:07   23
   478  5.5846e-05  5.0509e-09  1.7999e-09  2.0940e-08  6.3729e-07 -1.3217e-01  2.0540e-02  3.7950e-01  0:00:05   22
   479  5.3503e-05  4.8964e-09  1.7123e-09  2.0044e-08  6.0275e-07 -1.3216e-01  2.0540e-02  3.7951e-01  0:00:04   21
   480  5.1087e-05  4.7287e-09  1.6104e-09  1.9159e-08  5.6474e-07 -1.3216e-01  2.0539e-02  3.7951e-01  0:00:03   20
   481  4.8928e-05  4.5504e-09  1.4899e-09  1.8279e-08  5.2792e-07 -1.3215e-01  2.0539e-02  3.7951e-01  0:00:02   19
   482  4.6758e-05  4.3788e-09  1.3616e-09  1.7472e-08  4.9574e-07 -1.3215e-01  2.0538e-02  3.7950e-01  0:00:02   18

  iter  continuity  x-velocity  y-velocity      energy         nut          mz          cx          cy     time/iter
   483  4.4761e-05  4.1900e-09  1.2534e-09  1.6705e-08  4.6908e-07 -1.3214e-01  2.0537e-02  3.7949e-01  0:00:01   17
   484  4.2941e-05  3.9958e-09  1.1904e-09  1.5998e-08  4.4821e-07 -1.3214e-01  2.0536e-02  3.7947e-01  0:00:04   16
   485  4.1158e-05  3.7976e-09  1.1690e-09  1.5302e-08  4.3257e-07 -1.3213e-01  2.0534e-02  3.7945e-01  0:00:03   15
   486  3.9494e-05  3.6275e-09  1.1541e-09  1.4640e-08  4.2072e-07 -1.3213e-01  2.0533e-02  3.7943e-01  0:00:02   14
   487  3.8006e-05  3.5130e-09  1.1360e-09  1.4082e-08  4.1060e-07 -1.3212e-01  2.0532e-02  3.7941e-01  0:00:02   13
   488  3.6637e-05  3.4035e-09  1.1091e-09  1.3550e-08  4.0003e-07 -1.3212e-01  2.0531e-02  3.7938e-01  0:00:01   12
   489  3.5337e-05  3.3096e-09  1.0869e-09  1.3042e-08  3.8744e-07 -1.3211e-01  2.0530e-02  3.7936e-01  0:00:01   11
   490  3.4089e-05  3.2126e-09  1.0589e-09  1.2557e-08  3.7192e-07 -1.3211e-01  2.0528e-02  3.7934e-01  0:00:01   10
   491  3.2862e-05  3.1316e-09  1.0217e-09  1.2073e-08  3.5335e-07 -1.3211e-01  2.0527e-02  3.7932e-01  0:00:02    9
   492  3.1668e-05  3.0631e-09  9.7321e-10  1.1629e-08  3.3180e-07 -1.3211e-01  2.0526e-02  3.7930e-01  0:00:02    8
   493  3.0550e-05  2.9977e-09  9.1868e-10  1.1183e-08  3.0754e-07 -1.3211e-01  2.0526e-02  3.7929e-01  0:00:01    7

  iter  continuity  x-velocity  y-velocity      energy         nut          mz          cx          cy     time/iter
   494  2.9431e-05  2.9282e-09  8.7542e-10  1.0761e-08  2.8178e-07 -1.3211e-01  2.0525e-02  3.7927e-01  0:00:01    6
   495  2.8285e-05  2.8477e-09  8.3641e-10  1.0299e-08  2.5607e-07 -1.3211e-01  2.0524e-02  3.7926e-01  0:00:01    5
   496  2.7176e-05  2.7633e-09  7.9532e-10  9.8635e-09  2.3043e-07 -1.3211e-01  2.0524e-02  3.7926e-01  0:00:00    4
   497  2.6089e-05  2.6715e-09  7.6037e-10  9.4289e-09  2.0466e-07 -1.3211e-01  2.0523e-02  3.7925e-01  0:00:00    3
   498  2.5094e-05  2.5730e-09  7.3465e-10  9.0106e-09  1.7860e-07 -1.3211e-01  2.0523e-02  3.7925e-01  0:00:01    2
   499  2.4095e-05  2.4771e-09  7.1471e-10  8.6578e-09  1.5285e-07 -1.3211e-01  2.0523e-02  3.7925e-01  0:00:00    1
   500  2.3060e-05  2.3915e-09  7.0784e-10  8.3697e-09  1.3071e-07 -1.3212e-01  2.0523e-02  3.7926e-01  0:00:00    0

  iter  continuity  x-velocity  y-velocity      energy         nut          mz          cx          cy     time/iter
   500  2.3060e-05  2.3915e-09  7.0784e-10  8.3697e-09  1.3071e-07 -1.3212e-01  2.0523e-02  3.7926e-01  0:00:08   50
   501  1.8743e-02  2.2660e-09  7.1620e-10  2.3526e-06  5.7590e-05 -1.3178e-01  2.0483e-02  3.7613e-01  0:00:06   49
   502  1.9555e-02  6.9281e-07  5.0290e-06  2.8588e-06  2.1696e-04 -1.3070e-01  2.0467e-02  3.6783e-01  0:00:05   48
   503  1.1068e-02  4.8144e-07  6.0256e-06  2.4181e-06  3.6382e-04 -1.2932e-01  2.0375e-02  3.5616e-01  0:00:04   47
   504  6.4149e-03  7.2275e-07  6.1296e-06  2.1097e-06  4.6540e-04 -1.2780e-01  2.0190e-02  3.4247e-01  0:00:12   46
   505  7.4569e-03  7.8887e-07  5.7757e-06  2.4595e-06  5.2124e-04 -1.2642e-01  1.9947e-02  3.2849e-01  0:00:10   45
   506  9.4903e-03  7.6059e-07  5.0827e-06  2.5889e-06  5.2846e-04 -1.2536e-01  1.9627e-02  3.1531e-01  0:00:08   44
   507  1.0767e-02  6.9178e-07  4.1858e-06  2.5380e-06  4.9804e-04 -1.2467e-01  1.9299e-02  3.0368e-01  0:00:06   43
   508  1.0462e-02  5.8267e-07  3.3915e-06  2.3344e-06  4.3888e-04 -1.2435e-01  1.8965e-02  2.9414e-01  0:00:05   42
   509  9.7309e-03  4.6114e-07  2.8024e-06  2.1552e-06  3.6406e-04 -1.2432e-01  1.8667e-02  2.8701e-01  0:00:04   41
   510  8.8193e-03  3.8544e-07  2.1727e-06  2.1012e-06  2.8755e-04 -1.2462e-01  1.8452e-02  2.8228e-01  0:00:03   40

  iter  continuity  x-velocity  y-velocity      energy         nut          mz          cx          cy     time/iter
   511  7.7945e-03  3.9001e-07  1.5769e-06  2.0477e-06  2.1997e-04 -1.2510e-01  1.8302e-02  2.7975e-01  0:00:02   39
   512  6.6611e-03  4.4594e-07  1.0934e-06  1.9839e-06  1.6919e-04 -1.2570e-01  1.8227e-02  2.7880e-01  0:00:09   38
   513  5.4772e-03  5.1059e-07  7.9836e-07  1.8852e-06  1.3058e-04 -1.2626e-01  1.8168e-02  2.7954e-01  0:00:07   37
   514  4.4005e-03  5.5422e-07  8.1851e-07  1.7888e-06  1.0567e-04 -1.2687e-01  1.8190e-02  2.8127e-01  0:00:06   36
   515  3.7346e-03  5.4866e-07  8.7677e-07  1.6599e-06  9.6252e-05 -1.2743e-01  1.8241e-02  2.8372e-01  0:00:04   35
   516  3.3102e-03  5.1798e-07  8.4089e-07  1.4734e-06  1.0220e-04 -1.2784e-01  1.8301e-02  2.8635e-01  0:00:03   34
   517  3.1725e-03  4.6141e-07  7.4006e-07  1.2639e-06  1.0600e-04 -1.2816e-01  1.8377e-02  2.8907e-01  0:00:03   33
   518  3.0733e-03  3.6901e-07  6.2604e-07  1.0612e-06  1.0224e-04 -1.2839e-01  1.8444e-02  2.9185e-01  0:00:08   32
   519  2.8325e-03  2.7758e-07  5.4337e-07  8.7876e-07  9.4043e-05 -1.2858e-01  1.8534e-02  2.9435e-01  0:00:07   31
   520  2.4918e-03  1.9442e-07  4.5658e-07  7.8873e-07  8.1887e-05 -1.2873e-01  1.8610e-02  2.9671e-01  0:00:05   30
   521  2.1135e-03  1.4790e-07  3.6635e-07  7.5228e-07  6.8777e-05 -1.2879e-01  1.8675e-02  2.9918e-01  0:00:04   29

  iter  continuity  x-velocity  y-velocity      energy         nut          mz          cx          cy     time/iter
   522  1.7219e-03  1.6721e-07  2.8173e-07  7.0228e-07  5.6164e-05 -1.2878e-01  1.8716e-02  3.0095e-01  0:00:03   28
   523  1.4256e-03  2.0401e-07  2.1851e-07  6.5685e-07  4.5349e-05 -1.2872e-01  1.8727e-02  3.0210e-01  0:00:02   27
   524  1.3045e-03  2.0722e-07  1.6650e-07  6.1426e-07  3.6441e-05 -1.2863e-01  1.8713e-02  3.0273e-01  0:00:07   26
   525  1.2165e-03  2.0493e-07  1.2402e-07  5.6883e-07  3.0399e-05 -1.2854e-01  1.8698e-02  3.0286e-01  0:00:05   25
   526  1.1384e-03  1.9620e-07  9.3212e-08  5.1668e-07  2.7609e-05 -1.2844e-01  1.8677e-02  3.0262e-01  0:00:04   24
   527  1.0559e-03  1.7136e-07  7.5432e-08  4.5515e-07  2.6428e-05 -1.2836e-01  1.8661e-02  3.0214e-01  0:00:03   23
   528  9.5934e-04  1.4535e-07  6.7305e-08  3.9554e-07  2.5873e-05 -1.2826e-01  1.8642e-02  3.0147e-01  0:00:02   22
   529  8.6641e-04  1.2355e-07  6.4879e-08  3.4457e-07  2.4968e-05 -1.2821e-01  1.8641e-02  3.0072e-01  0:00:02   21
   530  7.7703e-04  1.0057e-07  6.3426e-08  2.9935e-07  2.3724e-05 -1.2818e-01  1.8641e-02  3.0002e-01  0:00:05   20
   531  6.8719e-04  8.0909e-08  5.9117e-08  2.6621e-07  2.2211e-05 -1.2817e-01  1.8647e-02  2.9944e-01  0:00:04   19
   532  5.9947e-04  6.9196e-08  5.3556e-08  2.4232e-07  2.0379e-05 -1.2817e-01  1.8654e-02  2.9904e-01  0:00:03   18

  iter  continuity  x-velocity  y-velocity      energy         nut          mz          cx          cy     time/iter
   533  5.1859e-04  6.2416e-08  4.7615e-08  2.2303e-07  1.8272e-05 -1.2819e-01  1.8667e-02  2.9880e-01  0:00:02   17
   534  4.6188e-04  5.8319e-08  4.1654e-08  2.0493e-07  1.5997e-05 -1.2822e-01  1.8682e-02  2.9872e-01  0:00:02   16
   535  4.2499e-04  5.4282e-08  3.6307e-08  1.8718e-07  1.3636e-05 -1.2825e-01  1.8699e-02  2.9879e-01  0:00:01   15
   536  3.9900e-04  4.8928e-08  3.3034e-08  1.7078e-07  1.1290e-05 -1.2828e-01  1.8717e-02  2.9897e-01  0:00:01   14
   537  3.8168e-04  4.3892e-08  3.0016e-08  1.5791e-07  9.1102e-06 -1.2831e-01  1.8733e-02  2.9923e-01  0:00:03   13
   538  3.6538e-04  3.9826e-08  2.7361e-08  1.4821e-07  7.2801e-06 -1.2833e-01  1.8746e-02  2.9953e-01  0:00:02   12
   539  3.4811e-04  3.6827e-08  2.4743e-08  1.4116e-07  5.8778e-06 -1.2835e-01  1.8754e-02  2.9986e-01  0:00:02   11
   540  3.3087e-04  3.4423e-08  2.2221e-08  1.3414e-07  4.8239e-06 -1.2836e-01  1.8759e-02  3.0016e-01  0:00:01   10
   541  3.1263e-04  3.2494e-08  1.9671e-08  1.2766e-07  4.2089e-06 -1.2836e-01  1.8759e-02  3.0041e-01  0:00:01    9
   542  2.9403e-04  3.1366e-08  1.7248e-08  1.2139e-07  3.8366e-06 -1.2835e-01  1.8756e-02  3.0059e-01  0:00:01    8
   543  2.7684e-04  3.0469e-08  1.5265e-08  1.1481e-07  3.5161e-06 -1.2833e-01  1.8751e-02  3.0066e-01  0:00:00    7

  iter  continuity  x-velocity  y-velocity      energy         nut          mz          cx          cy     time/iter
   544  2.6134e-04  2.9318e-08  1.3588e-08  1.0934e-07  3.2752e-06 -1.2830e-01  1.8743e-02  3.0066e-01  0:00:02    6
   545  2.4630e-04  2.8110e-08  1.2224e-08  1.0377e-07  3.0900e-06 -1.2828e-01  1.8734e-02  3.0059e-01  0:00:01    5
   546  2.3222e-04  2.6591e-08  1.0966e-08  9.8849e-08  3.0453e-06 -1.2826e-01  1.8724e-02  3.0045e-01  0:00:01    4
   547  2.1811e-04  2.5002e-08  1.0002e-08  9.3737e-08  3.2913e-06 -1.2824e-01  1.8715e-02  3.0029e-01  0:00:00    3
   548  2.0479e-04  2.3180e-08  9.4318e-09  8.8525e-08  3.8131e-06 -1.2822e-01  1.8708e-02  3.0011e-01  0:00:00    2
   549  1.9469e-04  2.1214e-08  8.9515e-09  8.2784e-08  4.2160e-06 -1.2821e-01  1.8702e-02  2.9993e-01  0:00:00    1
   550  1.8660e-04  1.9349e-08  8.4742e-09  7.7242e-08  4.3970e-06 -1.2821e-01  1.8699e-02  2.9976e-01  0:00:00    0

  iter  continuity  x-velocity  y-velocity      energy         nut          mz          cx          cy     time/iter
   550  1.8660e-04  1.9349e-08  8.4742e-09  7.7242e-08  4.3970e-06 -1.2821e-01  1.8699e-02  2.9976e-01  0:00:03   50
   551  1.7751e-04  1.7621e-08  8.0052e-09  7.2234e-08  4.4125e-06 -1.2821e-01  1.8697e-02  2.9962e-01  0:00:03   49
   552  1.6771e-04  1.5965e-08  7.4896e-09  6.7558e-08  4.3511e-06 -1.2822e-01  1.8698e-02  2.9952e-01  0:00:12   48
   553  1.5785e-04  1.4762e-08  6.9058e-09  6.3112e-08  4.2158e-06 -1.2824e-01  1.8700e-02  2.9947e-01  0:00:09   47
   554  1.4781e-04  1.3895e-08  6.2682e-09  5.9009e-08  4.0306e-06 -1.2826e-01  1.8705e-02  2.9946e-01  0:00:07   46
   555  1.3814e-04  1.3048e-08  5.5989e-09  5.5404e-08  3.8198e-06 -1.2828e-01  1.8711e-02  2.9951e-01  0:00:06   45
   556  1.2982e-04  1.2289e-08  4.9811e-09  5.2836e-08  3.5805e-06 -1.2831e-01  1.8717e-02  2.9960e-01  0:00:04   44
   557  1.2244e-04  1.1669e-08  4.5483e-09  5.0970e-08  3.3194e-06 -1.2833e-01  1.8723e-02  2.9972e-01  0:00:03   43
   558  1.1598e-04  1.1124e-08  4.3043e-09  4.9402e-08  3.0425e-06 -1.2835e-01  1.8730e-02  2.9986e-01  0:00:03   42
   559  1.0992e-04  1.0639e-08  4.1609e-09  4.7823e-08  2.7613e-06 -1.2837e-01  1.8736e-02  3.0001e-01  0:00:10   41
   560  1.0408e-04  1.0223e-08  4.0801e-09  4.6258e-08  2.4949e-06 -1.2838e-01  1.8741e-02  3.0015e-01  0:00:08   40

  iter  continuity  x-velocity  y-velocity      energy         nut          mz          cx          cy     time/iter
   561  9.8615e-05  9.8012e-09  4.0315e-09  4.4423e-08  2.2468e-06 -1.2839e-01  1.8746e-02  3.0029e-01  0:00:06   39
   562  9.3896e-05  9.3327e-09  3.9731e-09  4.2338e-08  2.0191e-06 -1.2839e-01  1.8749e-02  3.0040e-01  0:00:05   38
   563  8.9470e-05  8.8309e-09  3.8232e-09  3.9991e-08  1.8242e-06 -1.2839e-01  1.8752e-02  3.0049e-01  0:00:04   37
   564  8.5325e-05  8.3247e-09  3.6237e-09  3.7636e-08  1.6712e-06 -1.2839e-01  1.8753e-02  3.0056e-01  0:00:03   36
   565  8.1270e-05  7.8580e-09  3.3525e-09  3.5467e-08  1.5397e-06 -1.2838e-01  1.8753e-02  3.0059e-01  0:00:02   35
   566  7.7261e-05  7.4608e-09  3.0423e-09  3.3394e-08  1.4401e-06 -1.2837e-01  1.8753e-02  3.0060e-01  0:00:09   34
   567  7.3327e-05  7.0811e-09  2.7288e-09  3.1500e-08  1.3745e-06 -1.2836e-01  1.8752e-02  3.0059e-01  0:00:07   33
   568  6.9690e-05  6.7267e-09  2.4971e-09  2.9837e-08  1.3060e-06 -1.2835e-01  1.8750e-02  3.0056e-01  0:00:05   32
   569  6.6600e-05  6.4136e-09  2.3314e-09  2.8487e-08  1.2390e-06 -1.2834e-01  1.8749e-02  3.0052e-01  0:00:04   31
   570  6.4002e-05  6.0983e-09  2.2201e-09  2.7243e-08  1.1652e-06 -1.2833e-01  1.8747e-02  3.0047e-01  0:00:03   30
   571  6.1734e-05  5.7849e-09  2.1446e-09  2.6040e-08  1.0901e-06 -1.2832e-01  1.8746e-02  3.0041e-01  0:00:02   29

  iter  continuity  x-velocity  y-velocity      energy         nut          mz          cx          cy     time/iter
   572  5.9326e-05  5.4810e-09  2.0966e-09  2.4854e-08  1.0204e-06 -1.2832e-01  1.8745e-02  3.0036e-01  0:00:02   28
   573  5.6965e-05  5.1727e-09  2.0531e-09  2.3239e-08  9.4245e-07 -1.2832e-01  1.8744e-02  3.0032e-01  0:00:07   27
   574  5.4742e-05  4.8638e-09  1.9447e-09  2.1884e-08  8.7128e-07 -1.2831e-01  1.8743e-02  3.0029e-01  0:00:05   26
   575  5.2557e-05  4.6482e-09  1.8557e-09  2.0844e-08  8.0327e-07 -1.2831e-01  1.8743e-02  3.0026e-01  0:00:04   25
   576  5.0363e-05  4.5219e-09  1.7572e-09  1.9884e-08  7.3793e-07 -1.2831e-01  1.8743e-02  3.0024e-01  0:00:03   24
   577  4.8123e-05  4.4183e-09  1.6520e-09  1.9024e-08  6.7509e-07 -1.2831e-01  1.8743e-02  3.0023e-01  0:00:02   23
   578  4.6142e-05  4.3560e-09  1.5397e-09  1.8261e-08  6.1727e-07 -1.2832e-01  1.8743e-02  3.0021e-01  0:00:02   22
   579  4.3957e-05  4.2358e-09  1.4241e-09  1.7469e-08  5.6471e-07 -1.2832e-01  1.8743e-02  3.0021e-01  0:00:01   21
   580  4.2057e-05  4.1219e-09  1.3135e-09  1.6696e-08  5.2012e-07 -1.2832e-01  1.8743e-02  3.0021e-01  0:00:05   20
   581  4.0438e-05  3.9775e-09  1.2201e-09  1.5923e-08  4.8729e-07 -1.2833e-01  1.8744e-02  3.0021e-01  0:00:04   19
   582  3.9028e-05  3.8167e-09  1.1523e-09  1.5187e-08  4.7134e-07 -1.2833e-01  1.8744e-02  3.0022e-01  0:00:03   18

  iter  continuity  x-velocity  y-velocity      energy         nut          mz          cx          cy     time/iter
   583  3.7634e-05  3.6283e-09  1.0963e-09  1.4749e-08  4.8352e-07 -1.2834e-01  1.8744e-02  3.0023e-01  0:00:02   17
   584  3.5916e-05  3.4611e-09  1.0915e-09  1.4229e-08  5.1158e-07 -1.2834e-01  1.8745e-02  3.0025e-01  0:00:02   16
   585  3.4345e-05  3.2855e-09  1.0817e-09  1.3627e-08  5.5839e-07 -1.2835e-01  1.8745e-02  3.0027e-01  0:00:04   15
   586  3.2777e-05  3.1181e-09  1.0576e-09  1.2996e-08  6.1393e-07 -1.2835e-01  1.8745e-02  3.0029e-01  0:00:03   14
   587  3.1259e-05  2.9644e-09  1.0154e-09  1.2216e-08  6.6398e-07 -1.2836e-01  1.8746e-02  3.0030e-01  0:00:02   13
   588  2.9833e-05  2.7996e-09  9.4523e-10  1.1695e-08  7.1707e-07 -1.2836e-01  1.8746e-02  3.0032e-01  0:00:02   12
   589  2.8368e-05  2.6899e-09  9.0964e-10  1.1181e-08  7.5849e-07 -1.2836e-01  1.8746e-02  3.0033e-01  0:00:01   11
   590  2.7032e-05  2.5823e-09  8.6612e-10  1.0671e-08  7.8748e-07 -1.2836e-01  1.8746e-02  3.0034e-01  0:00:01   10
   591  2.5715e-05  2.4612e-09  8.1886e-10  1.0110e-08  8.0228e-07 -1.2836e-01  1.8746e-02  3.0034e-01  0:00:01    9
   592  2.4445e-05  2.3348e-09  7.6888e-10  9.5744e-09  8.0197e-07 -1.2836e-01  1.8746e-02  3.0034e-01  0:00:02    8
   593  2.3231e-05  2.2008e-09  7.2701e-10  9.0843e-09  7.8656e-07 -1.2836e-01  1.8745e-02  3.0034e-01  0:00:01    7

  iter  continuity  x-velocity  y-velocity      energy         nut          mz          cx          cy     time/iter
   594  2.2099e-05  2.0688e-09  6.9375e-10  8.6031e-09  7.5652e-07 -1.2836e-01  1.8745e-02  3.0034e-01  0:00:01    6
   595  2.1075e-05  1.9469e-09  6.7516e-10  8.1884e-09  7.1347e-07 -1.2836e-01  1.8746e-02  3.0034e-01  0:00:01    5
   596  2.0169e-05  1.8358e-09  6.7064e-10  7.8009e-09  6.6237e-07 -1.2836e-01  1.8746e-02  3.0033e-01  0:00:00    4
   597  1.9345e-05  1.7363e-09  6.5297e-10  7.4237e-09  6.0294e-07 -1.2836e-01  1.8746e-02  3.0033e-01  0:00:00    3
   598  1.8546e-05  1.6479e-09  6.0989e-10  7.0823e-09  5.4026e-07 -1.2836e-01  1.8746e-02  3.0033e-01  0:00:00    2
   599  1.7820e-05  1.5894e-09  5.6883e-10  6.7304e-09  4.7543e-07 -1.2836e-01  1.8746e-02  3.0033e-01  0:00:00    1
   600  1.7211e-05  1.5471e-09  5.2382e-10  6.4443e-09  4.1289e-07 -1.2836e-01  1.8746e-02  3.0033e-01  0:00:00    0

Writing Settings file "C:\Users\vova1\AppData\Local\Temp\4"...
	writing rp variables ... Done.
	writing domain variables ... Done.
	writing solid (type fluid) (mixture) ... Done.
	writing inlet (type pressure-far-field) (mixture) ... Done.
	writing int_solid (type interior) (mixture) ... Done.
	writing wall (type wall) (mixture) ... Done.
	writing outlet (type pressure-outlet) (mixture) ... Done.
	writing zones map name-id ... Done.
Multicore SMT processors detected. Processor affinity set!
Reading "e:\tsagi_dipl\Diploma_bac\optimisation_working_folder\geom.msh"...
Buffering for file scan...


       Clearing partially read grid.
   71320 nodes.
   70807 quadrilateral cells, zone  7.
  141101 2D interior faces, zone  8.
     261 2D wall faces, zone  9.
     451 2D velocity-inlet faces, zone 10.
     314 2D pressure-outlet faces, zone 11.

Building...
     mesh
	auto partitioning mesh by Metis (fast),
	distributing mesh
		parts..........,
		faces..........,
		nodes..........,
		cells..........,
        bandwidth reduction using Reverse Cuthill-McKee: 5341/98 = 54.5
     materials,
     interface,
     domains,
     zones,
	outlet
	inlet
	wall
	int_solid
	solid
     parallel,
Done.
 Setting zone id of solid to 7.
 Setting zone id of int_solid to 8.
 Setting zone id of wall to 9.
 Setting zone id of inlet to 10.
 Setting zone id of outlet to 11.
Done.

Setting solid (mixture) ... Done.
Setting inlet (mixture) (zone type changed to pressure-far-field) ... Done.
Setting int_solid (mixture) ... Done.
Setting wall (mixture) ... Done.
Setting outlet (mixture) ... Done.



Following contexts active in the case file have been de-activated because of their current context control conditions:
"coupled-pseudo-transient"

Initialize using the hybrid initialization method.

Checking case topology... 
-This case combines farfield, inlets and outlets 
-Pressure information is available at the boundaries

	iter		scalar-0		scalar-1

        Stabilizing ads-0 to enhance linear solver robustness.
	1		1.000000e+00	1.000000e+00
	2		6.792336e-08	1.423105e-16
        Stabilizing ads-1 to enhance linear solver robustness.
	3		7.555885e-08	1.527315e-16
	4		5.716237e-08	1.637494e-16
	5		4.674904e-08	1.696271e-16
	6		3.896251e-08	1.453954e-16
        Stabilizing ads-1 to enhance linear solver robustness.
	7		3.321449e-08	1.388644e-16
        Stabilizing ads-1 to enhance linear solver robustness.
	8		2.936045e-08	1.041971e-16
	9		2.659696e-08	1.354219e-16
	10		2.462670e-08	1.552881e-16

Hybrid initialization is done.

  iter  continuity  x-velocity  y-velocity      energy         nut          mz          cx          cy     time/iter
     1  1.0000e+00  2.6415e-04  2.5708e-04  2.8077e-04  2.5500e-03  2.6287e-01  4.5160e-01 -5.6340e-01  0:00:00   99
     2  6.8947e-01  2.0746e-04  2.0601e-04  2.4252e-04  1.4621e-03  4.1355e-01  1.9206e-01 -1.1116e+00  0:04:54   98
     3  4.5397e-01  1.6904e-04  1.4524e-04  2.4731e-04  1.1363e-03  3.5381e-01  7.2362e-02 -1.0088e+00  0:03:53   97
     4  3.0438e-01  1.5966e-04  1.3438e-04  2.2418e-04  9.5181e-04  3.2949e-01  7.0842e-03 -9.4650e-01  0:03:04   96
     5  2.3743e-01  1.4544e-04  1.2039e-04  1.5852e-04  1.8569e-04  3.1062e-01 -2.7057e-02 -8.9078e-01  0:02:26   95
     6  2.0810e-01  1.1633e-04  8.2997e-05  1.0002e-04  7.7559e-05  2.9312e-01 -4.0494e-02 -8.4314e-01  0:02:14   94
     7  2.0255e-01  8.4907e-05  4.6481e-05  6.6033e-05  6.5186e-05  2.7651e-01 -4.2822e-02 -8.0226e-01  0:01:46   93
     8  2.0677e-01  6.0829e-05  2.5222e-05  4.5546e-05  5.9978e-05  2.5824e-01 -3.9346e-02 -7.6457e-01  0:01:24   92
     9  2.0757e-01  4.1887e-05  1.2982e-05  3.1784e-05  4.8977e-05  2.3741e-01 -3.2296e-02 -7.2825e-01  0:01:07   91
    10  1.9528e-01  2.8205e-05  7.1535e-06  2.2546e-05  3.7900e-05  2.1501e-01 -2.5138e-02 -7.0121e-01  0:00:53   90
    11  1.8755e-01  1.8920e-05  5.0279e-06  1.6781e-05  3.0185e-05  1.8731e-01 -1.8989e-02 -6.6572e-01  0:00:42   89

  iter  continuity  x-velocity  y-velocity      energy         nut          mz          cx          cy     time/iter
    12  1.7273e-01  1.2731e-05  4.1789e-06  1.3106e-05  2.4901e-05  1.4649e-01 -1.5931e-02 -5.9163e-01  0:00:33   88
    13  1.5487e-01  8.5595e-06  3.7924e-06  1.0945e-05  2.1499e-05  9.5612e-02 -1.4270e-02 -4.7751e-01  0:00:43   87
    14  1.3559e-01  6.6298e-06  3.4827e-06  9.7205e-06  1.9115e-05  4.8944e-02 -1.2447e-02 -3.5677e-01  0:00:34   86
    15  1.1510e-01  5.5306e-06  3.2016e-06  8.6498e-06  1.7771e-05  1.6012e-02 -9.1515e-03 -2.5966e-01  0:00:27   85
    16  1.0341e-01  4.8615e-06  2.9532e-06  7.8664e-06  1.7120e-05 -3.9134e-03 -5.6323e-03 -2.0309e-01  0:00:21   84
    17  9.9381e-02  4.4281e-06  2.7838e-06  7.3432e-06  1.7120e-05 -1.8782e-02 -1.8333e-03 -1.6525e-01  0:00:17   83
    18  9.3885e-02  4.1286e-06  2.6472e-06  7.0032e-06  1.7817e-05 -3.1449e-02  1.5528e-03 -1.3398e-01  0:00:13   82
    19  8.9835e-02  3.9212e-06  2.5116e-06  6.7070e-06  1.8639e-05 -4.1025e-02  4.2356e-03 -1.0960e-01  0:00:27   81
    20  8.3321e-02  3.7956e-06  2.3490e-06  6.4287e-06  1.9771e-05 -4.9285e-02  6.4894e-03 -8.5611e-02  0:00:21   80
    21  7.6727e-02  3.6745e-06  2.1779e-06  6.0931e-06  2.1598e-05 -5.6555e-02  8.3266e-03 -6.0794e-02  0:00:17   79
    22  7.2927e-02  3.5529e-06  1.9630e-06  5.6880e-06  2.2533e-05 -6.3555e-02  9.7706e-03 -3.4546e-02  0:00:13   78

  iter  continuity  x-velocity  y-velocity      energy         nut          mz          cx          cy     time/iter
    23  7.0071e-02  3.3182e-06  1.7247e-06  5.3460e-06  2.1917e-05 -7.3921e-02  1.0495e-02  1.4679e-02  0:00:10   77
    24  6.6570e-02  3.0760e-06  1.4922e-06  5.0591e-06  2.0440e-05 -8.5825e-02  1.1149e-02  8.9468e-02  0:00:08   76
    25  6.3850e-02  2.8089e-06  1.3111e-06  4.7820e-06  1.9030e-05 -9.6434e-02  1.2005e-02  1.7405e-01  0:00:07   75
    26  6.0665e-02  2.6223e-06  1.1763e-06  4.5714e-06  1.8845e-05 -1.0483e-01  1.2964e-02  2.5139e-01  0:00:20   74
    27  5.7185e-02  2.4860e-06  1.0714e-06  4.4328e-06  1.9875e-05 -1.1088e-01  1.3848e-02  3.1452e-01  0:00:16   73
    28  5.3819e-02  2.3858e-06  1.0123e-06  4.3962e-06  2.1803e-05 -1.1569e-01  1.4698e-02  3.6617e-01  0:00:12   72
    29  5.0053e-02  2.2456e-06  9.6523e-07  4.3115e-06  2.2556e-05 -1.1937e-01  1.5366e-02  4.0719e-01  0:00:10   71
    30  4.5845e-02  2.0971e-06  9.3712e-07  4.3054e-06  2.2718e-05 -1.2221e-01  1.6013e-02  4.3892e-01  0:00:08   70
    31  4.1762e-02  1.9694e-06  9.3278e-07  4.3484e-06  2.2503e-05 -1.2447e-01  1.6653e-02  4.6341e-01  0:00:20   69
    32  3.8279e-02  1.8574e-06  9.3081e-07  4.3291e-06  2.1908e-05 -1.2657e-01  1.7339e-02  4.8250e-01  0:00:16   68
    33  3.5555e-02  1.7388e-06  9.2351e-07  4.2410e-06  2.1058e-05 -1.2860e-01  1.8024e-02  4.9751e-01  0:00:12   67

  iter  continuity  x-velocity  y-velocity      energy         nut          mz          cx          cy     time/iter
    34  3.3104e-02  1.6401e-06  9.1130e-07  4.0955e-06  2.0028e-05 -1.3058e-01  1.8702e-02  5.0931e-01  0:00:10   66
    35  3.0928e-02  1.5448e-06  8.9373e-07  3.9146e-06  1.8845e-05 -1.3232e-01  1.9299e-02  5.1824e-01  0:00:21   65
    36  2.8893e-02  1.4725e-06  8.7713e-07  3.7305e-06  1.7973e-05 -1.3377e-01  1.9831e-02  5.2440e-01  0:00:16   64
    37  2.6992e-02  1.4155e-06  8.5534e-07  3.5398e-06  1.7148e-05 -1.3482e-01  2.0231e-02  5.2800e-01  0:00:13   63
    38  2.5134e-02  1.3706e-06  8.3275e-07  3.3612e-06  1.6228e-05 -1.3549e-01  2.0517e-02  5.2954e-01  0:00:10   62
    39  2.3310e-02  1.3431e-06  8.1026e-07  3.2021e-06  1.4984e-05 -1.3589e-01  2.0717e-02  5.2955e-01  0:00:08   61
    40  2.1562e-02  1.3300e-06  7.9005e-07  3.0677e-06  1.3651e-05 -1.3608e-01  2.0846e-02  5.2862e-01  0:00:18   60
    41  1.9962e-02  1.3225e-06  7.6942e-07  2.9603e-06  1.2588e-05 -1.3619e-01  2.0936e-02  5.2735e-01  0:00:14   59
    42  1.8528e-02  1.3136e-06  7.4695e-07  2.8484e-06  1.1543e-05 -1.3624e-01  2.1002e-02  5.2597e-01  0:00:11   58
    43  1.7218e-02  1.3051e-06  7.2392e-07  2.7646e-06  1.0702e-05 -1.3628e-01  2.1050e-02  5.2470e-01  0:00:09   57
    44  1.6048e-02  1.2979e-06  7.0549e-07  2.6905e-06  1.0165e-05 -1.3633e-01  2.1091e-02  5.2372e-01  0:00:07   56

  iter  continuity  x-velocity  y-velocity      energy         nut          mz          cx          cy     time/iter
    45  1.4976e-02  1.2821e-06  6.8648e-07  2.6100e-06  9.3716e-06 -1.3641e-01  2.1135e-02  5.2306e-01  0:00:05   55
    46  1.4000e-02  1.2557e-06  6.6240e-07  2.5212e-06  8.3660e-06 -1.3652e-01  2.1183e-02  5.2272e-01  0:00:15   54
    47  1.3089e-02  1.2178e-06  6.4055e-07  2.4250e-06  7.3175e-06 -1.3666e-01  2.1238e-02  5.2267e-01  0:00:12   53
    48  1.2334e-02  1.1798e-06  6.1816e-07  2.3272e-06  6.3139e-06 -1.3682e-01  2.1301e-02  5.2274e-01  0:00:09   52
    49  1.1692e-02  1.1446e-06  5.9514e-07  2.2259e-06  5.3583e-06 -1.3699e-01  2.1372e-02  5.2302e-01  0:00:07   51
    50  1.1091e-02  1.1087e-06  5.7285e-07  2.1266e-06  4.4616e-06 -1.3718e-01  2.1449e-02  5.2343e-01  0:00:06   50
    51  1.0509e-02  1.0695e-06  5.5144e-07  2.0330e-06  3.6849e-06 -1.3738e-01  2.1533e-02  5.2397e-01  0:00:14   49
    52  9.9047e-03  1.0299e-06  5.3037e-07  1.9421e-06  3.0632e-06 -1.3760e-01  2.1625e-02  5.2456e-01  0:00:11   48
    53  9.3094e-03  9.9341e-07  5.0926e-07  1.8569e-06  2.5986e-06 -1.3784e-01  2.1723e-02  5.2524e-01  0:00:09   47
    54  8.7955e-03  9.5793e-07  4.8858e-07  1.7795e-06  2.2669e-06 -1.3810e-01  2.1827e-02  5.2595e-01  0:00:07   46
    55  8.3310e-03  9.2222e-07  4.6870e-07  1.7060e-06  2.0138e-06 -1.3836e-01  2.1934e-02  5.2665e-01  0:00:05   45

  iter  continuity  x-velocity  y-velocity      energy         nut          mz          cx          cy     time/iter
    56  7.9026e-03  8.8386e-07  4.4815e-07  1.6374e-06  1.7985e-06 -1.3863e-01  2.2043e-02  5.2733e-01  0:00:13   44
    57  7.4897e-03  8.4852e-07  4.2992e-07  1.5725e-06  1.6099e-06 -1.3888e-01  2.2151e-02  5.2792e-01  0:00:10   43
    58  7.0970e-03  8.1613e-07  4.1151e-07  1.5149e-06  1.4714e-06 -1.3916e-01  2.2263e-02  5.2861e-01  0:00:08   42
    59  6.7451e-03  7.8583e-07  3.9442e-07  1.4594e-06  1.3339e-06 -1.3942e-01  2.2369e-02  5.2912e-01  0:00:06   41
    60  6.4304e-03  7.5721e-07  3.7439e-07  1.4100e-06  1.2217e-06 -1.3968e-01  2.2474e-02  5.2967e-01  0:00:05   40
    61  6.1331e-03  7.2916e-07  3.5659e-07  1.3611e-06  1.0878e-06 -1.3992e-01  2.2575e-02  5.3005e-01  0:00:04   39
    62  5.8745e-03  6.9934e-07  3.3845e-07  1.3110e-06  9.7109e-07 -1.4015e-01  2.2672e-02  5.3040e-01  0:00:11   38
    63  5.6288e-03  6.6992e-07  3.2250e-07  1.2627e-06  8.7209e-07 -1.4037e-01  2.2765e-02  5.3072e-01  0:00:08   37
    64  5.4048e-03  6.4252e-07  3.0714e-07  1.2174e-06  7.9098e-07 -1.4058e-01  2.2853e-02  5.3096e-01  0:00:14   36
    65  5.1908e-03  6.1454e-07  2.9255e-07  1.1720e-06  7.2625e-07 -1.4077e-01  2.2936e-02  5.3114e-01  0:00:11   35
    66  4.9719e-03  5.8649e-07  2.7795e-07  1.1282e-06  6.7383e-07 -1.4094e-01  2.3012e-02  5.3125e-01  0:00:08   34

  iter  continuity  x-velocity  y-velocity      energy         nut          mz          cx          cy     time/iter
    67  4.7584e-03  5.5804e-07  2.6436e-07  1.0851e-06  6.2841e-07 -1.4110e-01  2.3084e-02  5.3130e-01  0:00:06   33
    68  4.5668e-03  5.3056e-07  2.5139e-07  1.0421e-06  5.8883e-07 -1.4126e-01  2.3153e-02  5.3133e-01  0:00:11   32
    69  4.3835e-03  5.0398e-07  2.3894e-07  9.9783e-07  5.6028e-07 -1.4141e-01  2.3219e-02  5.3134e-01  0:00:09   31
    70  4.1988e-03  4.7815e-07  2.2667e-07  9.5533e-07  5.4849e-07 -1.4156e-01  2.3283e-02  5.3133e-01  0:00:07   30
    71  4.0188e-03  4.5260e-07  2.1518e-07  9.1358e-07  5.5326e-07 -1.4169e-01  2.3344e-02  5.3130e-01  0:00:05   29
    72  3.8481e-03  4.2750e-07  2.0442e-07  8.7212e-07  5.7610e-07 -1.4182e-01  2.3400e-02  5.3126e-01  0:00:10   28
    73  3.6824e-03  4.0429e-07  1.9410e-07  8.3183e-07  6.2276e-07 -1.4194e-01  2.3454e-02  5.3121e-01  0:00:07   27
    74  3.5213e-03  3.8171e-07  1.8361e-07  7.9284e-07  6.7567e-07 -1.4205e-01  2.3505e-02  5.3116e-01  0:00:06   26
    75  3.3650e-03  3.6018e-07  1.7347e-07  7.5518e-07  7.3297e-07 -1.4216e-01  2.3553e-02  5.3111e-01  0:00:04   25
    76  3.2175e-03  3.3968e-07  1.6461e-07  7.1831e-07  7.7728e-07 -1.4225e-01  2.3598e-02  5.3106e-01  0:00:03   24
    77  3.0663e-03  3.2012e-07  1.5616e-07  6.8263e-07  8.1114e-07 -1.4235e-01  2.3641e-02  5.3101e-01  0:00:07   23

  iter  continuity  x-velocity  y-velocity      energy         nut          mz          cx          cy     time/iter
    78  2.9151e-03  3.0160e-07  1.4809e-07  6.4836e-07  8.3348e-07 -1.4244e-01  2.3682e-02  5.3096e-01  0:00:06   22
    79  2.7727e-03  2.8387e-07  1.4035e-07  6.1501e-07  8.4795e-07 -1.4252e-01  2.3721e-02  5.3091e-01  0:00:04   21
    80  2.6360e-03  2.6704e-07  1.3308e-07  5.8287e-07  8.5586e-07 -1.4261e-01  2.3759e-02  5.3086e-01  0:00:07   20
    81  2.5038e-03  2.5091e-07  1.2638e-07  5.5206e-07  8.6476e-07 -1.4268e-01  2.3793e-02  5.3082e-01  0:00:05   19
    82  2.3740e-03  2.3571e-07  1.1984e-07  5.2265e-07  8.7253e-07 -1.4276e-01  2.3826e-02  5.3078e-01  0:00:04   18
    83  2.2518e-03  2.2145e-07  1.1423e-07  4.9419e-07  8.7107e-07 -1.4282e-01  2.3857e-02  5.3073e-01  0:00:03   17
    84  2.1383e-03  2.0766e-07  1.0817e-07  4.6702e-07  8.7274e-07 -1.4289e-01  2.3886e-02  5.3068e-01  0:00:02   16
    85  2.0320e-03  1.9480e-07  1.0194e-07  4.4142e-07  8.6915e-07 -1.4295e-01  2.3913e-02  5.3062e-01  0:00:02   15
    86  1.9305e-03  1.8271e-07  9.5696e-08  4.1742e-07  8.6467e-07 -1.4301e-01  2.3938e-02  5.3056e-01  0:00:04   14
    87  1.8304e-03  1.7148e-07  8.9910e-08  3.9397e-07  8.5510e-07 -1.4305e-01  2.3961e-02  5.3050e-01  0:00:03   13
    88  1.7314e-03  1.6065e-07  8.4261e-08  3.7189e-07  8.4518e-07 -1.4310e-01  2.3982e-02  5.3042e-01  0:00:02   12

  iter  continuity  x-velocity  y-velocity      energy         nut          mz          cx          cy     time/iter
    89  1.6405e-03  1.5068e-07  7.9176e-08  3.5134e-07  8.1950e-07 -1.4314e-01  2.4001e-02  5.3034e-01  0:00:02   11
    90  1.5505e-03  1.4135e-07  7.4782e-08  3.3137e-07  8.0180e-07 -1.4317e-01  2.4018e-02  5.3025e-01  0:00:01   10
    91  1.4681e-03  1.3254e-07  7.0247e-08  3.1246e-07  7.9154e-07 -1.4320e-01  2.4033e-02  5.3016e-01  0:00:01    9
    92  1.3878e-03  1.2451e-07  6.6298e-08  2.9444e-07  7.8666e-07 -1.4323e-01  2.4047e-02  5.3006e-01  0:00:02    8
    93  1.3142e-03  1.1676e-07  6.2317e-08  2.7727e-07  7.9195e-07 -1.4325e-01  2.4059e-02  5.2997e-01  0:00:02    7
    94  1.2468e-03  1.0960e-07  5.8693e-08  2.6101e-07  7.9322e-07 -1.4327e-01  2.4069e-02  5.2986e-01  0:00:01    6
    95  1.1794e-03  1.0299e-07  5.5547e-08  2.4564e-07  7.9183e-07 -1.4328e-01  2.4079e-02  5.2976e-01  0:00:01    5
    96  1.1190e-03  9.6712e-08  5.2376e-08  2.3113e-07  7.8948e-07 -1.4329e-01  2.4087e-02  5.2966e-01  0:00:01    4
    97  1.0603e-03  9.0830e-08  4.9437e-08  2.1789e-07  7.8277e-07 -1.4330e-01  2.4093e-02  5.2955e-01  0:00:01    3
    98  1.0014e-03  8.5417e-08  4.6865e-08  2.0549e-07  7.7481e-07 -1.4331e-01  2.4098e-02  5.2945e-01  0:00:00    2
    99  9.4755e-04  8.0365e-08  4.4216e-08  1.9404e-07  7.6044e-07 -1.4331e-01  2.4103e-02  5.2935e-01  0:00:00    1

  iter  continuity  x-velocity  y-velocity      energy         nut          mz          cx          cy     time/iter
   100  8.9405e-04  7.5877e-08  4.1830e-08  1.8322e-07  7.4248e-07 -1.4331e-01  2.4107e-02  5.2926e-01  0:00:00    0

  iter  continuity  x-velocity  y-velocity      energy         nut          mz          cx          cy     time/iter
   100  8.9405e-04  7.5877e-08  4.1830e-08  1.8322e-07  7.4248e-07 -1.4331e-01  2.4107e-02  5.2926e-01  0:00:13  100
   101  8.4548e-04  7.1447e-08  3.9392e-08  1.7283e-07  7.1897e-07 -1.4332e-01  2.4111e-02  5.2918e-01  0:00:10   99
   102  8.0026e-04  6.7490e-08  3.7322e-08  1.6322e-07  6.9514e-07 -1.4332e-01  2.4115e-02  5.2911e-01  0:00:08   98
   103  7.5669e-04  6.3778e-08  3.5207e-08  1.5423e-07  6.6845e-07 -1.4333e-01  2.4119e-02  5.2905e-01  0:00:06   97
   104  7.1699e-04  6.0350e-08  3.3260e-08  1.4585e-07  6.4231e-07 -1.4333e-01  2.4122e-02  5.2899e-01  0:00:24   96
   105  6.7918e-04  5.7141e-08  3.1652e-08  1.3781e-07  6.1075e-07 -1.4334e-01  2.4126e-02  5.2894e-01  0:00:19   95
   106  6.4263e-04  5.4085e-08  3.0194e-08  1.3032e-07  5.8025e-07 -1.4334e-01  2.4129e-02  5.2890e-01  0:00:15   94
   107  6.0867e-04  5.1321e-08  2.8856e-08  1.2349e-07  5.5617e-07 -1.4335e-01  2.4132e-02  5.2887e-01  0:00:12   93
   108  5.7645e-04  4.8796e-08  2.7660e-08  1.1710e-07  5.3259e-07 -1.4335e-01  2.4135e-02  5.2883e-01  0:00:10   92
   109  5.4631e-04  4.6430e-08  2.6194e-08  1.1104e-07  5.1059e-07 -1.4335e-01  2.4139e-02  5.2881e-01  0:00:08   91
   110  5.1886e-04  4.4188e-08  2.4786e-08  1.0540e-07  4.8857e-07 -1.4336e-01  2.4141e-02  5.2878e-01  0:00:24   90

  iter  continuity  x-velocity  y-velocity      energy         nut          mz          cx          cy     time/iter
   111  4.9253e-04  4.2078e-08  2.3516e-08  1.0016e-07  4.6549e-07 -1.4336e-01  2.4144e-02  5.2877e-01  0:00:19   89
   112  4.6777e-04  4.0057e-08  2.2278e-08  9.5201e-08  4.4187e-07 -1.4337e-01  2.4147e-02  5.2875e-01  0:00:15   88
   113  4.4439e-04  3.8089e-08  2.1018e-08  9.0497e-08  4.1875e-07 -1.4337e-01  2.4150e-02  5.2874e-01  0:00:12   87
   114  4.2213e-04  3.6278e-08  1.9875e-08  8.6134e-08  3.9687e-07 -1.4338e-01  2.4152e-02  5.2873e-01  0:00:09   86
   115  4.0080e-04  3.4636e-08  1.8847e-08  8.2030e-08  3.7653e-07 -1.4339e-01  2.4155e-02  5.2873e-01  0:00:07   85
   116  3.8020e-04  3.3060e-08  1.7928e-08  7.7900e-08  3.5654e-07 -1.4339e-01  2.4158e-02  5.2873e-01  0:00:23   84
   117  3.6100e-04  3.1544e-08  1.7080e-08  7.4336e-08  3.3675e-07 -1.4340e-01  2.4161e-02  5.2873e-01  0:00:18   83
   118  3.4278e-04  3.0116e-08  1.6295e-08  7.0988e-08  3.1629e-07 -1.4340e-01  2.4164e-02  5.2874e-01  0:00:14   82
   119  3.2593e-04  2.8773e-08  1.5542e-08  6.7908e-08  2.9497e-07 -1.4341e-01  2.4166e-02  5.2874e-01  0:00:11   81
   120  3.1029e-04  2.7499e-08  1.4820e-08  6.4904e-08  2.7456e-07 -1.4342e-01  2.4169e-02  5.2875e-01  0:00:09   80
   121  2.9597e-04  2.6278e-08  1.4147e-08  6.1957e-08  2.5142e-07 -1.4342e-01  2.4171e-02  5.2875e-01  0:00:23   79

  iter  continuity  x-velocity  y-velocity      energy         nut          mz          cx          cy     time/iter
   122  2.8251e-04  2.5112e-08  1.3513e-08  5.9222e-08  2.3122e-07 -1.4343e-01  2.4173e-02  5.2875e-01  0:00:18   78
   123  2.7006e-04  2.4000e-08  1.2886e-08  5.6701e-08  2.1319e-07 -1.4343e-01  2.4175e-02  5.2874e-01  0:00:14   77
   124  2.5742e-04  2.2935e-08  1.2282e-08  5.4221e-08  1.9735e-07 -1.4343e-01  2.4175e-02  5.2873e-01  0:00:11   76
   125  2.4609e-04  2.1925e-08  1.1742e-08  5.1774e-08  1.8318e-07 -1.4343e-01  2.4175e-02  5.2871e-01  0:00:24   75
   126  2.3452e-04  2.0962e-08  1.1187e-08  4.9469e-08  1.6987e-07 -1.4342e-01  2.4174e-02  5.2869e-01  0:00:19   74
   127  2.2231e-04  2.0030e-08  1.0669e-08  4.7242e-08  1.5713e-07 -1.4342e-01  2.4173e-02  5.2867e-01  0:00:15   73
   128  2.1013e-04  1.9134e-08  1.0148e-08  4.5096e-08  1.4469e-07 -1.4341e-01  2.4172e-02  5.2864e-01  0:00:12   72
   129  1.9786e-04  1.8272e-08  9.6266e-09  4.2958e-08  1.3229e-07 -1.4341e-01  2.4171e-02  5.2861e-01  0:00:09   71
   130  1.9156e-04  1.7444e-08  9.1637e-09  4.0919e-08  1.2038e-07 -1.4341e-01  2.4170e-02  5.2859e-01  0:00:07   70
   131  1.7802e-04  1.6652e-08  8.7122e-09  3.8976e-08  1.0900e-07 -1.4340e-01  2.4169e-02  5.2857e-01  0:00:20   69
   132  1.7068e-04  1.5885e-08  8.2980e-09  3.7153e-08  9.8037e-08 -1.4340e-01  2.4168e-02  5.2855e-01  0:00:15   68

  iter  continuity  x-velocity  y-velocity      energy         nut          mz          cx          cy     time/iter
   133  1.6308e-04  1.5148e-08  7.9086e-09  3.5406e-08  8.7763e-08 -1.4340e-01  2.4168e-02  5.2852e-01  0:00:12   67
   134  1.5588e-04  1.4427e-08  7.5201e-09  3.3679e-08  7.8004e-08 -1.4339e-01  2.4167e-02  5.2850e-01  0:00:10   66
   135  1.4838e-04  1.3752e-08  7.2282e-09  3.2021e-08  6.8817e-08 -1.4339e-01  2.4167e-02  5.2848e-01  0:00:08   65
   136  1.4102e-04  1.3105e-08  6.8664e-09  3.0437e-08  6.0722e-08 -1.4339e-01  2.4167e-02  5.2847e-01  0:00:19   64
   137  1.3429e-04  1.2495e-08  6.5645e-09  2.8935e-08  5.3351e-08 -1.4339e-01  2.4167e-02  5.2845e-01  0:00:15   63
   138  1.2806e-04  1.1909e-08  6.2374e-09  2.7521e-08  4.7278e-08 -1.4339e-01  2.4167e-02  5.2844e-01  0:00:12   62
   139  1.2217e-04  1.1355e-08  5.9762e-09  2.6198e-08  4.2174e-08 -1.4339e-01  2.4167e-02  5.2843e-01  0:00:09   61
   140  1.1668e-04  1.0823e-08  5.6890e-09  2.4938e-08  3.8199e-08 -1.4339e-01  2.4167e-02  5.2841e-01  0:00:07   60
   141  1.1158e-04  1.0311e-08  5.4314e-09  2.3739e-08  3.5294e-08 -1.4339e-01  2.4168e-02  5.2840e-01  0:00:06   59
   142  1.0652e-04  9.8272e-09  5.2194e-09  2.2591e-08  3.3337e-08 -1.4339e-01  2.4168e-02  5.2839e-01  0:00:16   58
   143  1.0152e-04  9.3604e-09  4.9749e-09  2.1496e-08  3.2501e-08 -1.4339e-01  2.4168e-02  5.2838e-01  0:00:13   57

  iter  continuity  x-velocity  y-velocity      energy         nut          mz          cx          cy     time/iter
   144  9.6954e-05  8.9229e-09  4.7758e-09  2.0464e-08  3.2490e-08 -1.4339e-01  2.4168e-02  5.2836e-01  0:00:10   56
   145  9.2556e-05  8.4975e-09  4.5400e-09  1.9490e-08  3.2981e-08 -1.4339e-01  2.4169e-02  5.2835e-01  0:00:08   55
   146  8.8281e-05  8.0924e-09  4.3231e-09  1.8564e-08  3.3510e-08 -1.4339e-01  2.4169e-02  5.2834e-01  0:00:06   54
   147  8.4026e-05  7.7118e-09  4.1420e-09  1.7677e-08  3.4066e-08 -1.4339e-01  2.4169e-02  5.2833e-01  0:00:15   53
   148  8.0112e-05  7.3415e-09  3.9406e-09  1.6843e-08  3.4410e-08 -1.4339e-01  2.4169e-02  5.2832e-01  0:00:12   52
   149  7.6556e-05  6.9880e-09  3.7545e-09  1.6047e-08  3.4572e-08 -1.4339e-01  2.4169e-02  5.2831e-01  0:00:09   51
   150  7.2999e-05  6.6577e-09  3.5982e-09  1.5290e-08  3.4704e-08 -1.4339e-01  2.4169e-02  5.2830e-01  0:00:07   50
   151  6.9392e-05  6.3368e-09  3.4193e-09  1.4572e-08  3.4884e-08 -1.4339e-01  2.4170e-02  5.2830e-01  0:00:16   49
   152  6.6063e-05  6.0364e-09  3.2721e-09  1.3876e-08  3.5090e-08 -1.4339e-01  2.4170e-02  5.2829e-01  0:00:12   48
   153  6.2855e-05  5.7438e-09  3.1067e-09  1.3222e-08  3.5114e-08 -1.4339e-01  2.4170e-02  5.2828e-01  0:00:10   47
   154  5.9879e-05  5.4684e-09  2.9694e-09  1.2598e-08  3.5087e-08 -1.4339e-01  2.4170e-02  5.2827e-01  0:00:08   46

  iter  continuity  x-velocity  y-velocity      energy         nut          mz          cx          cy     time/iter
   155  5.6820e-05  5.2005e-09  2.8141e-09  1.2004e-08  3.4955e-08 -1.4339e-01  2.4170e-02  5.2827e-01  0:00:06   45
   156  5.4039e-05  4.9525e-09  2.6869e-09  1.1436e-08  3.4772e-08 -1.4339e-01  2.4170e-02  5.2826e-01  0:00:05   44
   157  5.1458e-05  4.7121e-09  2.5469e-09  1.0905e-08  3.4504e-08 -1.4339e-01  2.4170e-02  5.2825e-01  0:00:12   43
   158  4.9028e-05  4.4874e-09  2.4329e-09  1.0395e-08  3.4216e-08 -1.4339e-01  2.4170e-02  5.2825e-01  0:00:10   42
   159  4.6520e-05  4.2727e-09  2.3196e-09  9.9037e-09  3.3856e-08 -1.4339e-01  2.4170e-02  5.2824e-01  0:00:07   41
   160  4.4294e-05  4.0625e-09  2.1987e-09  9.4319e-09  3.3365e-08 -1.4339e-01  2.4170e-02  5.2824e-01  0:00:06   40
   161  4.2246e-05  3.8653e-09  2.1008e-09  8.9806e-09  3.2810e-08 -1.4339e-01  2.4170e-02  5.2823e-01  0:00:05   39
   162  4.0254e-05  3.6778e-09  2.0029e-09  8.5549e-09  3.2160e-08 -1.4339e-01  2.4171e-02  5.2823e-01  0:00:04   38
   163  3.8401e-05  3.4967e-09  1.8976e-09  8.1495e-09  3.1288e-08 -1.4339e-01  2.4171e-02  5.2823e-01  0:00:10   37
   164  3.6588e-05  3.3277e-09  1.8115e-09  7.7613e-09  3.0392e-08 -1.4339e-01  2.4171e-02  5.2822e-01  0:00:08   36
   165  3.4869e-05  3.1676e-09  1.7268e-09  7.3919e-09  2.9547e-08 -1.4339e-01  2.4171e-02  5.2822e-01  0:00:06   35

  iter  continuity  x-velocity  y-velocity      energy         nut          mz          cx          cy     time/iter
   166  3.3232e-05  3.0129e-09  1.6362e-09  7.0411e-09  2.8717e-08 -1.4339e-01  2.4171e-02  5.2822e-01  0:00:05   34
   167  3.1634e-05  2.8679e-09  1.5621e-09  6.7058e-09  2.7933e-08 -1.4339e-01  2.4171e-02  5.2822e-01  0:00:04   33
   168  3.0088e-05  2.7310e-09  1.4873e-09  6.3885e-09  2.7125e-08 -1.4339e-01  2.4171e-02  5.2821e-01  0:00:03   32
   169  2.8626e-05  2.5985e-09  1.4081e-09  6.0882e-09  2.6195e-08 -1.4339e-01  2.4171e-02  5.2821e-01  0:00:08   31
   170  2.7191e-05  2.4753e-09  1.3439e-09  5.8020e-09  2.5246e-08 -1.4339e-01  2.4171e-02  5.2821e-01  0:00:07   30
   171  2.5808e-05  2.3592e-09  1.2809e-09  5.5311e-09  2.4335e-08 -1.4339e-01  2.4171e-02  5.2821e-01  0:00:05   29
   172  2.4595e-05  2.2481e-09  1.2208e-09  5.2727e-09  2.3415e-08 -1.4340e-01  2.4171e-02  5.2821e-01  0:00:04   28
   173  2.3560e-05  2.1405e-09  1.1579e-09  5.0248e-09  2.2497e-08 -1.4340e-01  2.4171e-02  5.2821e-01  0:00:03   27
   174  2.2474e-05  2.0407e-09  1.1064e-09  4.7908e-09  2.1551e-08 -1.4340e-01  2.4171e-02  5.2821e-01  0:00:02   26
   175  2.1510e-05  1.9445e-09  1.0502e-09  4.5705e-09  2.0591e-08 -1.4340e-01  2.4172e-02  5.2821e-01  0:00:07   25
   176  2.0488e-05  1.8541e-09  1.0036e-09  4.3600e-09  1.9613e-08 -1.4340e-01  2.4172e-02  5.2821e-01  0:00:05   24

  iter  continuity  x-velocity  y-velocity      energy         nut          mz          cx          cy     time/iter
   177  1.9584e-05  1.7663e-09  9.5276e-10  4.1571e-09  1.8645e-08 -1.4340e-01  2.4172e-02  5.2820e-01  0:00:04   23
   178  1.8658e-05  1.6823e-09  9.1075e-10  3.9614e-09  1.7725e-08 -1.4340e-01  2.4172e-02  5.2820e-01  0:00:03   22
   179  1.7807e-05  1.6017e-09  8.6472e-10  3.7727e-09  1.6888e-08 -1.4340e-01  2.4172e-02  5.2820e-01  0:00:02   21
   180  1.6958e-05  1.5270e-09  8.2686e-10  3.5935e-09  1.6112e-08 -1.4340e-01  2.4172e-02  5.2820e-01  0:00:02   20
   181  1.6178e-05  1.4546e-09  7.8524e-10  3.4215e-09  1.5357e-08 -1.4340e-01  2.4172e-02  5.2820e-01  0:00:05   19
   182  1.5414e-05  1.3866e-09  7.5073e-10  3.2575e-09  1.4619e-08 -1.4340e-01  2.4172e-02  5.2820e-01  0:00:04   18
   183  1.4702e-05  1.3206e-09  7.1285e-10  3.0996e-09  1.3897e-08 -1.4340e-01  2.4172e-02  5.2820e-01  0:00:03   17
   184  1.4003e-05  1.2588e-09  6.8174e-10  2.9494e-09  1.3189e-08 -1.4340e-01  2.4172e-02  5.2820e-01  0:00:05   16
   185  1.3334e-05  1.1989e-09  6.4714e-10  2.8056e-09  1.2531e-08 -1.4340e-01  2.4172e-02  5.2820e-01  0:00:04   15
   186  1.2694e-05  1.1426e-09  6.1864e-10  2.6706e-09  1.1912e-08 -1.4340e-01  2.4172e-02  5.2820e-01  0:00:03   14
   187  1.2082e-05  1.0882e-09  5.8693e-10  2.5411e-09  1.1314e-08 -1.4340e-01  2.4172e-02  5.2820e-01  0:00:02   13

  iter  continuity  x-velocity  y-velocity      energy         nut          mz          cx          cy     time/iter
   188  1.1510e-05  1.0363e-09  5.5784e-10  2.4182e-09  1.0758e-08 -1.4340e-01  2.4173e-02  5.2820e-01  0:00:02   12
   189  1.0952e-05  9.8825e-10  5.3337e-10  2.3015e-09  1.0224e-08 -1.4340e-01  2.4173e-02  5.2820e-01  0:00:01   11
   190  1.0422e-05  9.4155e-10  5.0619e-10  2.1897e-09  9.7340e-09 -1.4340e-01  2.4173e-02  5.2820e-01  0:00:03   10
   191  9.9164e-06  8.9770e-10  4.8365e-10  2.0829e-09  9.2752e-09 -1.4340e-01  2.4173e-02  5.2820e-01  0:00:02    9
   192  9.4250e-06  8.5519e-10  4.5848e-10  1.9805e-09  8.8374e-09 -1.4340e-01  2.4173e-02  5.2820e-01  0:00:01    8
   193  8.9704e-06  8.1478e-10  4.3561e-10  1.8829e-09  8.4442e-09 -1.4340e-01  2.4173e-02  5.2820e-01  0:00:01    7
   194  8.5412e-06  7.7688e-10  4.1622e-10  1.7904e-09  8.0749e-09 -1.4340e-01  2.4173e-02  5.2820e-01  0:00:01    6
   195  8.1117e-06  7.4027e-10  3.9469e-10  1.7017e-09  7.7222e-09 -1.4340e-01  2.4173e-02  5.2820e-01  0:00:00    5
   196  7.6928e-06  7.0536e-10  3.7255e-10  1.6186e-09  7.4089e-09 -1.4340e-01  2.4173e-02  5.2820e-01  0:00:01    4
   197  7.3135e-06  6.7266e-10  3.5445e-10  1.5410e-09  7.1102e-09 -1.4340e-01  2.4173e-02  5.2820e-01  0:00:01    3
   198  6.9438e-06  6.4108e-10  3.3549e-10  1.4661e-09  6.8435e-09 -1.4340e-01  2.4173e-02  5.2820e-01  0:00:00    2

  iter  continuity  x-velocity  y-velocity      energy         nut          mz          cx          cy     time/iter
   199  6.6025e-06  6.1143e-10  3.2047e-10  1.3943e-09  6.5897e-09 -1.4340e-01  2.4173e-02  5.2820e-01  0:00:00    1
   200  6.2740e-06  5.8271e-10  3.0353e-10  1.3255e-09  6.3641e-09 -1.4340e-01  2.4173e-02  5.2820e-01  0:00:00    0

  iter  continuity  x-velocity  y-velocity      energy         nut          mz          cx          cy     time/iter
   200  6.2740e-06  5.8271e-10  3.0353e-10  1.3255e-09  6.3641e-09 -1.4340e-01  2.4173e-02  5.2820e-01  0:00:06   50
   201  2.8942e-02  5.5571e-10  2.8981e-10  1.6556e-06  6.3039e-06 -1.4293e-01  2.4101e-02  5.2411e-01  0:00:04   49
   202  3.0659e-02  5.4701e-07  3.9631e-06  2.0330e-06  2.5087e-05 -1.4165e-01  2.4082e-02  5.1411e-01  0:00:03   48
   203  1.7252e-02  4.0152e-07  4.8485e-06  1.7786e-06  4.6323e-05 -1.3986e-01  2.3977e-02  5.0006e-01  0:00:03   47
   204  1.0086e-02  6.3740e-07  5.1313e-06  1.6272e-06  6.9572e-05 -1.3787e-01  2.3703e-02  4.8424e-01  0:00:02   46
   205  1.1300e-02  7.3034e-07  5.0962e-06  2.0181e-06  9.3903e-05 -1.3591e-01  2.3321e-02  4.6811e-01  0:00:02   45
   206  1.4546e-02  7.4898e-07  4.7374e-06  2.2657e-06  1.1429e-04 -1.3416e-01  2.2874e-02  4.5304e-01  0:00:01   44
   207  1.6700e-02  7.2514e-07  4.1043e-06  2.3494e-06  1.2463e-04 -1.3281e-01  2.2431e-02  4.4006e-01  0:00:10   43
   208  1.6174e-02  6.4367e-07  3.4413e-06  2.2433e-06  1.1984e-04 -1.3180e-01  2.1944e-02  4.2977e-01  0:00:08   42
   209  1.5214e-02  5.3271e-07  2.9165e-06  2.1142e-06  1.0448e-04 -1.3126e-01  2.1523e-02  4.2208e-01  0:00:06   41
   210  1.3931e-02  4.5590e-07  2.3017e-06  2.0948e-06  8.5743e-05 -1.3108e-01  2.1183e-02  4.1703e-01  0:00:05   40

  iter  continuity  x-velocity  y-velocity      energy         nut          mz          cx          cy     time/iter
   211  1.2212e-02  4.5497e-07  1.6829e-06  2.0598e-06  6.7480e-05 -1.3119e-01  2.0950e-02  4.1438e-01  0:00:04   39
   212  1.0439e-02  5.0589e-07  1.1706e-06  1.9979e-06  5.2955e-05 -1.3154e-01  2.0838e-02  4.1374e-01  0:00:03   38
   213  8.5459e-03  5.6982e-07  8.6514e-07  1.9080e-06  4.2727e-05 -1.3208e-01  2.0827e-02  4.1497e-01  0:00:10   37
   214  6.8991e-03  6.1533e-07  8.8168e-07  1.8107e-06  3.5357e-05 -1.3270e-01  2.0904e-02  4.1740e-01  0:00:07   36
   215  5.8620e-03  6.0987e-07  9.4538e-07  1.6855e-06  3.0747e-05 -1.3333e-01  2.1040e-02  4.2046e-01  0:00:06   35
   216  5.1393e-03  5.8173e-07  9.1329e-07  1.5024e-06  3.0102e-05 -1.3389e-01  2.1207e-02  4.2383e-01  0:00:05   34
   217  4.8983e-03  5.1473e-07  8.0898e-07  1.2792e-06  3.1191e-05 -1.3437e-01  2.1380e-02  4.2709e-01  0:00:03   33
   218  4.7650e-03  4.1738e-07  6.8633e-07  1.0615e-06  3.1385e-05 -1.3479e-01  2.1560e-02  4.3010e-01  0:00:03   32
   219  4.3979e-03  3.1633e-07  5.9740e-07  8.6709e-07  3.0089e-05 -1.3516e-01  2.1725e-02  4.3284e-01  0:00:02   31
   220  3.8550e-03  2.2434e-07  5.0447e-07  7.6709e-07  2.7861e-05 -1.3548e-01  2.1876e-02  4.3521e-01  0:00:08   30
   221  3.2383e-03  1.6598e-07  4.0715e-07  7.0306e-07  2.4964e-05 -1.3573e-01  2.2002e-02  4.3714e-01  0:00:06   29

  iter  continuity  x-velocity  y-velocity      energy         nut          mz          cx          cy     time/iter
   222  2.6636e-03  1.8019e-07  3.1314e-07  6.6550e-07  2.2120e-05 -1.3598e-01  2.2129e-02  4.3911e-01  0:00:05   28
   223  2.1953e-03  2.2168e-07  2.4297e-07  6.2652e-07  1.9077e-05 -1.3620e-01  2.2229e-02  4.4062e-01  0:00:04   27
   224  1.9602e-03  2.2624e-07  1.8618e-07  5.9150e-07  1.6535e-05 -1.3637e-01  2.2289e-02  4.4173e-01  0:00:03   26
   225  1.8270e-03  2.2611e-07  1.3817e-07  5.5025e-07  1.4596e-05 -1.3647e-01  2.2322e-02  4.4237e-01  0:00:02   25
   226  1.6826e-03  2.1802e-07  1.0285e-07  5.0160e-07  1.3506e-05 -1.3654e-01  2.2344e-02  4.4272e-01  0:00:02   24
   227  1.5339e-03  1.9268e-07  8.2731e-08  4.4179e-07  1.3161e-05 -1.3656e-01  2.2356e-02  4.4280e-01  0:00:06   23
   228  1.3796e-03  1.6433e-07  7.4368e-08  3.7990e-07  1.2877e-05 -1.3654e-01  2.2356e-02  4.4265e-01  0:00:04   22
   229  1.2304e-03  1.4157e-07  7.1859e-08  3.2595e-07  1.2373e-05 -1.3649e-01  2.2349e-02  4.4234e-01  0:00:03   21
   230  1.1019e-03  1.1699e-07  7.1516e-08  2.8074e-07  1.1813e-05 -1.3642e-01  2.2337e-02  4.4195e-01  0:00:03   20
   231  9.7414e-04  9.3902e-08  6.7577e-08  2.4676e-07  1.1107e-05 -1.3634e-01  2.2324e-02  4.4154e-01  0:00:06   19
   232  8.5049e-04  7.9768e-08  6.2035e-08  2.2577e-07  1.0353e-05 -1.3627e-01  2.2312e-02  4.4115e-01  0:00:04   18

  iter  continuity  x-velocity  y-velocity      energy         nut          mz          cx          cy     time/iter
   233  7.4007e-04  7.1912e-08  5.5130e-08  2.0931e-07  9.4997e-06 -1.3621e-01  2.2303e-02  4.4085e-01  0:00:03   17
   234  6.6429e-04  6.6793e-08  4.8205e-08  1.9299e-07  8.6254e-06 -1.3618e-01  2.2298e-02  4.4068e-01  0:00:02   16
   235  6.1295e-04  6.2882e-08  4.1919e-08  1.7614e-07  7.8694e-06 -1.3617e-01  2.2298e-02  4.4065e-01  0:00:02   15
   236  5.7888e-04  5.6657e-08  3.7404e-08  1.6056e-07  7.1966e-06 -1.3618e-01  2.2303e-02  4.4075e-01  0:00:01   14
   237  5.5198e-04  5.1480e-08  3.3627e-08  1.4911e-07  6.7382e-06 -1.3621e-01  2.2312e-02  4.4095e-01  0:00:01   13
   238  5.2329e-04  4.7023e-08  3.0221e-08  1.4065e-07  6.5398e-06 -1.3626e-01  2.2324e-02  4.4124e-01  0:00:03   12
   239  4.9526e-04  4.3968e-08  2.6583e-08  1.3389e-07  6.6206e-06 -1.3631e-01  2.2337e-02  4.4155e-01  0:00:02   11
   240  4.7234e-04  4.0892e-08  2.3322e-08  1.2571e-07  6.7222e-06 -1.3635e-01  2.2345e-02  4.4179e-01  0:00:02   10
   241  4.5662e-04  3.8017e-08  2.0176e-08  1.1841e-07  6.8709e-06 -1.3638e-01  2.2354e-02  4.4200e-01  0:00:01    9
   242  4.3025e-04  3.6113e-08  1.7449e-08  1.1621e-07  6.8619e-06 -1.3642e-01  2.2366e-02  4.4227e-01  0:00:01    8
   243  3.8802e-04  3.4821e-08  1.5386e-08  1.1334e-07  6.7080e-06 -1.3647e-01  2.2377e-02  4.4250e-01  0:00:01    7

  iter  continuity  x-velocity  y-velocity      energy         nut          mz          cx          cy     time/iter
   244  3.5744e-04  3.3380e-08  1.3711e-08  1.0867e-07  6.4926e-06 -1.3651e-01  2.2386e-02  4.4267e-01  0:00:02    6
   245  3.3414e-04  3.1648e-08  1.2285e-08  1.0283e-07  6.1101e-06 -1.3654e-01  2.2394e-02  4.4279e-01  0:00:01    5
   246  3.1536e-04  2.9818e-08  1.1020e-08  9.6195e-08  5.6778e-06 -1.3656e-01  2.2400e-02  4.4285e-01  0:00:01    4
   247  2.9460e-04  2.7710e-08  9.8787e-09  8.9435e-08  5.3159e-06 -1.3657e-01  2.2404e-02  4.4286e-01  0:00:00    3
   248  2.7458e-04  2.5542e-08  8.9245e-09  8.2959e-08  5.0172e-06 -1.3658e-01  2.2406e-02  4.4284e-01  0:00:00    2
   249  2.5820e-04  2.3405e-08  8.1137e-09  7.6992e-08  4.7922e-06 -1.3658e-01  2.2408e-02  4.4279e-01  0:00:00    1
   250  2.4457e-04  2.1310e-08  7.4772e-09  7.2205e-08  4.6245e-06 -1.3658e-01  2.2409e-02  4.4274e-01  0:00:00    0

  iter  continuity  x-velocity  y-velocity      energy         nut          mz          cx          cy     time/iter
   250  2.4457e-04  2.1310e-08  7.4772e-09  7.2205e-08  4.6245e-06 -1.3658e-01  2.2409e-02  4.4274e-01  0:00:14   50
   251  2.3126e-04  1.9341e-08  7.0049e-09  6.7802e-08  4.4835e-06 -1.3658e-01  2.2410e-02  4.4269e-01  0:00:11   49
   252  2.1785e-04  1.7505e-08  6.5483e-09  6.3753e-08  4.3438e-06 -1.3658e-01  2.2413e-02  4.4265e-01  0:00:08   48
   253  2.0403e-04  1.6051e-08  6.0284e-09  5.9746e-08  4.1961e-06 -1.3658e-01  2.2416e-02  4.4264e-01  0:00:07   47
   254  1.9006e-04  1.5011e-08  5.4604e-09  5.5729e-08  4.0274e-06 -1.3659e-01  2.2420e-02  4.4265e-01  0:00:14   46
   255  1.7634e-04  1.4049e-08  4.9135e-09  5.2016e-08  3.8343e-06 -1.3660e-01  2.2426e-02  4.4268e-01  0:00:11   45
   256  1.6297e-04  1.3177e-08  4.3806e-09  4.8974e-08  3.6328e-06 -1.3662e-01  2.2432e-02  4.4274e-01  0:00:09   44
   257  1.5212e-04  1.2406e-08  3.9189e-09  4.6544e-08  3.4157e-06 -1.3664e-01  2.2440e-02  4.4283e-01  0:00:07   43
   258  1.4203e-04  1.1778e-08  3.5979e-09  4.4284e-08  3.2474e-06 -1.3666e-01  2.2448e-02  4.4293e-01  0:00:14   42
   259  1.3233e-04  1.1215e-08  3.3649e-09  4.1956e-08  3.0969e-06 -1.3668e-01  2.2456e-02  4.4303e-01  0:00:11   41
   260  1.2321e-04  1.0712e-08  3.1755e-09  3.9944e-08  2.9641e-06 -1.3669e-01  2.2463e-02  4.4313e-01  0:00:08   40

  iter  continuity  x-velocity  y-velocity      energy         nut          mz          cx          cy     time/iter
   261  1.1557e-04  1.0220e-08  3.0432e-09  3.8074e-08  2.8617e-06 -1.3671e-01  2.2470e-02  4.4323e-01  0:00:07   39
   262  1.0885e-04  9.7012e-09  2.9313e-09  3.6141e-08  2.7887e-06 -1.3673e-01  2.2477e-02  4.4332e-01  0:00:05   38
   263  1.0293e-04  9.2284e-09  2.8197e-09  3.4154e-08  2.7248e-06 -1.3675e-01  2.2483e-02  4.4340e-01  0:00:04   37
   264  9.7788e-05  8.7889e-09  2.7114e-09  3.2113e-08  2.6469e-06 -1.3676e-01  2.2487e-02  4.4346e-01  0:00:03   36
   265  9.2779e-05  8.3996e-09  2.5785e-09  3.0495e-08  2.5499e-06 -1.3677e-01  2.2491e-02  4.4350e-01  0:00:09   35
   266  8.8390e-05  8.0285e-09  2.4272e-09  2.9072e-08  2.4338e-06 -1.3677e-01  2.2493e-02  4.4352e-01  0:00:07   34
   267  8.4256e-05  7.7298e-09  2.2717e-09  2.7469e-08  2.3093e-06 -1.3678e-01  2.2495e-02  4.4353e-01  0:00:06   33
   268  8.0401e-05  7.4082e-09  2.1086e-09  2.6020e-08  2.2075e-06 -1.3678e-01  2.2497e-02  4.4352e-01  0:00:04   32
   269  7.6546e-05  7.0990e-09  1.9755e-09  2.4674e-08  2.1133e-06 -1.3678e-01  2.2497e-02  4.4349e-01  0:00:03   31
   270  7.2783e-05  6.7489e-09  1.8610e-09  2.3325e-08  2.0261e-06 -1.3678e-01  2.2497e-02  4.4347e-01  0:00:03   30
   271  6.9175e-05  6.3887e-09  1.7720e-09  2.2024e-08  1.9391e-06 -1.3678e-01  2.2497e-02  4.4344e-01  0:00:08   29

  iter  continuity  x-velocity  y-velocity      energy         nut          mz          cx          cy     time/iter
   272  6.5473e-05  5.9526e-09  1.6962e-09  2.0777e-08  1.8519e-06 -1.3678e-01  2.2497e-02  4.4341e-01  0:00:06   28
   273  6.1359e-05  5.5371e-09  1.6372e-09  1.9446e-08  1.7602e-06 -1.3678e-01  2.2498e-02  4.4338e-01  0:00:05   27
   274  5.7688e-05  5.1185e-09  1.5729e-09  1.7983e-08  1.6618e-06 -1.3678e-01  2.2499e-02  4.4337e-01  0:00:04   26
   275  5.4158e-05  4.7376e-09  1.4980e-09  1.6662e-08  1.5683e-06 -1.3678e-01  2.2500e-02  4.4337e-01  0:00:03   25
   276  5.0938e-05  4.4169e-09  1.4161e-09  1.5563e-08  1.4774e-06 -1.3679e-01  2.2502e-02  4.4338e-01  0:00:02   24
   277  4.8042e-05  4.1413e-09  1.2785e-09  1.4675e-08  1.3957e-06 -1.3679e-01  2.2503e-02  4.4339e-01  0:00:06   23
   278  4.5403e-05  3.8954e-09  1.1484e-09  1.3909e-08  1.3227e-06 -1.3680e-01  2.2505e-02  4.4341e-01  0:00:05   22
   279  4.2852e-05  3.6771e-09  1.0737e-09  1.3228e-08  1.2531e-06 -1.3680e-01  2.2507e-02  4.4344e-01  0:00:04   21
   280  4.0573e-05  3.4852e-09  1.0239e-09  1.2508e-08  1.1896e-06 -1.3680e-01  2.2509e-02  4.4345e-01  0:00:03   20
   281  3.8636e-05  3.3321e-09  9.8152e-10  1.1797e-08  1.1314e-06 -1.3681e-01  2.2510e-02  4.4347e-01  0:00:02   19
   282  3.7031e-05  3.1865e-09  9.2172e-10  1.1180e-08  1.0662e-06 -1.3681e-01  2.2511e-02  4.4347e-01  0:00:02   18

  iter  continuity  x-velocity  y-velocity      energy         nut          mz          cx          cy     time/iter
   283  3.5388e-05  3.0333e-09  8.5840e-10  1.0619e-08  9.9169e-07 -1.3681e-01  2.2511e-02  4.4347e-01  0:00:01   17
   284  3.3957e-05  2.9025e-09  7.9528e-10  1.0073e-08  9.0906e-07 -1.3681e-01  2.2512e-02  4.4347e-01  0:00:04   16
   285  3.2370e-05  2.7851e-09  7.3797e-10  9.5855e-09  8.2003e-07 -1.3681e-01  2.2512e-02  4.4347e-01  0:00:03   15
   286  3.0836e-05  2.6765e-09  6.8625e-10  9.1521e-09  7.2730e-07 -1.3681e-01  2.2512e-02  4.4347e-01  0:00:02   14
   287  2.9354e-05  2.5781e-09  6.3923e-10  8.7470e-09  6.3453e-07 -1.3681e-01  2.2513e-02  4.4346e-01  0:00:02   13
   288  2.7987e-05  2.4830e-09  5.9878e-10  8.3688e-09  5.4620e-07 -1.3681e-01  2.2513e-02  4.4346e-01  0:00:04   12
   289  2.6709e-05  2.3804e-09  5.6514e-10  7.9829e-09  4.6366e-07 -1.3681e-01  2.2513e-02  4.4345e-01  0:00:03   11
   290  2.5532e-05  2.2819e-09  5.3554e-10  7.5964e-09  3.8983e-07 -1.3681e-01  2.2513e-02  4.4345e-01  0:00:02   10
   291  2.4504e-05  2.1891e-09  5.1067e-10  7.2144e-09  3.2434e-07 -1.3681e-01  2.2513e-02  4.4345e-01  0:00:01    9
   292  2.3546e-05  2.0967e-09  4.8710e-10  6.8645e-09  2.6644e-07 -1.3681e-01  2.2513e-02  4.4345e-01  0:00:01    8
   293  2.2604e-05  2.0187e-09  4.6488e-10  6.5423e-09  2.1618e-07 -1.3681e-01  2.2514e-02  4.4345e-01  0:00:02    7

  iter  continuity  x-velocity  y-velocity      energy         nut          mz          cx          cy     time/iter
   294  2.1769e-05  1.9669e-09  4.4593e-10  6.2982e-09  1.7373e-07 -1.3681e-01  2.2514e-02  4.4345e-01  0:00:01    6
   295  2.1017e-05  1.9174e-09  4.2992e-10  6.0626e-09  1.3908e-07 -1.3681e-01  2.2514e-02  4.4345e-01  0:00:01    5
   296  2.0292e-05  1.8759e-09  4.1478e-10  5.8367e-09  1.1238e-07 -1.3681e-01  2.2514e-02  4.4346e-01  0:00:01    4
   297  1.9570e-05  1.8430e-09  4.0019e-10  5.6430e-09  9.3816e-08 -1.3681e-01  2.2514e-02  4.4346e-01  0:00:00    3
   298  1.9123e-05  1.8419e-09  3.8552e-10  5.5033e-09  8.4062e-08 -1.3681e-01  2.2515e-02  4.4346e-01  0:00:00    2
   299  1.8906e-05  1.8513e-09  3.7379e-10  5.3626e-09  8.2838e-08 -1.3681e-01  2.2515e-02  4.4346e-01  0:00:00    1
   300  1.8785e-05  1.8838e-09  3.6669e-10  5.2741e-09  8.6754e-08 -1.3681e-01  2.2515e-02  4.4346e-01  0:00:00    0

  iter  continuity  x-velocity  y-velocity      energy         nut          mz          cx          cy     time/iter
   300  1.8785e-05  1.8838e-09  3.6669e-10  5.2741e-09  8.6754e-08 -1.3681e-01  2.2515e-02  4.4346e-01  0:00:11   50
   301  4.9152e-02  1.9828e-09  3.6054e-10  4.7261e-06  6.7585e-05 -1.3601e-01  2.2398e-02  4.3644e-01  0:00:09   49
   302  5.1008e-02  1.4087e-06  1.0407e-05  5.7816e-06  2.6047e-04 -1.3382e-01  2.2347e-02  4.1912e-01  0:00:07   48
   303  2.9078e-02  1.0181e-06  1.2571e-05  5.0118e-06  4.4673e-04 -1.3060e-01  2.2115e-02  3.9365e-01  0:00:05   47
   304  1.6918e-02  1.5069e-06  1.2905e-05  4.4669e-06  5.6161e-04 -1.2721e-01  2.1707e-02  3.6441e-01  0:00:13   46
   305  1.9442e-02  1.6619e-06  1.2263e-05  5.2787e-06  5.9349e-04 -1.2405e-01  2.1150e-02  3.3419e-01  0:00:10   45
   306  2.4963e-02  1.6207e-06  1.0869e-05  5.5083e-06  5.5532e-04 -1.2168e-01  2.0422e-02  3.0750e-01  0:00:08   44
   307  2.8314e-02  1.4601e-06  8.9911e-06  5.3791e-06  4.7063e-04 -1.2003e-01  1.9728e-02  2.8282e-01  0:00:06   43
   308  2.7301e-02  1.2139e-06  7.2960e-06  4.9129e-06  3.9032e-04 -1.1934e-01  1.9107e-02  2.6269e-01  0:00:05   42
   309  2.5231e-02  9.4859e-07  6.0481e-06  4.5079e-06  3.3201e-04 -1.1924e-01  1.8468e-02  2.4741e-01  0:00:04   41
   310  2.2811e-02  7.9404e-07  4.7241e-06  4.3631e-06  2.8189e-04 -1.1978e-01  1.7999e-02  2.3677e-01  0:00:03   40

  iter  continuity  x-velocity  y-velocity      energy         nut          mz          cx          cy     time/iter
   311  2.0033e-02  8.0556e-07  3.4286e-06  4.2472e-06  2.3834e-04 -1.2075e-01  1.7609e-02  2.3083e-01  0:00:10   39
   312  1.7117e-02  9.2619e-07  2.3447e-06  4.1012e-06  2.0164e-04 -1.2195e-01  1.7372e-02  2.2853e-01  0:00:08   38
   313  1.3954e-02  1.0657e-06  1.7037e-06  3.9148e-06  1.7293e-04 -1.2326e-01  1.7279e-02  2.2913e-01  0:00:06   37
   314  1.1151e-02  1.1697e-06  1.7773e-06  3.7317e-06  1.5837e-04 -1.2460e-01  1.7344e-02  2.3189e-01  0:00:05   36
   315  9.3278e-03  1.1636e-06  1.9100e-06  3.4378e-06  1.7053e-04 -1.2573e-01  1.7453e-02  2.3632e-01  0:00:04   35
   316  8.3065e-03  1.1008e-06  1.8321e-06  3.0517e-06  1.8674e-04 -1.2668e-01  1.7583e-02  2.4174e-01  0:00:03   34
   317  7.9033e-03  9.8316e-07  1.6097e-06  2.6082e-06  1.9525e-04 -1.2733e-01  1.7696e-02  2.4738e-01  0:00:02   33
   318  7.7421e-03  7.8333e-07  1.3573e-06  2.1744e-06  1.8945e-04 -1.2793e-01  1.7906e-02  2.5292e-01  0:00:08   32
   319  7.0615e-03  5.8335e-07  1.1863e-06  1.7991e-06  1.7575e-04 -1.2829e-01  1.8069e-02  2.5809e-01  0:00:06   31
   320  6.1752e-03  4.0335e-07  9.9067e-07  1.6019e-06  1.5595e-04 -1.2849e-01  1.8193e-02  2.6288e-01  0:00:05   30
   321  5.1316e-03  3.0238e-07  7.9414e-07  1.5069e-06  1.3425e-04 -1.2840e-01  1.8308e-02  2.6741e-01  0:00:04   29

  iter  continuity  x-velocity  y-velocity      energy         nut          mz          cx          cy     time/iter
   322  4.1325e-03  3.4076e-07  6.1081e-07  1.4135e-06  1.1008e-04 -1.2826e-01  1.8399e-02  2.7093e-01  0:00:03   28
   323  3.4287e-03  4.1977e-07  4.7624e-07  1.3293e-06  8.8679e-05 -1.2807e-01  1.8428e-02  2.7307e-01  0:00:02   27
   324  3.1114e-03  4.3440e-07  3.6414e-07  1.2624e-06  7.2222e-05 -1.2787e-01  1.8410e-02  2.7433e-01  0:00:02   26
   325  2.9189e-03  4.3822e-07  2.6920e-07  1.1716e-06  6.0056e-05 -1.2777e-01  1.8398e-02  2.7480e-01  0:00:06   25
   326  2.7503e-03  4.2315e-07  2.0069e-07  1.0637e-06  5.3581e-05 -1.2762e-01  1.8344e-02  2.7469e-01  0:00:05   24
   327  2.6254e-03  3.6708e-07  1.6004e-07  9.3000e-07  5.1283e-05 -1.2749e-01  1.8299e-02  2.7405e-01  0:00:04   23
   328  2.3641e-03  3.1714e-07  1.3920e-07  8.0962e-07  4.9549e-05 -1.2739e-01  1.8262e-02  2.7310e-01  0:00:03   22
   329  2.1048e-03  2.6285e-07  1.3744e-07  6.9571e-07  4.8957e-05 -1.2734e-01  1.8254e-02  2.7194e-01  0:00:02   21
   330  1.8819e-03  2.1377e-07  1.3670e-07  5.9824e-07  4.8666e-05 -1.2729e-01  1.8247e-02  2.7077e-01  0:00:02   20
   331  1.6696e-03  1.7347e-07  1.2827e-07  5.3449e-07  4.7959e-05 -1.2729e-01  1.8267e-02  2.6980e-01  0:00:01   19
   332  1.4521e-03  1.4530e-07  1.1681e-07  4.8760e-07  4.6223e-05 -1.2731e-01  1.8292e-02  2.6915e-01  0:00:05   18

  iter  continuity  x-velocity  y-velocity      energy         nut          mz          cx          cy     time/iter
   333  1.2687e-03  1.2995e-07  1.0347e-07  4.5101e-07  4.3798e-05 -1.2737e-01  1.8326e-02  2.6879e-01  0:00:03   17
   334  1.1295e-03  1.2126e-07  8.9756e-08  4.1383e-07  4.0897e-05 -1.2744e-01  1.8360e-02  2.6874e-01  0:00:03   16
   335  1.0350e-03  1.1314e-07  7.8248e-08  3.7964e-07  3.7668e-05 -1.2753e-01  1.8401e-02  2.6899e-01  0:00:02   15
   336  9.7504e-04  1.0385e-07  7.0486e-08  3.5135e-07  3.3934e-05 -1.2763e-01  1.8438e-02  2.6952e-01  0:00:04   14
   337  9.3068e-04  9.2754e-08  6.3425e-08  3.2159e-07  2.9904e-05 -1.2770e-01  1.8473e-02  2.7011e-01  0:00:03   13
   338  8.8556e-04  8.3457e-08  5.6878e-08  2.9958e-07  2.5836e-05 -1.2775e-01  1.8502e-02  2.7078e-01  0:00:02   12
   339  8.3613e-04  7.5984e-08  5.0670e-08  2.8299e-07  2.2054e-05 -1.2778e-01  1.8525e-02  2.7150e-01  0:00:02   11
   340  7.9198e-04  7.0113e-08  4.4744e-08  2.6808e-07  1.8639e-05 -1.2779e-01  1.8540e-02  2.7216e-01  0:00:01   10
   341  7.4450e-04  6.6152e-08  3.9385e-08  2.5466e-07  1.5719e-05 -1.2776e-01  1.8539e-02  2.7268e-01  0:00:01    9
   342  6.9189e-04  6.4042e-08  3.4538e-08  2.4175e-07  1.3352e-05 -1.2771e-01  1.8533e-02  2.7301e-01  0:00:01    8
   343  6.4573e-04  6.1057e-08  3.0429e-08  2.2968e-07  1.1528e-05 -1.2763e-01  1.8520e-02  2.7314e-01  0:00:02    7

  iter  continuity  x-velocity  y-velocity      energy         nut          mz          cx          cy     time/iter
   344  6.0453e-04  5.8450e-08  2.7151e-08  2.1844e-07  1.0256e-05 -1.2755e-01  1.8504e-02  2.7308e-01  0:00:01    6
   345  5.7130e-04  5.6168e-08  2.4206e-08  2.0725e-07  9.8816e-06 -1.2748e-01  1.8488e-02  2.7285e-01  0:00:01    5
   346  5.3534e-04  5.3719e-08  2.1573e-08  2.0147e-07  1.0266e-05 -1.2741e-01  1.8468e-02  2.7236e-01  0:00:01    4
   347  5.0184e-04  5.0899e-08  2.0246e-08  1.9095e-07  1.0972e-05 -1.2736e-01  1.8450e-02  2.7190e-01  0:00:00    3
   348  4.7983e-04  4.6757e-08  1.9278e-08  1.7945e-07  1.1641e-05 -1.2733e-01  1.8434e-02  2.7143e-01  0:00:00    2
   349  4.6207e-04  4.3063e-08  1.8549e-08  1.6749e-07  1.2096e-05 -1.2731e-01  1.8422e-02  2.7097e-01  0:00:00    1
   350  4.4269e-04  3.9222e-08  1.7782e-08  1.5631e-07  1.2328e-05 -1.2731e-01  1.8414e-02  2.7055e-01  0:00:00    0

  iter  continuity  x-velocity  y-velocity      energy         nut          mz          cx          cy     time/iter
   350  4.4269e-04  3.9222e-08  1.7782e-08  1.5631e-07  1.2328e-05 -1.2731e-01  1.8414e-02  2.7055e-01  0:00:11   50
   351  4.2115e-04  3.5716e-08  1.7078e-08  1.4697e-07  1.2326e-05 -1.2732e-01  1.8410e-02  2.7019e-01  0:00:08   49
   352  3.9773e-04  3.2404e-08  1.6050e-08  1.3674e-07  1.2121e-05 -1.2735e-01  1.8410e-02  2.6995e-01  0:00:16   48
   353  3.7407e-04  2.9999e-08  1.4659e-08  1.2674e-07  1.1779e-05 -1.2739e-01  1.8414e-02  2.6983e-01  0:00:13   47
   354  3.4916e-04  2.8105e-08  1.3071e-08  1.1778e-07  1.1339e-05 -1.2744e-01  1.8421e-02  2.6982e-01  0:00:10   46
   355  3.2474e-04  2.6361e-08  1.1462e-08  1.1019e-07  1.0820e-05 -1.2749e-01  1.8432e-02  2.6992e-01  0:00:08   45
   356  3.0376e-04  2.4837e-08  1.0114e-08  1.0485e-07  1.0242e-05 -1.2755e-01  1.8444e-02  2.7011e-01  0:00:06   44
   357  2.8717e-04  2.3526e-08  9.1684e-09  1.0075e-07  9.6023e-06 -1.2760e-01  1.8457e-02  2.7035e-01  0:00:05   43
   358  2.7207e-04  2.2494e-08  8.5703e-09  9.8029e-08  8.9497e-06 -1.2765e-01  1.8470e-02  2.7067e-01  0:00:12   42
   359  2.5769e-04  2.1611e-08  8.3412e-09  9.5014e-08  8.2845e-06 -1.2769e-01  1.8482e-02  2.7100e-01  0:00:09   41
   360  2.4455e-04  2.0468e-08  8.2577e-09  9.1557e-08  7.6138e-06 -1.2772e-01  1.8492e-02  2.7131e-01  0:00:07   40

  iter  continuity  x-velocity  y-velocity      energy         nut          mz          cx          cy     time/iter
   361  2.3252e-04  1.9369e-08  8.2238e-09  8.7995e-08  6.9933e-06 -1.2773e-01  1.8500e-02  2.7160e-01  0:00:06   39
   362  2.2129e-04  1.8409e-08  8.0988e-09  8.3868e-08  6.3932e-06 -1.2774e-01  1.8506e-02  2.7185e-01  0:00:04   38
   363  2.1050e-04  1.7356e-08  7.8253e-09  7.9461e-08  5.8232e-06 -1.2773e-01  1.8509e-02  2.7205e-01  0:00:11   37
   364  2.0025e-04  1.6457e-08  7.4056e-09  7.5299e-08  5.2894e-06 -1.2772e-01  1.8511e-02  2.7221e-01  0:00:08   36
   365  1.9046e-04  1.5732e-08  6.8770e-09  7.1122e-08  4.8242e-06 -1.2770e-01  1.8511e-02  2.7230e-01  0:00:07   35
   366  1.8083e-04  1.5057e-08  6.2281e-09  6.7202e-08  4.4595e-06 -1.2768e-01  1.8509e-02  2.7232e-01  0:00:05   34
   367  1.7171e-04  1.4397e-08  5.5127e-09  6.3704e-08  4.1748e-06 -1.2765e-01  1.8506e-02  2.7228e-01  0:00:04   33
   368  1.6396e-04  1.3760e-08  4.9412e-09  6.0766e-08  3.9113e-06 -1.2762e-01  1.8503e-02  2.7220e-01  0:00:03   32
   369  1.5704e-04  1.3109e-08  4.6442e-09  5.8260e-08  3.6609e-06 -1.2760e-01  1.8500e-02  2.7208e-01  0:00:09   31
   370  1.5122e-04  1.2458e-08  4.5016e-09  5.5859e-08  3.4041e-06 -1.2758e-01  1.8498e-02  2.7194e-01  0:00:07   30
   371  1.4581e-04  1.1794e-08  4.4130e-09  5.2572e-08  3.1186e-06 -1.2757e-01  1.8496e-02  2.7183e-01  0:00:05   29

  iter  continuity  x-velocity  y-velocity      energy         nut          mz          cx          cy     time/iter
   372  1.4014e-04  1.1064e-08  4.2825e-09  4.9684e-08  2.8333e-06 -1.2756e-01  1.8495e-02  2.7174e-01  0:00:04   28
   373  1.3433e-04  1.0359e-08  4.1781e-09  4.6942e-08  2.5550e-06 -1.2756e-01  1.8494e-02  2.7165e-01  0:00:03   27
   374  1.2805e-04  9.6587e-09  4.0546e-09  4.4257e-08  2.2950e-06 -1.2756e-01  1.8493e-02  2.7159e-01  0:00:02   26
   375  1.2170e-04  9.0489e-09  3.8767e-09  4.1267e-08  2.0406e-06 -1.2756e-01  1.8493e-02  2.7155e-01  0:00:07   25
   376  1.1582e-04  8.5961e-09  3.5800e-09  3.8797e-08  1.8228e-06 -1.2756e-01  1.8493e-02  2.7152e-01  0:00:05   24
   377  1.1001e-04  8.2761e-09  3.3042e-09  3.6762e-08  1.6357e-06 -1.2756e-01  1.8493e-02  2.7150e-01  0:00:04   23
   378  1.0455e-04  7.9869e-09  3.0401e-09  3.5428e-08  1.4898e-06 -1.2757e-01  1.8494e-02  2.7150e-01  0:00:03   22
   379  9.8654e-05  7.7613e-09  2.8295e-09  3.3990e-08  1.3639e-06 -1.2758e-01  1.8495e-02  2.7150e-01  0:00:02   21
   380  9.3749e-05  7.4504e-09  2.6225e-09  3.2421e-08  1.2886e-06 -1.2759e-01  1.8496e-02  2.7152e-01  0:00:02   20
   381  8.9385e-05  7.1135e-09  2.4700e-09  3.0862e-08  1.2765e-06 -1.2760e-01  1.8497e-02  2.7155e-01  0:00:01   19
   382  8.5622e-05  6.7375e-09  2.3732e-09  2.9362e-08  1.3163e-06 -1.2761e-01  1.8497e-02  2.7158e-01  0:00:05   18

  iter  continuity  x-velocity  y-velocity      energy         nut          mz          cx          cy     time/iter
   383  8.2190e-05  6.3502e-09  2.3022e-09  2.7975e-08  1.3859e-06 -1.2762e-01  1.8497e-02  2.7161e-01  0:00:03   17
   384  7.8932e-05  5.9843e-09  2.2674e-09  2.6658e-08  1.4735e-06 -1.2763e-01  1.8497e-02  2.7164e-01  0:00:03   16
   385  7.5680e-05  5.6801e-09  2.2002e-09  2.5432e-08  1.5556e-06 -1.2763e-01  1.8497e-02  2.7167e-01  0:00:02   15
   386  7.2386e-05  5.4089e-09  2.0984e-09  2.4235e-08  1.6300e-06 -1.2764e-01  1.8496e-02  2.7169e-01  0:00:01   14
   387  6.9181e-05  5.1973e-09  1.9633e-09  2.3162e-08  1.6888e-06 -1.2764e-01  1.8496e-02  2.7170e-01  0:00:01   13
   388  6.6127e-05  5.0116e-09  1.8115e-09  2.2121e-08  1.7277e-06 -1.2765e-01  1.8495e-02  2.7171e-01  0:00:03   12
   389  6.3164e-05  4.8363e-09  1.6701e-09  2.1152e-08  1.7454e-06 -1.2765e-01  1.8494e-02  2.7171e-01  0:00:02   11
   390  6.0369e-05  4.6701e-09  1.5409e-09  2.0271e-08  1.7413e-06 -1.2765e-01  1.8494e-02  2.7171e-01  0:00:02   10
   391  5.7730e-05  4.5073e-09  1.4212e-09  1.9415e-08  1.7159e-06 -1.2765e-01  1.8493e-02  2.7171e-01  0:00:01    9
   392  5.5253e-05  4.3449e-09  1.3190e-09  1.8608e-08  1.6707e-06 -1.2765e-01  1.8493e-02  2.7170e-01  0:00:02    8
   393  5.3053e-05  4.1834e-09  1.2378e-09  1.7856e-08  1.6075e-06 -1.2765e-01  1.8493e-02  2.7170e-01  0:00:02    7

  iter  continuity  x-velocity  y-velocity      energy         nut          mz          cx          cy     time/iter
   394  5.0938e-05  3.9921e-09  1.1750e-09  1.7063e-08  1.5289e-06 -1.2765e-01  1.8493e-02  2.7169e-01  0:00:01    6
   395  4.8870e-05  3.7916e-09  1.1246e-09  1.6241e-08  1.4384e-06 -1.2765e-01  1.8494e-02  2.7169e-01  0:00:01    5
   396  4.6868e-05  3.5878e-09  1.0820e-09  1.5453e-08  1.3392e-06 -1.2766e-01  1.8494e-02  2.7169e-01  0:00:01    4
   397  4.4832e-05  3.3896e-09  1.0443e-09  1.4730e-08  1.2337e-06 -1.2766e-01  1.8495e-02  2.7170e-01  0:00:00    3
   398  4.2765e-05  3.2094e-09  1.0025e-09  1.4091e-08  1.1247e-06 -1.2766e-01  1.8495e-02  2.7170e-01  0:00:00    2
   399  4.0763e-05  3.0584e-09  9.5672e-10  1.3498e-08  1.0150e-06 -1.2766e-01  1.8496e-02  2.7171e-01  0:00:00    1
   400  3.8821e-05  2.9183e-09  9.1296e-10  1.2924e-08  9.0852e-07 -1.2766e-01  1.8497e-02  2.7173e-01  0:00:00    0

  iter  continuity  x-velocity  y-velocity      energy         nut          mz          cx          cy     time/iter
   400  3.8821e-05  2.9183e-09  9.1296e-10  1.2924e-08  9.0852e-07 -1.2766e-01  1.8497e-02  2.7173e-01  0:00:11   50
   401  2.8969e-02  2.7811e-09  8.7317e-10  3.2279e-06  1.2958e-04 -1.2806e-01  1.8530e-02  2.7594e-01  0:00:08   49
   402  2.9927e-02  8.7596e-07  6.8256e-06  3.8740e-06  4.8054e-04 -1.2945e-01  1.8526e-02  2.8709e-01  0:00:07   48
   403  1.7069e-02  6.5313e-07  8.1519e-06  3.3234e-06  7.7600e-04 -1.3127e-01  1.8620e-02  3.0277e-01  0:00:05   47
   404  9.9158e-03  9.0842e-07  8.2922e-06  2.8816e-06  9.4921e-04 -1.3309e-01  1.8810e-02  3.2078e-01  0:00:04   46
   405  1.1389e-02  1.0148e-06  7.8102e-06  3.3786e-06  1.0168e-03 -1.3461e-01  1.9148e-02  3.3884e-01  0:00:03   45
   406  1.4834e-02  1.0209e-06  6.8767e-06  3.5752e-06  9.7978e-04 -1.3576e-01  1.9585e-02  3.5594e-01  0:00:11   44
   407  1.6428e-02  9.1975e-07  5.6696e-06  3.4837e-06  8.6027e-04 -1.3659e-01  2.0090e-02  3.7085e-01  0:00:09   43
   408  1.5803e-02  7.5321e-07  4.5869e-06  3.2175e-06  7.0525e-04 -1.3706e-01  2.0629e-02  3.8282e-01  0:00:15   42
   409  1.4718e-02  5.7811e-07  3.7600e-06  2.9159e-06  5.4322e-04 -1.3720e-01  2.1136e-02  3.9200e-01  0:00:12   41
   410  1.3548e-02  4.8574e-07  2.9601e-06  2.8071e-06  3.9943e-04 -1.3706e-01  2.1556e-02  3.9786e-01  0:00:09   40

  iter  continuity  x-velocity  y-velocity      energy         nut          mz          cx          cy     time/iter
   411  1.1900e-02  5.0392e-07  2.1171e-06  2.7401e-06  2.8497e-04 -1.3681e-01  2.1906e-02  4.0116e-01  0:00:07   39
   412  1.0151e-02  5.8080e-07  1.4292e-06  2.6519e-06  1.9980e-04 -1.3644e-01  2.2112e-02  4.0234e-01  0:00:06   38
   413  8.3304e-03  6.5329e-07  1.0505e-06  2.5366e-06  1.4416e-04 -1.3600e-01  2.2218e-02  4.0176e-01  0:00:04   37
   414  6.6445e-03  7.2006e-07  1.0948e-06  2.3979e-06  1.1971e-04 -1.3556e-01  2.2256e-02  3.9994e-01  0:00:11   36
   415  5.4512e-03  7.2285e-07  1.1587e-06  2.2221e-06  1.2181e-04 -1.3510e-01  2.2204e-02  3.9728e-01  0:00:08   35
   416  4.8910e-03  6.7255e-07  1.1013e-06  1.9948e-06  1.2770e-04 -1.3463e-01  2.2084e-02  3.9415e-01  0:00:06   34
   417  4.7036e-03  5.9879e-07  9.6691e-07  1.7106e-06  1.2754e-04 -1.3422e-01  2.1954e-02  3.9083e-01  0:00:05   33
   418  4.6354e-03  4.9485e-07  8.1878e-07  1.4359e-06  1.1689e-04 -1.3381e-01  2.1797e-02  3.8762e-01  0:00:04   32
   419  4.2324e-03  3.6654e-07  7.0340e-07  1.1982e-06  1.0302e-04 -1.3342e-01  2.1639e-02  3.8449e-01  0:00:03   31
   420  3.7875e-03  2.5742e-07  5.8754e-07  1.0821e-06  8.7288e-05 -1.3298e-01  2.1439e-02  3.8072e-01  0:00:08   30
   421  3.1414e-03  1.9716e-07  4.7172e-07  9.9295e-07  7.1873e-05 -1.3260e-01  2.1283e-02  3.7746e-01  0:00:06   29

  iter  continuity  x-velocity  y-velocity      energy         nut          mz          cx          cy     time/iter
   422  2.5511e-03  2.1431e-07  3.6003e-07  9.0932e-07  5.8663e-05 -1.3230e-01  2.1159e-02  3.7482e-01  0:00:05   28
   423  2.1690e-03  2.5367e-07  2.7520e-07  8.4434e-07  4.7796e-05 -1.3209e-01  2.1078e-02  3.7286e-01  0:00:09   27
   424  1.9974e-03  2.6266e-07  2.1005e-07  7.9180e-07  4.0158e-05 -1.3195e-01  2.1023e-02  3.7157e-01  0:00:07   26
   425  1.8928e-03  2.6668e-07  1.5685e-07  7.3338e-07  3.4788e-05 -1.3187e-01  2.0978e-02  3.7089e-01  0:00:05   25
   426  1.8127e-03  2.4813e-07  1.1822e-07  6.6138e-07  3.1576e-05 -1.3185e-01  2.0953e-02  3.7068e-01  0:00:04   24
   427  1.6614e-03  2.2236e-07  9.6256e-08  5.8107e-07  2.9504e-05 -1.3188e-01  2.0938e-02  3.7089e-01  0:00:03   23
   428  1.5009e-03  1.8905e-07  8.5294e-08  5.0227e-07  2.7438e-05 -1.3196e-01  2.0937e-02  3.7144e-01  0:00:02   22
   429  1.3438e-03  1.6283e-07  8.2856e-08  4.2957e-07  2.5361e-05 -1.3204e-01  2.0947e-02  3.7214e-01  0:00:06   21
   430  1.2144e-03  1.3139e-07  8.1099e-08  3.7109e-07  2.3097e-05 -1.3215e-01  2.0962e-02  3.7295e-01  0:00:05   20
   431  1.0749e-03  1.0854e-07  7.6429e-08  3.2861e-07  2.0642e-05 -1.3227e-01  2.0974e-02  3.7377e-01  0:00:04   19
   432  9.4067e-04  9.1556e-08  6.9456e-08  2.9865e-07  1.8026e-05 -1.3238e-01  2.0987e-02  3.7453e-01  0:00:03   18

  iter  continuity  x-velocity  y-velocity      energy         nut          mz          cx          cy     time/iter
   433  8.3334e-04  7.9338e-08  6.1332e-08  2.7886e-07  1.5505e-05 -1.3248e-01  2.0998e-02  3.7523e-01  0:00:02   17
   434  7.4321e-04  7.3583e-08  5.3225e-08  2.5967e-07  1.2981e-05 -1.3256e-01  2.1006e-02  3.7582e-01  0:00:02   16
   435  6.7112e-04  6.9299e-08  4.6008e-08  2.3943e-07  1.0612e-05 -1.3262e-01  2.1014e-02  3.7626e-01  0:00:04   15
   436  6.2133e-04  6.4948e-08  4.0852e-08  2.1984e-07  8.5466e-06 -1.3265e-01  2.1017e-02  3.7657e-01  0:00:03   14
   437  5.8137e-04  5.9420e-08  3.6347e-08  2.0122e-07  6.8331e-06 -1.3268e-01  2.1021e-02  3.7675e-01  0:00:02   13
   438  5.4915e-04  5.3935e-08  3.2231e-08  1.8489e-07  5.4485e-06 -1.3269e-01  2.1020e-02  3.7683e-01  0:00:02   12
   439  5.1943e-04  4.8992e-08  2.8476e-08  1.7159e-07  4.5044e-06 -1.3268e-01  2.1019e-02  3.7679e-01  0:00:01   11
   440  4.8810e-04  4.4279e-08  2.5006e-08  1.6122e-07  3.8859e-06 -1.3266e-01  2.1016e-02  3.7670e-01  0:00:03   10
   441  4.6143e-04  4.0937e-08  2.1768e-08  1.5305e-07  3.5276e-06 -1.3263e-01  2.1014e-02  3.7655e-01  0:00:02    9
   442  4.3719e-04  3.8451e-08  1.9021e-08  1.4579e-07  3.3632e-06 -1.3260e-01  2.1012e-02  3.7637e-01  0:00:01    8
   443  4.1273e-04  3.6361e-08  1.6699e-08  1.3847e-07  3.1995e-06 -1.3257e-01  2.1011e-02  3.7620e-01  0:00:01    7

  iter  continuity  x-velocity  y-velocity      energy         nut          mz          cx          cy     time/iter
   444  3.8621e-04  3.4156e-08  1.4920e-08  1.3085e-07  2.8982e-06 -1.3255e-01  2.1011e-02  3.7607e-01  0:00:01    6
   445  3.6136e-04  3.2105e-08  1.3596e-08  1.2263e-07  2.5387e-06 -1.3253e-01  2.1013e-02  3.7598e-01  0:00:00    5
   446  3.3905e-04  3.0066e-08  1.2447e-08  1.1435e-07  2.1624e-06 -1.3252e-01  2.1016e-02  3.7594e-01  0:00:01    4
   447  3.1869e-04  2.7982e-08  1.1386e-08  1.0655e-07  1.8797e-06 -1.3251e-01  2.1019e-02  3.7595e-01  0:00:01    3
   448  2.9843e-04  2.5892e-08  1.0387e-08  9.9468e-08  1.7435e-06 -1.3251e-01  2.1022e-02  3.7599e-01  0:00:00    2
   449  2.8077e-04  2.3951e-08  9.5202e-09  9.3492e-08  1.7725e-06 -1.3251e-01  2.1025e-02  3.7605e-01  0:00:00    1
   450  2.6644e-04  2.2137e-08  8.7221e-09  8.8596e-08  1.8504e-06 -1.3251e-01  2.1027e-02  3.7613e-01  0:00:00    0

  iter  continuity  x-velocity  y-velocity      energy         nut          mz          cx          cy     time/iter
   450  2.6644e-04  2.2137e-08  8.7221e-09  8.8596e-08  1.8504e-06 -1.3251e-01  2.1027e-02  3.7613e-01  0:00:06   50
   451  2.5267e-04  2.0549e-08  8.0815e-09  8.4102e-08  1.9694e-06 -1.3251e-01  2.1028e-02  3.7621e-01  0:00:04   49
   452  2.3938e-04  1.9095e-08  7.5453e-09  7.9726e-08  2.0735e-06 -1.3251e-01  2.1028e-02  3.7628e-01  0:00:03   48
   453  2.2683e-04  1.7866e-08  7.0268e-09  7.5246e-08  2.0918e-06 -1.3251e-01  2.1027e-02  3.7634e-01  0:00:03   47
   454  2.1390e-04  1.6790e-08  6.4924e-09  7.0840e-08  2.0278e-06 -1.3251e-01  2.1024e-02  3.7638e-01  0:00:02   46
   455  2.0137e-04  1.5848e-08  5.9731e-09  6.6481e-08  1.8957e-06 -1.3251e-01  2.1020e-02  3.7640e-01  0:00:02   45
   456  1.8983e-04  1.5001e-08  5.4536e-09  6.2561e-08  1.7238e-06 -1.3250e-01  2.1016e-02  3.7638e-01  0:00:10   44
   457  1.7912e-04  1.4211e-08  4.9899e-09  5.9329e-08  1.5331e-06 -1.3249e-01  2.1010e-02  3.7634e-01  0:00:08   43
   458  1.6983e-04  1.3570e-08  4.6017e-09  5.6725e-08  1.3377e-06 -1.3249e-01  2.1004e-02  3.7626e-01  0:00:06   42
   459  1.6155e-04  1.2983e-08  4.3250e-09  5.4399e-08  1.1508e-06 -1.3248e-01  2.0998e-02  3.7617e-01  0:00:05   41
   460  1.5370e-04  1.2415e-08  4.1320e-09  5.2166e-08  9.7953e-07 -1.3247e-01  2.0993e-02  3.7607e-01  0:00:04   40

  iter  continuity  x-velocity  y-velocity      energy         nut          mz          cx          cy     time/iter
   461  1.4606e-04  1.1860e-08  4.0021e-09  4.9911e-08  8.3950e-07 -1.3246e-01  2.0988e-02  3.7596e-01  0:00:11   39
   462  1.3846e-04  1.1315e-08  3.8936e-09  4.7644e-08  7.3758e-07 -1.3246e-01  2.0983e-02  3.7586e-01  0:00:08   38
   463  1.3124e-04  1.0740e-08  3.7865e-09  4.5348e-08  6.9450e-07 -1.3246e-01  2.0979e-02  3.7578e-01  0:00:07   37
   464  1.2427e-04  1.0144e-08  3.6557e-09  4.2962e-08  6.7701e-07 -1.3246e-01  2.0977e-02  3.7571e-01  0:00:05   36
   465  1.1780e-04  9.5523e-09  3.4809e-09  4.0524e-08  6.7454e-07 -1.3246e-01  2.0975e-02  3.7565e-01  0:00:04   35
   466  1.1188e-04  8.9930e-09  3.2684e-09  3.8239e-08  6.6938e-07 -1.3246e-01  2.0975e-02  3.7563e-01  0:00:10   34
   467  1.0624e-04  8.4699e-09  3.0398e-09  3.6244e-08  6.4610e-07 -1.3247e-01  2.0976e-02  3.7562e-01  0:00:08   33
   468  1.0122e-04  7.9996e-09  2.8394e-09  3.4446e-08  6.0953e-07 -1.3247e-01  2.0977e-02  3.7563e-01  0:00:06   32
   469  9.6562e-05  7.6141e-09  2.6649e-09  3.2885e-08  5.6812e-07 -1.3248e-01  2.0978e-02  3.7565e-01  0:00:05   31
   470  9.2386e-05  7.2804e-09  2.5098e-09  3.1580e-08  5.3152e-07 -1.3248e-01  2.0980e-02  3.7569e-01  0:00:04   30
   471  8.8408e-05  6.9885e-09  2.3929e-09  3.0321e-08  5.1879e-07 -1.3249e-01  2.0982e-02  3.7573e-01  0:00:03   29

  iter  continuity  x-velocity  y-velocity      energy         nut          mz          cx          cy     time/iter
   472  8.4770e-05  6.7017e-09  2.3039e-09  2.9009e-08  5.3290e-07 -1.3249e-01  2.0984e-02  3.7577e-01  0:00:02   28
   473  8.1375e-05  6.4114e-09  2.2302e-09  2.7669e-08  5.5634e-07 -1.3249e-01  2.0986e-02  3.7582e-01  0:00:07   27
   474  7.7930e-05  6.1013e-09  2.1584e-09  2.5832e-08  5.7351e-07 -1.3250e-01  2.0987e-02  3.7584e-01  0:00:05   26
   475  7.5092e-05  5.7561e-09  2.0172e-09  2.4282e-08  5.8966e-07 -1.3250e-01  2.0988e-02  3.7587e-01  0:00:04   25
   476  7.2201e-05  5.4934e-09  1.9104e-09  2.3066e-08  5.9679e-07 -1.3249e-01  2.0988e-02  3.7589e-01  0:00:03   24
   477  6.9188e-05  5.2734e-09  1.8078e-09  2.2005e-08  5.9096e-07 -1.3249e-01  2.0988e-02  3.7590e-01  0:00:02   23
   478  6.6065e-05  5.0813e-09  1.7079e-09  2.1010e-08  5.7590e-07 -1.3249e-01  2.0988e-02  3.7591e-01  0:00:02   22
   479  6.3043e-05  4.8841e-09  1.6078e-09  2.0093e-08  5.5622e-07 -1.3248e-01  2.0988e-02  3.7591e-01  0:00:01   21
   480  6.0190e-05  4.6884e-09  1.5058e-09  1.9165e-08  5.3653e-07 -1.3248e-01  2.0987e-02  3.7591e-01  0:00:05   20
   481  5.7543e-05  4.4965e-09  1.4086e-09  1.8307e-08  5.1963e-07 -1.3247e-01  2.0987e-02  3.7590e-01  0:00:04   19
   482  5.5072e-05  4.3224e-09  1.3356e-09  1.7551e-08  5.0654e-07 -1.3247e-01  2.0986e-02  3.7589e-01  0:00:03   18

  iter  continuity  x-velocity  y-velocity      energy         nut          mz          cx          cy     time/iter
   483  5.2894e-05  4.1583e-09  1.2840e-09  1.6829e-08  4.9453e-07 -1.3246e-01  2.0985e-02  3.7588e-01  0:00:02   17
   484  5.0895e-05  4.0038e-09  1.2520e-09  1.6152e-08  4.8585e-07 -1.3245e-01  2.0984e-02  3.7586e-01  0:00:02   16
   485  4.9048e-05  3.8641e-09  1.2321e-09  1.5531e-08  4.7879e-07 -1.3245e-01  2.0983e-02  3.7584e-01  0:00:01   15
   486  4.7258e-05  3.7394e-09  1.2047e-09  1.4936e-08  4.7187e-07 -1.3244e-01  2.0982e-02  3.7582e-01  0:00:04   14
   487  4.5589e-05  3.6360e-09  1.1728e-09  1.4435e-08  4.6376e-07 -1.3244e-01  2.0981e-02  3.7580e-01  0:00:03   13
   488  4.4166e-05  3.5744e-09  1.1274e-09  1.3956e-08  4.5311e-07 -1.3244e-01  2.0979e-02  3.7578e-01  0:00:02   12
   489  4.2965e-05  3.5356e-09  1.0834e-09  1.3503e-08  4.3950e-07 -1.3243e-01  2.0978e-02  3.7576e-01  0:00:02   11
   490  4.1994e-05  3.5710e-09  1.0447e-09  1.3164e-08  4.2263e-07 -1.3243e-01  2.0977e-02  3.7574e-01  0:00:01   10
   491  4.1059e-05  3.6038e-09  1.0107e-09  1.2846e-08  4.0204e-07 -1.3243e-01  2.0976e-02  3.7573e-01  0:00:03    9
   492  4.0158e-05  3.6522e-09  9.7016e-10  1.2563e-08  3.7771e-07 -1.3243e-01  2.0975e-02  3.7571e-01  0:00:02    8
   493  3.9171e-05  3.6731e-09  9.3148e-10  1.2231e-08  3.4980e-07 -1.3243e-01  2.0975e-02  3.7571e-01  0:00:01    7

  iter  continuity  x-velocity  y-velocity      energy         nut          mz          cx          cy     time/iter
   494  3.7993e-05  3.6385e-09  8.9559e-10  1.1864e-08  3.1923e-07 -1.3243e-01  2.0974e-02  3.7570e-01  0:00:01    6
   495  3.6724e-05  3.5634e-09  8.6649e-10  1.1446e-08  2.8594e-07 -1.3243e-01  2.0974e-02  3.7570e-01  0:00:01    5
   496  3.5490e-05  3.4769e-09  8.4427e-10  1.1048e-08  2.5063e-07 -1.3243e-01  2.0973e-02  3.7570e-01  0:00:00    4
   497  3.4209e-05  3.3629e-09  8.3060e-10  1.0642e-08  2.1420e-07 -1.3243e-01  2.0973e-02  3.7570e-01  0:00:01    3
   498  3.2785e-05  3.2249e-09  8.1875e-10  1.0302e-08  1.7903e-07 -1.3244e-01  2.0973e-02  3.7570e-01  0:00:00    2
   499  3.1462e-05  3.0011e-09  8.1607e-10  9.7696e-09  1.4784e-07 -1.3244e-01  2.0973e-02  3.7571e-01  0:00:00    1
   500  2.9907e-05  2.7956e-09  8.1158e-10  9.2322e-09  1.2188e-07 -1.3244e-01  2.0973e-02  3.7571e-01  0:00:00    0

  iter  continuity  x-velocity  y-velocity      energy         nut          mz          cx          cy     time/iter
   500  2.9907e-05  2.7956e-09  8.1158e-10  9.2322e-09  1.2188e-07 -1.3244e-01  2.0973e-02  3.7571e-01  0:00:07   50
   501  2.1179e-02  2.6813e-09  7.5152e-10  2.2543e-06  5.4607e-05 -1.3213e-01  2.0937e-02  3.7269e-01  0:00:06   49
   502  2.2110e-02  6.6456e-07  4.8144e-06  2.7383e-06  2.0562e-04 -1.3111e-01  2.0929e-02  3.6473e-01  0:00:04   48
   503  1.2503e-02  4.6170e-07  5.7672e-06  2.3130e-06  3.4321e-04 -1.2979e-01  2.0843e-02  3.5358e-01  0:00:03   47
   504  7.2421e-03  6.9378e-07  5.8666e-06  2.0170e-06  4.4132e-04 -1.2833e-01  2.0642e-02  3.4051e-01  0:00:03   46
   505  8.4359e-03  7.5572e-07  5.5264e-06  2.3459e-06  4.9406e-04 -1.2705e-01  2.0380e-02  3.2736e-01  0:00:11   45
   506  1.0702e-02  7.2897e-07  4.8631e-06  2.4670e-06  5.0247e-04 -1.2604e-01  2.0095e-02  3.1479e-01  0:00:09   44
   507  1.2156e-02  6.6354e-07  4.0047e-06  2.4247e-06  4.7437e-04 -1.2535e-01  1.9747e-02  3.0368e-01  0:00:07   43
   508  1.1835e-02  5.5932e-07  3.2452e-06  2.2258e-06  4.1992e-04 -1.2500e-01  1.9408e-02  2.9479e-01  0:00:05   42
   509  1.1016e-02  4.4212e-07  2.6828e-06  2.0602e-06  3.5215e-04 -1.2494e-01  1.9104e-02  2.8797e-01  0:00:12   41
   510  9.9566e-03  3.6941e-07  2.0788e-06  2.0141e-06  2.7814e-04 -1.2516e-01  1.8856e-02  2.8326e-01  0:00:10   40

  iter  continuity  x-velocity  y-velocity      energy         nut          mz          cx          cy     time/iter
   511  8.8068e-03  3.7453e-07  1.5093e-06  1.9637e-06  2.1289e-04 -1.2554e-01  1.8666e-02  2.8064e-01  0:00:08   39
   512  7.5362e-03  4.2979e-07  1.0473e-06  1.9010e-06  1.6197e-04 -1.2606e-01  1.8559e-02  2.7965e-01  0:00:06   38
   513  6.1622e-03  4.9005e-07  7.6539e-07  1.8143e-06  1.2420e-04 -1.2665e-01  1.8533e-02  2.7997e-01  0:00:05   37
   514  5.0091e-03  5.3278e-07  7.8525e-07  1.7162e-06  9.9389e-05 -1.2718e-01  1.8534e-02  2.8165e-01  0:00:04   36
   515  4.2334e-03  5.2713e-07  8.4007e-07  1.5931e-06  8.9439e-05 -1.2770e-01  1.8582e-02  2.8394e-01  0:00:03   35
   516  3.7533e-03  4.9693e-07  8.0576e-07  1.4181e-06  9.5835e-05 -1.2811e-01  1.8640e-02  2.8652e-01  0:00:09   34
   517  3.5999e-03  4.4202e-07  7.0860e-07  1.2140e-06  1.0000e-04 -1.2843e-01  1.8723e-02  2.8910e-01  0:00:07   33
   518  3.4828e-03  3.5345e-07  5.9937e-07  1.0147e-06  9.6386e-05 -1.2867e-01  1.8811e-02  2.9164e-01  0:00:05   32
   519  3.2227e-03  2.6579e-07  5.2028e-07  8.4398e-07  8.8236e-05 -1.2887e-01  1.8896e-02  2.9407e-01  0:00:04   31
   520  2.8318e-03  1.8715e-07  4.3743e-07  7.5577e-07  7.7309e-05 -1.2901e-01  1.8971e-02  2.9622e-01  0:00:03   30
   521  2.3970e-03  1.4341e-07  3.5128e-07  7.2073e-07  6.5656e-05 -1.2906e-01  1.9044e-02  2.9851e-01  0:00:03   29

  iter  continuity  x-velocity  y-velocity      energy         nut          mz          cx          cy     time/iter
   522  1.9580e-03  1.6134e-07  2.7025e-07  6.7523e-07  5.4190e-05 -1.2906e-01  1.9090e-02  3.0031e-01  0:00:02   28
   523  1.6385e-03  1.9729e-07  2.0931e-07  6.3114e-07  4.3754e-05 -1.2903e-01  1.9116e-02  3.0147e-01  0:00:07   27
   524  1.4884e-03  2.0007e-07  1.5915e-07  5.8828e-07  3.5410e-05 -1.2896e-01  1.9119e-02  3.0207e-01  0:00:05   26
   525  1.4200e-03  1.9758e-07  1.1859e-07  5.4385e-07  2.9325e-05 -1.2888e-01  1.9105e-02  3.0224e-01  0:00:04   25
   526  1.3135e-03  1.8903e-07  8.9024e-08  4.9358e-07  2.6201e-05 -1.2880e-01  1.9086e-02  3.0211e-01  0:00:03   24
   527  1.2126e-03  1.6540e-07  7.1918e-08  4.3301e-07  2.4945e-05 -1.2875e-01  1.9073e-02  3.0178e-01  0:00:02   23
   528  1.0898e-03  1.3963e-07  6.4168e-08  3.7585e-07  2.4108e-05 -1.2868e-01  1.9062e-02  3.0124e-01  0:00:02   22
   529  9.8417e-04  1.1872e-07  6.1911e-08  3.2626e-07  2.3161e-05 -1.2863e-01  1.9053e-02  3.0064e-01  0:00:01   21
   530  8.7849e-04  9.6251e-08  6.0615e-08  2.8304e-07  2.1947e-05 -1.2860e-01  1.9049e-02  3.0006e-01  0:00:05   20
   531  7.7583e-04  7.7245e-08  5.6732e-08  2.5187e-07  2.0525e-05 -1.2858e-01  1.9052e-02  2.9956e-01  0:00:04   19
   532  6.7657e-04  6.5909e-08  5.1540e-08  2.3093e-07  1.8807e-05 -1.2858e-01  1.9060e-02  2.9917e-01  0:00:03   18

  iter  continuity  x-velocity  y-velocity      energy         nut          mz          cx          cy     time/iter
   533  5.8583e-04  5.9698e-08  4.5714e-08  2.1353e-07  1.6890e-05 -1.2859e-01  1.9070e-02  2.9893e-01  0:00:02   17
   534  5.2156e-04  5.5809e-08  4.0016e-08  1.9564e-07  1.4832e-05 -1.2862e-01  1.9087e-02  2.9885e-01  0:00:02   16
   535  4.7953e-04  5.1727e-08  3.4815e-08  1.7906e-07  1.2680e-05 -1.2865e-01  1.9104e-02  2.9891e-01  0:00:01   15
   536  4.4946e-04  4.7021e-08  3.1544e-08  1.6370e-07  1.0547e-05 -1.2869e-01  1.9121e-02  2.9909e-01  0:00:04   14
   537  4.2889e-04  4.2373e-08  2.8749e-08  1.5167e-07  8.5512e-06 -1.2872e-01  1.9136e-02  2.9934e-01  0:00:03   13
   538  4.0820e-04  3.8335e-08  2.6137e-08  1.4232e-07  6.8709e-06 -1.2874e-01  1.9149e-02  2.9963e-01  0:00:02   12
   539  3.8694e-04  3.5524e-08  2.3623e-08  1.3515e-07  5.5558e-06 -1.2876e-01  1.9158e-02  2.9994e-01  0:00:02   11
   540  3.6729e-04  3.2968e-08  2.1094e-08  1.2838e-07  4.5976e-06 -1.2876e-01  1.9164e-02  3.0022e-01  0:00:01   10
   541  3.4757e-04  3.1159e-08  1.8633e-08  1.2206e-07  4.0184e-06 -1.2877e-01  1.9167e-02  3.0046e-01  0:00:03    9
   542  3.2789e-04  3.0094e-08  1.6318e-08  1.1616e-07  3.6608e-06 -1.2876e-01  1.9166e-02  3.0065e-01  0:00:02    8
   543  3.0816e-04  2.9141e-08  1.4399e-08  1.1089e-07  3.4078e-06 -1.2875e-01  1.9163e-02  3.0076e-01  0:00:01    7

  iter  continuity  x-velocity  y-velocity      energy         nut          mz          cx          cy     time/iter
   544  2.9060e-04  2.8048e-08  1.2799e-08  1.0541e-07  3.1991e-06 -1.2873e-01  1.9158e-02  3.0081e-01  0:00:01    6
   545  2.7327e-04  2.6628e-08  1.1480e-08  9.9771e-08  3.0045e-06 -1.2871e-01  1.9151e-02  3.0078e-01  0:00:01    5
   546  2.5780e-04  2.5195e-08  1.0295e-08  9.4433e-08  2.9351e-06 -1.2869e-01  1.9143e-02  3.0069e-01  0:00:00    4
   547  2.4268e-04  2.3721e-08  9.3260e-09  8.9858e-08  3.0989e-06 -1.2867e-01  1.9134e-02  3.0053e-01  0:00:01    3
   548  2.3103e-04  2.2116e-08  8.7931e-09  8.5388e-08  3.5245e-06 -1.2865e-01  1.9126e-02  3.0035e-01  0:00:00    2
   549  2.2182e-04  2.0445e-08  8.4024e-09  8.0223e-08  3.8671e-06 -1.2864e-01  1.9120e-02  3.0015e-01  0:00:00    1
   550  2.1284e-04  1.8855e-08  8.0474e-09  7.5154e-08  4.0857e-06 -1.2863e-01  1.9116e-02  2.9997e-01  0:00:00    0

  iter  continuity  x-velocity  y-velocity      energy         nut          mz          cx          cy     time/iter
   550  2.1284e-04  1.8855e-08  8.0474e-09  7.5154e-08  4.0857e-06 -1.2863e-01  1.9116e-02  2.9997e-01  0:00:07   50
   551  2.0314e-04  1.7233e-08  7.6661e-09  7.0700e-08  4.1555e-06 -1.2863e-01  1.9115e-02  2.9983e-01  0:00:06   49
   552  1.9273e-04  1.5619e-08  7.2413e-09  6.6207e-08  4.1228e-06 -1.2864e-01  1.9115e-02  2.9972e-01  0:00:04   48
   553  1.8208e-04  1.4381e-08  6.7212e-09  6.1755e-08  4.0321e-06 -1.2866e-01  1.9117e-02  2.9966e-01  0:00:03   47
   554  1.7084e-04  1.3480e-08  6.0973e-09  5.7573e-08  3.8953e-06 -1.2868e-01  1.9121e-02  2.9966e-01  0:00:03   46
   555  1.5964e-04  1.2618e-08  5.4548e-09  5.4012e-08  3.7094e-06 -1.2870e-01  1.9126e-02  2.9970e-01  0:00:02   45
   556  1.4956e-04  1.1879e-08  4.8362e-09  5.1328e-08  3.5024e-06 -1.2873e-01  1.9133e-02  2.9978e-01  0:00:02   44
   557  1.4079e-04  1.1290e-08  4.4014e-09  4.9370e-08  3.2764e-06 -1.2875e-01  1.9139e-02  2.9989e-01  0:00:10   43
   558  1.3313e-04  1.0784e-08  4.1577e-09  4.7808e-08  3.0349e-06 -1.2877e-01  1.9145e-02  3.0003e-01  0:00:08   42
   559  1.2603e-04  1.0367e-08  4.0360e-09  4.6339e-08  2.7841e-06 -1.2879e-01  1.9151e-02  3.0017e-01  0:00:06   41
   560  1.1923e-04  9.9734e-09  3.9562e-09  4.4809e-08  2.5397e-06 -1.2880e-01  1.9157e-02  3.0031e-01  0:00:05   40

  iter  continuity  x-velocity  y-velocity      energy         nut          mz          cx          cy     time/iter
   561  1.1323e-04  9.5455e-09  3.9271e-09  4.3003e-08  2.3002e-06 -1.2881e-01  1.9161e-02  3.0044e-01  0:00:04   39
   562  1.0793e-04  9.0684e-09  3.8838e-09  4.0943e-08  2.0776e-06 -1.2881e-01  1.9165e-02  3.0055e-01  0:00:03   38
   563  1.0293e-04  8.5719e-09  3.7732e-09  3.8717e-08  1.8864e-06 -1.2881e-01  1.9167e-02  3.0064e-01  0:00:10   37
   564  9.8133e-05  8.1063e-09  3.5467e-09  3.6445e-08  1.7224e-06 -1.2881e-01  1.9168e-02  3.0071e-01  0:00:07   36
   565  9.3552e-05  7.6877e-09  3.2719e-09  3.4294e-08  1.5840e-06 -1.2880e-01  1.9169e-02  3.0075e-01  0:00:06   35
   566  8.8968e-05  7.3476e-09  2.9543e-09  3.2412e-08  1.4749e-06 -1.2879e-01  1.9168e-02  3.0076e-01  0:00:05   34
   567  8.4454e-05  7.0220e-09  2.6359e-09  3.0711e-08  1.4015e-06 -1.2878e-01  1.9167e-02  3.0074e-01  0:00:04   33
   568  8.0330e-05  6.7037e-09  2.3840e-09  2.9191e-08  1.3379e-06 -1.2877e-01  1.9165e-02  3.0071e-01  0:00:09   32
   569  7.6767e-05  6.4157e-09  2.2100e-09  2.7999e-08  1.2876e-06 -1.2875e-01  1.9163e-02  3.0066e-01  0:00:07   31
   570  7.3771e-05  6.1350e-09  2.1106e-09  2.6821e-08  1.2299e-06 -1.2874e-01  1.9162e-02  3.0060e-01  0:00:05   30
   571  7.1080e-05  5.8514e-09  2.0485e-09  2.5685e-08  1.1724e-06 -1.2874e-01  1.9160e-02  3.0054e-01  0:00:04   29

  iter  continuity  x-velocity  y-velocity      energy         nut          mz          cx          cy     time/iter
   572  6.8332e-05  5.5542e-09  2.0229e-09  2.4521e-08  1.1116e-06 -1.2873e-01  1.9159e-02  3.0048e-01  0:00:03   28
   573  6.5390e-05  5.2416e-09  2.0012e-09  2.2810e-08  1.0342e-06 -1.2873e-01  1.9158e-02  3.0044e-01  0:00:03   27
   574  6.2538e-05  4.8749e-09  1.8959e-09  2.1372e-08  9.5454e-07 -1.2873e-01  1.9157e-02  3.0041e-01  0:00:07   26
   575  5.9629e-05  4.5879e-09  1.8125e-09  2.0222e-08  8.7373e-07 -1.2872e-01  1.9157e-02  3.0038e-01  0:00:05   25
   576  5.6714e-05  4.3876e-09  1.7157e-09  1.9195e-08  7.9531e-07 -1.2873e-01  1.9157e-02  3.0036e-01  0:00:04   24
   577  5.3820e-05  4.2172e-09  1.6065e-09  1.8213e-08  7.2247e-07 -1.2873e-01  1.9157e-02  3.0034e-01  0:00:03   23
   578  5.1210e-05  4.0559e-09  1.4865e-09  1.7319e-08  6.5901e-07 -1.2873e-01  1.9157e-02  3.0033e-01  0:00:02   22
   579  4.8711e-05  3.8998e-09  1.3613e-09  1.6487e-08  6.0247e-07 -1.2873e-01  1.9157e-02  3.0032e-01  0:00:02   21
   580  4.6348e-05  3.7504e-09  1.2450e-09  1.5704e-08  5.6248e-07 -1.2874e-01  1.9157e-02  3.0032e-01  0:00:01   20
   581  4.4318e-05  3.5946e-09  1.1481e-09  1.4963e-08  5.4304e-07 -1.2874e-01  1.9158e-02  3.0033e-01  0:00:05   19
   582  4.2618e-05  3.4343e-09  1.0871e-09  1.4281e-08  5.3767e-07 -1.2875e-01  1.9158e-02  3.0034e-01  0:00:04   18

  iter  continuity  x-velocity  y-velocity      energy         nut          mz          cx          cy     time/iter
   583  4.1069e-05  3.2694e-09  1.0403e-09  1.3644e-08  5.4471e-07 -1.2875e-01  1.9158e-02  3.0035e-01  0:00:03   17
   584  3.9506e-05  3.1057e-09  1.0285e-09  1.3056e-08  5.5885e-07 -1.2876e-01  1.9158e-02  3.0036e-01  0:00:02   16
   585  3.7988e-05  2.9528e-09  1.0146e-09  1.2514e-08  5.7808e-07 -1.2876e-01  1.9158e-02  3.0038e-01  0:00:02   15
   586  3.6458e-05  2.8067e-09  9.8755e-10  1.1978e-08  5.9629e-07 -1.2876e-01  1.9158e-02  3.0040e-01  0:00:01   14
   587  3.4988e-05  2.6760e-09  9.5240e-10  1.1483e-08  6.1378e-07 -1.2877e-01  1.9158e-02  3.0041e-01  0:00:01   13
   588  3.3576e-05  2.5675e-09  9.1567e-10  1.1208e-08  6.4037e-07 -1.2877e-01  1.9158e-02  3.0043e-01  0:00:03   12
   589  3.2018e-05  2.4935e-09  8.9638e-10  1.0821e-08  6.7093e-07 -1.2877e-01  1.9158e-02  3.0045e-01  0:00:02   11
   590  3.0662e-05  2.4152e-09  8.6286e-10  1.0190e-08  6.9371e-07 -1.2878e-01  1.9158e-02  3.0046e-01  0:00:02   10
   591  2.9470e-05  2.3126e-09  7.9842e-10  9.6486e-09  7.1132e-07 -1.2878e-01  1.9158e-02  3.0046e-01  0:00:01    9
   592  2.8300e-05  2.2207e-09  7.4109e-10  9.2932e-09  7.2611e-07 -1.2878e-01  1.9157e-02  3.0047e-01  0:00:01    8
   593  2.6935e-05  2.1420e-09  6.9815e-10  8.9285e-09  7.2968e-07 -1.2878e-01  1.9157e-02  3.0047e-01  0:00:02    7

  iter  continuity  x-velocity  y-velocity      energy         nut          mz          cx          cy     time/iter
   594  2.5715e-05  2.0476e-09  6.5404e-10  8.5297e-09  7.2069e-07 -1.2878e-01  1.9157e-02  3.0047e-01  0:00:01    6
   595  2.4605e-05  1.9477e-09  6.1791e-10  8.1641e-09  7.0107e-07 -1.2878e-01  1.9157e-02  3.0046e-01  0:00:01    5
   596  2.3599e-05  1.8436e-09  5.9464e-10  7.8067e-09  6.6959e-07 -1.2877e-01  1.9157e-02  3.0046e-01  0:00:01    4
   597  2.2617e-05  1.7397e-09  5.7618e-10  7.3518e-09  6.2449e-07 -1.2877e-01  1.9157e-02  3.0045e-01  0:00:00    3
   598  2.1755e-05  1.6294e-09  5.5356e-10  6.9494e-09  5.6968e-07 -1.2877e-01  1.9158e-02  3.0045e-01  0:00:00    2
   599  2.0913e-05  1.5305e-09  5.4296e-10  6.6287e-09  5.0720e-07 -1.2877e-01  1.9158e-02  3.0044e-01  0:00:00    1
   600  2.0028e-05  1.4421e-09  5.3117e-10  6.3340e-09  4.4139e-07 -1.2877e-01  1.9158e-02  3.0044e-01  0:00:00    0

Writing Settings file "C:\Users\vova1\AppData\Local\Temp\5"...
	writing rp variables ... Done.
	writing domain variables ... Done.
	writing solid (type fluid) (mixture) ... Done.
	writing inlet (type pressure-far-field) (mixture) ... Done.
	writing int_solid (type interior) (mixture) ... Done.
	writing wall (type wall) (mixture) ... Done.
	writing outlet (type pressure-outlet) (mixture) ... Done.
	writing zones map name-id ... Done.
Multicore SMT processors detected. Processor affinity set!
Reading "e:\tsagi_dipl\Diploma_bac\optimisation_working_folder\geom.msh"...
Buffering for file scan...


       Clearing partially read grid.
   71320 nodes.
   70807 quadrilateral cells, zone  7.
  141101 2D interior faces, zone  8.
     261 2D wall faces, zone  9.
     451 2D velocity-inlet faces, zone 10.
     314 2D pressure-outlet faces, zone 11.

Building...
     mesh
	auto partitioning mesh by Metis (fast),
	distributing mesh
		parts..........,
		faces..........,
		nodes..........,
		cells..........,
        bandwidth reduction using Reverse Cuthill-McKee: 5341/98 = 54.5
     materials,
     interface,
     domains,
     zones,
	outlet
	inlet
	wall
	int_solid
	solid
     parallel,
Done.
 Setting zone id of solid to 7.
 Setting zone id of int_solid to 8.
 Setting zone id of wall to 9.
 Setting zone id of inlet to 10.
 Setting zone id of outlet to 11.
Done.

Setting solid (mixture) ... Done.
Setting inlet (mixture) (zone type changed to pressure-far-field) ... Done.
Setting int_solid (mixture) ... Done.
Setting wall (mixture) ... Done.
Setting outlet (mixture) ... Done.



Following contexts active in the case file have been de-activated because of their current context control conditions:
"coupled-pseudo-transient"

Initialize using the hybrid initialization method.

Checking case topology... 
-This case combines farfield, inlets and outlets 
-Pressure information is available at the boundaries

	iter		scalar-0		scalar-1

        Stabilizing ads-0 to enhance linear solver robustness.
	1		1.000000e+00	1.000000e+00
        Stabilizing ads-1 to enhance linear solver robustness.
	2		6.702675e-08	1.956150e-16
        Stabilizing ads-1 to enhance linear solver robustness.
	3		6.865849e-08	9.389951e-17
	4		4.976440e-08	1.036642e-16
        Stabilizing ads-1 to enhance linear solver robustness.
	5		4.203138e-08	1.701020e-16
	6		3.650731e-08	9.807393e-17
	7		3.215292e-08	1.644981e-16
        Stabilizing ads-1 to enhance linear solver robustness.
	8		2.896201e-08	1.491714e-16
	9		2.656595e-08	9.678450e-17
	10		2.469393e-08	1.641614e-16

Hybrid initialization is done.

  iter  continuity  x-velocity  y-velocity      energy         nut          mz          cx          cy     time/iter
     1  1.0000e+00  2.6683e-04  2.5812e-04  2.8239e-04  2.5608e-03  2.6504e-01  4.4991e-01 -5.6739e-01  0:00:00   99
     2  6.9318e-01  2.0957e-04  2.0679e-04  2.4449e-04  1.4729e-03  4.1778e-01  1.8627e-01 -1.1227e+00  0:04:54   98
     3  4.6122e-01  1.7119e-04  1.4624e-04  2.4865e-04  1.1337e-03  3.6136e-01  6.8368e-02 -1.0227e+00  0:04:12   97
     4  3.1016e-01  1.6080e-04  1.3272e-04  2.2568e-04  1.0030e-03  3.3614e-01  3.5297e-03 -9.5716e-01  0:03:20   96
     5  2.4173e-01  1.4610e-04  1.1714e-04  1.6197e-04  2.1340e-04  3.1539e-01 -3.0215e-02 -8.9780e-01  0:02:38   95
     6  2.1206e-01  1.1757e-04  7.9400e-05  1.0686e-04  1.0286e-04  2.9617e-01 -4.3528e-02 -8.4617e-01  0:02:05   94
     7  2.0646e-01  8.8337e-05  4.6097e-05  7.1913e-05  8.2817e-05  2.7879e-01 -4.5818e-02 -8.0367e-01  0:01:58   93
     8  2.1077e-01  6.4500e-05  2.5656e-05  4.9986e-05  7.3280e-05  2.6034e-01 -4.2018e-02 -7.6614e-01  0:01:33   92
     9  2.1201e-01  4.5057e-05  1.3471e-05  3.5011e-05  5.7465e-05  2.3934e-01 -3.4876e-02 -7.2910e-01  0:01:14   91
    10  1.9951e-01  3.0673e-05  7.5240e-06  2.4929e-05  4.3164e-05  2.1841e-01 -2.6687e-02 -7.0894e-01  0:00:58   90
    11  1.9116e-01  2.0720e-05  5.3776e-06  1.8447e-05  3.3454e-05  1.8929e-01 -2.0183e-02 -6.7397e-01  0:01:04   89

  iter  continuity  x-velocity  y-velocity      energy         nut          mz          cx          cy     time/iter
    12  1.7586e-01  1.3940e-05  4.5115e-06  1.4170e-05  2.6741e-05  1.4664e-01 -1.7472e-02 -5.9407e-01  0:00:51   88
    13  1.5768e-01  9.3954e-06  4.1221e-06  1.1715e-05  2.2311e-05  9.7422e-02 -1.5719e-02 -4.8350e-01  0:00:40   87
    14  1.3804e-01  7.2916e-06  3.8144e-06  1.0247e-05  1.9473e-05  5.4935e-02 -1.3343e-02 -3.8082e-01  0:00:49   86
    15  1.1707e-01  6.1225e-06  3.5363e-06  9.1491e-06  1.7775e-05  2.7522e-02 -9.9371e-03 -3.0946e-01  0:00:39   85
    16  1.0483e-01  5.3991e-06  3.2755e-06  8.4475e-06  1.6973e-05  8.7803e-03 -6.5493e-03 -2.6182e-01  0:00:31   84
    17  1.0081e-01  4.9034e-06  3.0781e-06  7.9799e-06  1.7129e-05 -1.0024e-02 -2.5059e-03 -2.1585e-01  0:00:24   83
    18  9.5196e-02  4.5320e-06  2.9040e-06  7.5567e-06  1.7952e-05 -2.9969e-02  1.8200e-03 -1.6931e-01  0:00:19   82
    19  9.1349e-02  4.2587e-06  2.7280e-06  7.2234e-06  1.8887e-05 -4.5081e-02  5.1034e-03 -1.3248e-01  0:00:31   81
    20  8.5061e-02  4.0798e-06  2.5296e-06  6.8775e-06  1.9926e-05 -5.5935e-02  7.3501e-03 -9.8145e-02  0:00:25   80
    21  7.8391e-02  3.9268e-06  2.3328e-06  6.4704e-06  2.1607e-05 -6.2051e-02  8.5635e-03 -6.8540e-02  0:00:20   79
    22  7.4601e-02  3.7885e-06  2.0998e-06  6.0198e-06  2.2548e-05 -6.5405e-02  9.2032e-03 -4.2300e-02  0:00:15   78

  iter  continuity  x-velocity  y-velocity      energy         nut          mz          cx          cy     time/iter
    23  7.1732e-02  3.5519e-06  1.8493e-06  5.6430e-06  2.2240e-05 -7.0220e-02  9.5789e-03 -1.1244e-03  0:00:12   77
    24  6.8215e-02  3.2975e-06  1.6030e-06  5.4027e-06  2.1255e-05 -8.3983e-02  1.0595e-02  8.0107e-02  0:00:10   76
    25  6.5207e-02  3.0292e-06  1.4130e-06  5.1844e-06  2.0379e-05 -9.7539e-02  1.1959e-02  1.7337e-01  0:00:08   75
    26  6.2192e-02  2.8263e-06  1.2691e-06  4.9622e-06  2.0473e-05 -1.0541e-01  1.2992e-02  2.4974e-01  0:00:21   74
    27  5.8684e-02  2.6660e-06  1.1507e-06  4.7703e-06  2.1701e-05 -1.0995e-01  1.3733e-02  3.0854e-01  0:00:16   73
    28  5.5325e-02  2.5574e-06  1.0826e-06  4.7334e-06  2.3930e-05 -1.1415e-01  1.4442e-02  3.5784e-01  0:00:13   72
    29  5.1516e-02  2.4163e-06  1.0336e-06  4.6702e-06  2.5113e-05 -1.1831e-01  1.5134e-02  4.0010e-01  0:00:24   71
    30  4.7256e-02  2.2719e-06  1.0114e-06  4.7051e-06  2.5900e-05 -1.2193e-01  1.5831e-02  4.3446e-01  0:00:19   70
    31  4.3106e-02  2.1406e-06  1.0101e-06  4.7702e-06  2.6139e-05 -1.2485e-01  1.6497e-02  4.6116e-01  0:00:15   69
    32  3.9562e-02  2.0227e-06  1.0113e-06  4.7584e-06  2.5661e-05 -1.2738e-01  1.7185e-02  4.8170e-01  0:00:12   68
    33  3.6796e-02  1.8947e-06  1.0052e-06  4.6645e-06  2.4790e-05 -1.2963e-01  1.7871e-02  4.9762e-01  0:00:09   67

  iter  continuity  x-velocity  y-velocity      energy         nut          mz          cx          cy     time/iter
    34  3.4253e-02  1.7853e-06  9.9190e-07  4.5005e-06  2.3232e-05 -1.3165e-01  1.8530e-02  5.0976e-01  0:00:21   66
    35  3.1902e-02  1.6809e-06  9.7397e-07  4.2981e-06  2.1795e-05 -1.3340e-01  1.9111e-02  5.1867e-01  0:00:16   65
    36  2.9819e-02  1.6003e-06  9.5548e-07  4.0970e-06  2.0229e-05 -1.3488e-01  1.9629e-02  5.2513e-01  0:00:13   64
    37  2.7863e-02  1.5372e-06  9.3146e-07  3.8864e-06  1.8996e-05 -1.3595e-01  2.0024e-02  5.2898e-01  0:00:10   63
    38  2.5931e-02  1.4859e-06  9.0537e-07  3.6883e-06  1.7604e-05 -1.3664e-01  2.0306e-02  5.3075e-01  0:00:08   62
    39  2.4063e-02  1.4551e-06  8.7963e-07  3.5081e-06  1.6359e-05 -1.3705e-01  2.0498e-02  5.3098e-01  0:00:18   61
    40  2.2258e-02  1.4377e-06  8.5559e-07  3.3509e-06  1.4980e-05 -1.3725e-01  2.0627e-02  5.3025e-01  0:00:15   60
    41  2.0603e-02  1.4259e-06  8.3109e-07  3.2195e-06  1.3279e-05 -1.3737e-01  2.0719e-02  5.2911e-01  0:00:11   59
    42  1.9126e-02  1.4140e-06  8.0488e-07  3.1007e-06  1.1807e-05 -1.3739e-01  2.0775e-02  5.2767e-01  0:00:09   58
    43  1.7705e-02  1.3979e-06  7.7707e-07  2.9852e-06  1.0346e-05 -1.3743e-01  2.0824e-02  5.2643e-01  0:00:07   57
    44  1.6514e-02  1.3766e-06  7.4941e-07  2.8753e-06  9.0436e-06 -1.3749e-01  2.0868e-02  5.2542e-01  0:00:06   56

  iter  continuity  x-velocity  y-velocity      energy         nut          mz          cx          cy     time/iter
    45  1.5406e-02  1.3494e-06  7.2324e-07  2.7632e-06  7.6942e-06 -1.3757e-01  2.0910e-02  5.2468e-01  0:00:15   55
    46  1.4405e-02  1.3146e-06  6.9393e-07  2.6517e-06  6.5509e-06 -1.3766e-01  2.0955e-02  5.2423e-01  0:00:12   54
    47  1.3479e-02  1.2699e-06  6.6786e-07  2.5385e-06  5.5205e-06 -1.3780e-01  2.1008e-02  5.2409e-01  0:00:09   53
    48  1.2693e-02  1.2275e-06  6.4274e-07  2.4266e-06  4.6653e-06 -1.3794e-01  2.1067e-02  5.2410e-01  0:00:07   52
    49  1.2037e-02  1.1881e-06  6.1719e-07  2.3156e-06  3.9606e-06 -1.3810e-01  2.1133e-02  5.2430e-01  0:00:06   51
    50  1.1428e-02  1.1478e-06  5.9272e-07  2.2044e-06  3.3793e-06 -1.3828e-01  2.1208e-02  5.2467e-01  0:00:05   50
    51  1.0827e-02  1.1054e-06  5.6938e-07  2.1041e-06  2.9699e-06 -1.3848e-01  2.1290e-02  5.2516e-01  0:00:13   49
    52  1.0199e-02  1.0621e-06  5.4644e-07  2.0030e-06  2.5857e-06 -1.3870e-01  2.1378e-02  5.2574e-01  0:00:10   48
    53  9.5818e-03  1.0222e-06  5.2378e-07  1.9126e-06  2.2593e-06 -1.3892e-01  2.1473e-02  5.2639e-01  0:00:08   47
    54  9.0727e-03  9.8378e-07  5.0162e-07  1.8272e-06  1.9608e-06 -1.3917e-01  2.1575e-02  5.2708e-01  0:00:06   46
    55  8.5806e-03  9.4469e-07  4.8030e-07  1.7481e-06  1.6833e-06 -1.3943e-01  2.1682e-02  5.2780e-01  0:00:05   45

  iter  continuity  x-velocity  y-velocity      energy         nut          mz          cx          cy     time/iter
    56  8.1381e-03  9.0570e-07  4.5876e-07  1.6767e-06  1.4832e-06 -1.3972e-01  2.1793e-02  5.2855e-01  0:00:13   44
    57  7.7012e-03  8.6878e-07  4.3994e-07  1.6098e-06  1.3023e-06 -1.3998e-01  2.1904e-02  5.2918e-01  0:00:10   43
    58  7.3120e-03  8.3468e-07  4.2055e-07  1.5483e-06  1.1869e-06 -1.4028e-01  2.2017e-02  5.2989e-01  0:00:08   42
    59  6.9429e-03  8.0289e-07  4.0277e-07  1.4904e-06  1.0851e-06 -1.4054e-01  2.2128e-02  5.3043e-01  0:00:06   41
    60  6.6200e-03  7.7292e-07  3.8211e-07  1.4388e-06  1.0197e-06 -1.4082e-01  2.2237e-02  5.3102e-01  0:00:13   40
    61  6.3141e-03  7.4411e-07  3.6384e-07  1.3892e-06  9.2589e-07 -1.4106e-01  2.2340e-02  5.3143e-01  0:00:10   39
    62  6.0499e-03  7.1384e-07  3.4535e-07  1.3379e-06  8.5244e-07 -1.4129e-01  2.2436e-02  5.3177e-01  0:00:08   38
    63  5.7950e-03  6.8327e-07  3.2903e-07  1.2878e-06  7.8816e-07 -1.4150e-01  2.2528e-02  5.3203e-01  0:00:06   37
    64  5.5605e-03  6.5492e-07  3.1310e-07  1.2400e-06  7.3537e-07 -1.4171e-01  2.2616e-02  5.3223e-01  0:00:05   36
    65  5.3382e-03  6.2646e-07  2.9826e-07  1.1934e-06  6.8829e-07 -1.4190e-01  2.2698e-02  5.3237e-01  0:00:04   35
    66  5.1115e-03  5.9756e-07  2.8310e-07  1.1487e-06  6.5161e-07 -1.4207e-01  2.2777e-02  5.3245e-01  0:00:10   34

  iter  continuity  x-velocity  y-velocity      energy         nut          mz          cx          cy     time/iter
    67  4.8945e-03  5.6911e-07  2.6919e-07  1.1047e-06  6.1892e-07 -1.4225e-01  2.2854e-02  5.3252e-01  0:00:07   33
    68  4.6953e-03  5.4082e-07  2.5587e-07  1.0601e-06  6.0016e-07 -1.4242e-01  2.2927e-02  5.3255e-01  0:00:06   32
    69  4.5074e-03  5.1315e-07  2.4307e-07  1.0148e-06  6.0385e-07 -1.4258e-01  2.2997e-02  5.3255e-01  0:00:04   31
    70  4.3209e-03  4.8645e-07  2.3047e-07  9.7068e-07  6.3725e-07 -1.4272e-01  2.3062e-02  5.3252e-01  0:00:03   30
    71  4.1363e-03  4.6035e-07  2.1880e-07  9.2773e-07  6.8794e-07 -1.4286e-01  2.3123e-02  5.3247e-01  0:00:03   29
    72  3.9620e-03  4.3479e-07  2.0778e-07  8.8554e-07  7.5832e-07 -1.4299e-01  2.3181e-02  5.3240e-01  0:00:08   28
    73  3.7921e-03  4.1097e-07  1.9737e-07  8.4480e-07  8.0575e-07 -1.4310e-01  2.3236e-02  5.3233e-01  0:00:06   27
    74  3.6292e-03  3.8839e-07  1.8676e-07  8.0471e-07  8.2967e-07 -1.4321e-01  2.3287e-02  5.3225e-01  0:00:05   26
    75  3.4669e-03  3.6632e-07  1.7650e-07  7.6666e-07  8.3395e-07 -1.4332e-01  2.3335e-02  5.3217e-01  0:00:04   25
    76  3.3061e-03  3.4544e-07  1.6736e-07  7.2912e-07  8.3282e-07 -1.4342e-01  2.3380e-02  5.3210e-01  0:00:03   24
    77  3.1506e-03  3.2511e-07  1.5869e-07  6.9225e-07  8.4123e-07 -1.4351e-01  2.3424e-02  5.3202e-01  0:00:02   23

  iter  continuity  x-velocity  y-velocity      energy         nut          mz          cx          cy     time/iter
    78  2.9967e-03  3.0584e-07  1.5031e-07  6.5618e-07  8.5737e-07 -1.4360e-01  2.3465e-02  5.3196e-01  0:00:06   22
    79  2.8529e-03  2.8750e-07  1.4229e-07  6.2178e-07  8.7895e-07 -1.4369e-01  2.3505e-02  5.3191e-01  0:00:05   21
    80  2.7189e-03  2.7019e-07  1.3482e-07  5.8966e-07  8.8905e-07 -1.4378e-01  2.3543e-02  5.3188e-01  0:00:03   20
    81  2.5797e-03  2.5398e-07  1.2803e-07  5.5823e-07  8.9599e-07 -1.4386e-01  2.3579e-02  5.3185e-01  0:00:03   19
    82  2.4411e-03  2.3847e-07  1.2143e-07  5.2880e-07  8.9227e-07 -1.4394e-01  2.3614e-02  5.3184e-01  0:00:02   18
    83  2.3168e-03  2.2408e-07  1.1585e-07  4.9981e-07  8.7526e-07 -1.4401e-01  2.3646e-02  5.3181e-01  0:00:02   17
    84  2.2003e-03  2.1026e-07  1.0971e-07  4.7228e-07  8.6569e-07 -1.4408e-01  2.3676e-02  5.3177e-01  0:00:04   16
    85  2.0908e-03  1.9726e-07  1.0356e-07  4.4662e-07  8.5483e-07 -1.4414e-01  2.3704e-02  5.3171e-01  0:00:03   15
    86  1.9863e-03  1.8504e-07  9.7253e-08  4.2232e-07  8.5014e-07 -1.4420e-01  2.3731e-02  5.3166e-01  0:00:02   14
    87  1.8833e-03  1.7369e-07  9.1354e-08  3.9907e-07  8.4152e-07 -1.4424e-01  2.3754e-02  5.3158e-01  0:00:02   13
    88  1.7824e-03  1.6273e-07  8.5533e-08  3.7674e-07  8.5280e-07 -1.4428e-01  2.3776e-02  5.3149e-01  0:00:01   12

  iter  continuity  x-velocity  y-velocity      energy         nut          mz          cx          cy     time/iter
    89  1.6889e-03  1.5256e-07  8.0260e-08  3.5561e-07  8.5487e-07 -1.4432e-01  2.3795e-02  5.3140e-01  0:00:03   11
    90  1.5956e-03  1.4307e-07  7.5782e-08  3.3520e-07  8.4595e-07 -1.4435e-01  2.3812e-02  5.3129e-01  0:00:02   10
    91  1.5111e-03  1.3407e-07  7.1229e-08  3.1606e-07  8.2784e-07 -1.4438e-01  2.3826e-02  5.3118e-01  0:00:02    9
    92  1.4273e-03  1.2586e-07  6.7251e-08  2.9791e-07  8.1033e-07 -1.4440e-01  2.3839e-02  5.3106e-01  0:00:01    8
    93  1.3513e-03  1.1803e-07  6.3253e-08  2.8059e-07  7.9335e-07 -1.4441e-01  2.3850e-02  5.3094e-01  0:00:02    7
    94  1.2789e-03  1.1089e-07  5.9806e-08  2.6408e-07  7.8791e-07 -1.4442e-01  2.3860e-02  5.3082e-01  0:00:02    6
    95  1.2132e-03  1.0410e-07  5.6304e-08  2.4868e-07  7.8260e-07 -1.4444e-01  2.3868e-02  5.3071e-01  0:00:01    5
    96  1.1512e-03  9.7753e-08  5.3125e-08  2.3402e-07  7.6965e-07 -1.4444e-01  2.3875e-02  5.3060e-01  0:00:01    4
    97  1.0889e-03  9.1957e-08  5.0340e-08  2.2038e-07  7.5037e-07 -1.4445e-01  2.3882e-02  5.3050e-01  0:00:00    3
    98  1.0312e-03  8.6444e-08  4.7486e-08  2.0794e-07  7.2540e-07 -1.4446e-01  2.3888e-02  5.3041e-01  0:00:00    2
    99  9.7520e-04  8.1466e-08  4.4983e-08  1.9627e-07  6.9647e-07 -1.4447e-01  2.3894e-02  5.3033e-01  0:00:00    1

  iter  continuity  x-velocity  y-velocity      energy         nut          mz          cx          cy     time/iter
   100  9.2316e-04  7.6869e-08  4.2403e-08  1.8546e-07  6.7141e-07 -1.4447e-01  2.3900e-02  5.3026e-01  0:00:00    0

  iter  continuity  x-velocity  y-velocity      energy         nut          mz          cx          cy     time/iter
   100  9.2316e-04  7.6869e-08  4.2403e-08  1.8546e-07  6.7141e-07 -1.4447e-01  2.3900e-02  5.3026e-01  0:00:23  100
   101  8.7347e-04  7.2473e-08  3.9950e-08  1.7492e-07  6.4374e-07 -1.4448e-01  2.3905e-02  5.3020e-01  0:00:38   99
   102  8.2667e-04  6.8459e-08  3.7859e-08  1.6488e-07  6.1349e-07 -1.4449e-01  2.3910e-02  5.3015e-01  0:00:30   98
   103  7.8217e-04  6.4702e-08  3.5748e-08  1.5574e-07  5.8567e-07 -1.4450e-01  2.3915e-02  5.3010e-01  0:00:24   97
   104  7.4091e-04  6.1242e-08  3.3910e-08  1.4728e-07  5.6038e-07 -1.4450e-01  2.3919e-02  5.3006e-01  0:00:19   96
   105  7.0098e-04  5.7984e-08  3.2083e-08  1.3941e-07  5.3524e-07 -1.4451e-01  2.3924e-02  5.3003e-01  0:00:15   95
   106  6.6465e-04  5.4874e-08  3.0575e-08  1.3216e-07  5.1079e-07 -1.4452e-01  2.3928e-02  5.3000e-01  0:00:12   94
   107  6.2892e-04  5.2118e-08  2.9378e-08  1.2528e-07  4.8765e-07 -1.4453e-01  2.3932e-02  5.2998e-01  0:00:28   93
   108  5.9594e-04  4.9564e-08  2.8048e-08  1.1889e-07  4.6886e-07 -1.4454e-01  2.3936e-02  5.2996e-01  0:00:22   92
   109  5.6623e-04  4.7204e-08  2.6654e-08  1.1284e-07  4.5247e-07 -1.4454e-01  2.3940e-02  5.2995e-01  0:00:17   91
   110  5.3788e-04  4.4998e-08  2.5227e-08  1.0706e-07  4.3427e-07 -1.4455e-01  2.3943e-02  5.2993e-01  0:00:14   90

  iter  continuity  x-velocity  y-velocity      energy         nut          mz          cx          cy     time/iter
   111  5.1073e-04  4.2857e-08  2.3961e-08  1.0174e-07  4.1668e-07 -1.4456e-01  2.3947e-02  5.2993e-01  0:00:11   89
   112  4.8419e-04  4.0844e-08  2.2853e-08  9.6721e-08  3.9706e-07 -1.4456e-01  2.3950e-02  5.2992e-01  0:00:09   88
   113  4.5958e-04  3.8832e-08  2.1521e-08  9.1798e-08  3.8313e-07 -1.4457e-01  2.3953e-02  5.2991e-01  0:00:24   87
   114  4.3631e-04  3.6937e-08  2.0331e-08  8.7407e-08  3.6694e-07 -1.4458e-01  2.3956e-02  5.2991e-01  0:00:19   86
   115  4.1395e-04  3.5254e-08  1.9241e-08  8.3259e-08  3.5045e-07 -1.4458e-01  2.3959e-02  5.2992e-01  0:00:15   85
   116  3.9255e-04  3.3633e-08  1.8284e-08  7.9319e-08  3.3335e-07 -1.4459e-01  2.3962e-02  5.2993e-01  0:00:12   84
   117  3.7221e-04  3.2068e-08  1.7411e-08  7.5469e-08  3.1610e-07 -1.4460e-01  2.3965e-02  5.2993e-01  0:00:26   83
   118  3.5315e-04  3.0585e-08  1.6600e-08  7.2042e-08  2.9848e-07 -1.4461e-01  2.3968e-02  5.2994e-01  0:00:21   82
   119  3.3501e-04  2.9176e-08  1.5831e-08  6.8735e-08  2.8011e-07 -1.4461e-01  2.3971e-02  5.2995e-01  0:00:16   81
   120  3.1854e-04  2.7837e-08  1.5092e-08  6.5623e-08  2.6234e-07 -1.4462e-01  2.3974e-02  5.2997e-01  0:00:13   80
   121  3.0316e-04  2.6561e-08  1.4407e-08  6.2680e-08  2.4519e-07 -1.4463e-01  2.3977e-02  5.2998e-01  0:00:10   79

  iter  continuity  x-velocity  y-velocity      energy         nut          mz          cx          cy     time/iter
   122  2.8957e-04  2.5365e-08  1.3747e-08  5.9884e-08  2.2870e-07 -1.4464e-01  2.3980e-02  5.2999e-01  0:00:08   78
   123  2.7663e-04  2.4238e-08  1.3104e-08  5.7102e-08  2.1284e-07 -1.4464e-01  2.3982e-02  5.2999e-01  0:00:22   77
   124  2.6370e-04  2.3160e-08  1.2488e-08  5.4634e-08  1.9799e-07 -1.4464e-01  2.3984e-02  5.3000e-01  0:00:17   76
   125  2.5210e-04  2.2134e-08  1.1942e-08  5.2295e-08  1.8370e-07 -1.4465e-01  2.3985e-02  5.3000e-01  0:00:14   75
   126  2.4073e-04  2.1169e-08  1.1384e-08  5.0025e-08  1.6972e-07 -1.4465e-01  2.3986e-02  5.2999e-01  0:00:11   74
   127  2.2868e-04  2.0247e-08  1.0859e-08  4.7736e-08  1.5600e-07 -1.4465e-01  2.3986e-02  5.2998e-01  0:00:08   73
   128  2.1672e-04  1.9357e-08  1.0341e-08  4.5562e-08  1.4262e-07 -1.4465e-01  2.3986e-02  5.2997e-01  0:00:21   72
   129  2.0519e-04  1.8503e-08  9.8220e-09  4.3473e-08  1.2950e-07 -1.4465e-01  2.3986e-02  5.2995e-01  0:00:17   71
   130  1.9445e-04  1.7684e-08  9.3401e-09  4.1481e-08  1.1726e-07 -1.4464e-01  2.3986e-02  5.2994e-01  0:00:13   70
   131  1.8489e-04  1.6901e-08  8.8915e-09  3.9619e-08  1.0550e-07 -1.4464e-01  2.3985e-02  5.2992e-01  0:00:10   69
   132  1.7601e-04  1.6150e-08  8.4733e-09  3.7801e-08  9.4471e-08 -1.4464e-01  2.3985e-02  5.2991e-01  0:00:08   68

  iter  continuity  x-velocity  y-velocity      energy         nut          mz          cx          cy     time/iter
   133  1.6784e-04  1.5421e-08  8.0758e-09  3.6058e-08  8.4097e-08 -1.4464e-01  2.3985e-02  5.2989e-01  0:00:06   67
   134  1.6009e-04  1.4721e-08  7.7188e-09  3.4374e-08  7.4210e-08 -1.4463e-01  2.3984e-02  5.2987e-01  0:00:18   66
   135  1.5481e-04  1.4045e-08  7.3591e-09  3.2686e-08  6.5265e-08 -1.4463e-01  2.3984e-02  5.2986e-01  0:00:14   65
   136  1.4970e-04  1.3406e-08  7.0609e-09  3.1093e-08  5.6984e-08 -1.4463e-01  2.3985e-02  5.2985e-01  0:00:11   64
   137  1.3983e-04  1.2788e-08  6.6946e-09  2.9595e-08  5.0063e-08 -1.4464e-01  2.3985e-02  5.2984e-01  0:00:09   63
   138  1.3437e-04  1.2204e-08  6.4019e-09  2.8158e-08  4.3719e-08 -1.4464e-01  2.3986e-02  5.2983e-01  0:00:07   62
   139  1.2880e-04  1.1636e-08  6.0907e-09  2.6809e-08  3.8510e-08 -1.4464e-01  2.3987e-02  5.2983e-01  0:00:18   61
   140  1.2327e-04  1.1091e-08  5.8138e-09  2.5535e-08  3.4687e-08 -1.4464e-01  2.3987e-02  5.2982e-01  0:00:14   60
   141  1.1737e-04  1.0577e-08  5.5809e-09  2.4330e-08  3.1475e-08 -1.4464e-01  2.3988e-02  5.2981e-01  0:00:11   59
   142  1.1218e-04  1.0075e-08  5.3222e-09  2.3181e-08  2.9667e-08 -1.4464e-01  2.3988e-02  5.2981e-01  0:00:09   58
   143  1.0664e-04  9.6046e-09  5.1097e-09  2.2071e-08  2.8626e-08 -1.4464e-01  2.3989e-02  5.2980e-01  0:00:07   57

  iter  continuity  x-velocity  y-velocity      energy         nut          mz          cx          cy     time/iter
   144  1.0176e-04  9.1506e-09  4.8705e-09  2.1027e-08  2.8511e-08 -1.4464e-01  2.3989e-02  5.2979e-01  0:00:17   56
   145  9.7251e-05  8.7220e-09  4.6683e-09  2.0034e-08  2.8733e-08 -1.4464e-01  2.3990e-02  5.2978e-01  0:00:13   55
   146  9.2558e-05  8.3083e-09  4.4372e-09  1.9019e-08  2.9229e-08 -1.4464e-01  2.3990e-02  5.2977e-01  0:00:10   54
   147  8.8086e-05  7.9189e-09  4.2459e-09  1.8145e-08  2.9770e-08 -1.4464e-01  2.3991e-02  5.2976e-01  0:00:08   53
   148  8.3997e-05  7.5428e-09  4.0364e-09  1.7340e-08  3.0223e-08 -1.4465e-01  2.3991e-02  5.2976e-01  0:00:17   52
   149  8.0277e-05  7.1924e-09  3.8679e-09  1.6568e-08  3.0452e-08 -1.4465e-01  2.3991e-02  5.2975e-01  0:00:13   51
   150  7.6582e-05  6.8539e-09  3.6731e-09  1.5827e-08  3.0466e-08 -1.4465e-01  2.3991e-02  5.2974e-01  0:00:10   50
   151  7.2988e-05  6.5357e-09  3.5064e-09  1.5109e-08  3.0186e-08 -1.4465e-01  2.3991e-02  5.2973e-01  0:00:08   49
   152  6.9362e-05  6.2264e-09  3.3237e-09  1.4428e-08  2.9716e-08 -1.4465e-01  2.3991e-02  5.2972e-01  0:00:06   48
   153  6.6058e-05  5.9357e-09  3.1774e-09  1.3769e-08  2.9223e-08 -1.4465e-01  2.3991e-02  5.2972e-01  0:00:05   47
   154  6.2948e-05  5.6547e-09  3.0148e-09  1.3141e-08  2.8723e-08 -1.4464e-01  2.3991e-02  5.2971e-01  0:00:13   46

  iter  continuity  x-velocity  y-velocity      energy         nut          mz          cx          cy     time/iter
   155  5.9931e-05  5.3906e-09  2.8823e-09  1.2534e-08  2.8219e-08 -1.4464e-01  2.3991e-02  5.2970e-01  0:00:10   45
   156  5.6921e-05  5.1345e-09  2.7325e-09  1.1949e-08  2.7694e-08 -1.4464e-01  2.3991e-02  5.2969e-01  0:00:08   44
   157  5.4190e-05  4.8938e-09  2.6106e-09  1.1389e-08  2.7153e-08 -1.4464e-01  2.3991e-02  5.2969e-01  0:00:06   43
   158  5.1611e-05  4.6586e-09  2.4759e-09  1.0853e-08  2.6583e-08 -1.4464e-01  2.3991e-02  5.2968e-01  0:00:05   42
   159  4.9086e-05  4.4395e-09  2.3675e-09  1.0341e-08  2.5986e-08 -1.4464e-01  2.3991e-02  5.2967e-01  0:00:04   41
   160  4.6739e-05  4.2256e-09  2.2466e-09  9.8485e-09  2.5352e-08 -1.4464e-01  2.3991e-02  5.2967e-01  0:00:11   40
   161  4.4601e-05  4.0234e-09  2.1492e-09  9.3750e-09  2.4687e-08 -1.4464e-01  2.3991e-02  5.2966e-01  0:00:09   39
   162  4.2474e-05  3.8269e-09  2.0401e-09  8.9233e-09  2.3982e-08 -1.4464e-01  2.3991e-02  5.2966e-01  0:00:07   38
   163  4.0490e-05  3.6417e-09  1.9519e-09  8.4950e-09  2.3261e-08 -1.4464e-01  2.3991e-02  5.2965e-01  0:00:05   37
   164  3.8592e-05  3.4636e-09  1.8520e-09  8.0856e-09  2.2551e-08 -1.4464e-01  2.3991e-02  5.2965e-01  0:00:04   36
   165  3.6760e-05  3.2968e-09  1.7709e-09  7.6955e-09  2.1852e-08 -1.4464e-01  2.3991e-02  5.2964e-01  0:00:03   35

  iter  continuity  x-velocity  y-velocity      energy         nut          mz          cx          cy     time/iter
   166  3.5015e-05  3.1350e-09  1.6798e-09  7.3236e-09  2.1194e-08 -1.4464e-01  2.3991e-02  5.2964e-01  0:00:09   34
   167  3.3307e-05  2.9832e-09  1.6054e-09  6.9714e-09  2.0565e-08 -1.4464e-01  2.3991e-02  5.2964e-01  0:00:07   33
   168  3.1700e-05  2.8367e-09  1.5216e-09  6.6338e-09  1.9982e-08 -1.4464e-01  2.3991e-02  5.2963e-01  0:00:06   32
   169  3.0109e-05  2.7003e-09  1.4534e-09  6.3122e-09  1.9479e-08 -1.4464e-01  2.3991e-02  5.2963e-01  0:00:04   31
   170  2.8535e-05  2.5702e-09  1.3861e-09  6.0043e-09  1.9019e-08 -1.4464e-01  2.3991e-02  5.2963e-01  0:00:03   30
   171  2.7101e-05  2.4444e-09  1.3136e-09  5.7137e-09  1.8585e-08 -1.4464e-01  2.3991e-02  5.2963e-01  0:00:03   29
   172  2.5739e-05  2.3268e-09  1.2550e-09  5.4406e-09  1.8153e-08 -1.4464e-01  2.3991e-02  5.2962e-01  0:00:08   28
   173  2.4499e-05  2.2137e-09  1.1973e-09  5.1799e-09  1.7708e-08 -1.4464e-01  2.3992e-02  5.2962e-01  0:00:06   27
   174  2.3385e-05  2.1054e-09  1.1354e-09  4.9321e-09  1.7234e-08 -1.4464e-01  2.3992e-02  5.2962e-01  0:00:05   26
   175  2.2283e-05  2.0056e-09  1.0843e-09  4.6968e-09  1.6750e-08 -1.4464e-01  2.3992e-02  5.2962e-01  0:00:08   25
   176  2.1250e-05  1.9096e-09  1.0290e-09  4.4700e-09  1.6249e-08 -1.4464e-01  2.3992e-02  5.2961e-01  0:00:07   24

  iter  continuity  x-velocity  y-velocity      energy         nut          mz          cx          cy     time/iter
   177  2.0242e-05  1.8198e-09  9.8354e-10  4.2575e-09  1.5762e-08 -1.4464e-01  2.3992e-02  5.2961e-01  0:00:05   23
   178  1.9297e-05  1.7330e-09  9.3373e-10  4.0528e-09  1.5283e-08 -1.4464e-01  2.3992e-02  5.2961e-01  0:00:04   22
   179  1.8392e-05  1.6514e-09  8.9260e-10  3.8592e-09  1.4828e-08 -1.4464e-01  2.3992e-02  5.2961e-01  0:00:03   21
   180  1.7516e-05  1.5728e-09  8.4725e-10  3.6734e-09  1.4417e-08 -1.4464e-01  2.3992e-02  5.2961e-01  0:00:02   20
   181  1.6696e-05  1.4993e-09  8.1016e-10  3.4985e-09  1.3993e-08 -1.4464e-01  2.3992e-02  5.2961e-01  0:00:05   19
   182  1.5915e-05  1.4280e-09  7.6916e-10  3.3308e-09  1.3553e-08 -1.4464e-01  2.3992e-02  5.2961e-01  0:00:04   18
   183  1.5170e-05  1.3611e-09  7.3537e-10  3.1722e-09  1.3095e-08 -1.4465e-01  2.3992e-02  5.2960e-01  0:00:03   17
   184  1.4458e-05  1.2964e-09  6.9813e-10  3.0207e-09  1.2659e-08 -1.4465e-01  2.3992e-02  5.2960e-01  0:00:02   16
   185  1.3790e-05  1.2357e-09  6.6741e-10  2.8771e-09  1.2120e-08 -1.4465e-01  2.3992e-02  5.2960e-01  0:00:02   15
   186  1.3146e-05  1.1769e-09  6.3315e-10  2.7390e-09  1.1596e-08 -1.4465e-01  2.3992e-02  5.2960e-01  0:00:01   14
   187  1.2545e-05  1.1212e-09  6.0204e-10  2.6069e-09  1.1109e-08 -1.4465e-01  2.3992e-02  5.2960e-01  0:00:04   13

  iter  continuity  x-velocity  y-velocity      energy         nut          mz          cx          cy     time/iter
   188  1.1962e-05  1.0691e-09  5.7581e-10  2.4823e-09  1.0692e-08 -1.4465e-01  2.3992e-02  5.2960e-01  0:00:03   12
   189  1.1392e-05  1.0186e-09  5.4642e-10  2.3667e-09  1.0338e-08 -1.4465e-01  2.3993e-02  5.2960e-01  0:00:02   11
   190  1.0859e-05  9.7140e-10  5.2223e-10  2.2535e-09  1.0003e-08 -1.4465e-01  2.3993e-02  5.2960e-01  0:00:01   10
   191  1.0326e-05  9.2546e-10  4.9521e-10  2.1437e-09  9.6618e-09 -1.4465e-01  2.3993e-02  5.2960e-01  0:00:01    9
   192  9.8413e-06  8.8174e-10  4.7060e-10  2.0390e-09  9.3305e-09 -1.4465e-01  2.3993e-02  5.2960e-01  0:00:01    8
   193  9.3759e-06  8.4084e-10  4.4985e-10  1.9397e-09  9.0152e-09 -1.4465e-01  2.3993e-02  5.2960e-01  0:00:02    7
   194  8.9112e-06  8.0123e-10  4.2663e-10  1.8447e-09  8.7165e-09 -1.4465e-01  2.3993e-02  5.2960e-01  0:00:01    6
   195  8.4852e-06  7.6396e-10  4.0753e-10  1.7516e-09  8.4141e-09 -1.4465e-01  2.3993e-02  5.2960e-01  0:00:01    5
   196  8.0681e-06  7.2779e-10  3.8622e-10  1.6677e-09  8.0962e-09 -1.4465e-01  2.3993e-02  5.2960e-01  0:00:01    4
   197  7.6724e-06  6.9341e-10  3.6556e-10  1.5886e-09  7.7803e-09 -1.4465e-01  2.3993e-02  5.2960e-01  0:00:00    3
   198  7.2943e-06  6.6119e-10  3.4766e-10  1.5123e-09  7.4580e-09 -1.4465e-01  2.3993e-02  5.2960e-01  0:00:00    2

  iter  continuity  x-velocity  y-velocity      energy         nut          mz          cx          cy     time/iter
   199  6.9294e-06  6.2992e-10  3.2879e-10  1.4396e-09  7.1507e-09 -1.4465e-01  2.3993e-02  5.2960e-01  0:00:00    1
   200  6.5985e-06  6.0054e-10  3.1397e-10  1.3698e-09  6.8648e-09 -1.4465e-01  2.3993e-02  5.2960e-01  0:00:00    0

  iter  continuity  x-velocity  y-velocity      energy         nut          mz          cx          cy     time/iter
   200  6.5985e-06  6.0054e-10  3.1397e-10  1.3698e-09  6.8648e-09 -1.4465e-01  2.3993e-02  5.2960e-01  0:00:11   50
   201  2.9355e-02  5.7213e-10  2.9714e-10  1.6576e-06  6.3152e-06 -1.4416e-01  2.3917e-02  5.2550e-01  0:00:09   49
   202  3.1097e-02  5.4765e-07  3.9670e-06  2.0370e-06  2.5126e-05 -1.4283e-01  2.3897e-02  5.1536e-01  0:00:07   48
   203  1.7504e-02  4.0183e-07  4.8543e-06  1.7812e-06  4.6486e-05 -1.4105e-01  2.3775e-02  5.0137e-01  0:00:15   47
   204  1.0227e-02  6.3800e-07  5.1376e-06  1.6341e-06  6.9811e-05 -1.3903e-01  2.3517e-02  4.8528e-01  0:00:11   46
   205  1.1461e-02  7.3076e-07  5.1040e-06  2.0256e-06  9.4343e-05 -1.3710e-01  2.3176e-02  4.6897e-01  0:00:09   45
   206  1.4753e-02  7.4944e-07  4.7468e-06  2.2745e-06  1.1515e-04 -1.3537e-01  2.2740e-02  4.5377e-01  0:00:07   44
   207  1.6940e-02  7.2607e-07  4.1134e-06  2.3597e-06  1.2567e-04 -1.3394e-01  2.2274e-02  4.4062e-01  0:00:05   43
   208  1.6403e-02  6.4447e-07  3.4475e-06  2.2523e-06  1.2050e-04 -1.3299e-01  2.1803e-02  4.3025e-01  0:00:04   42
   209  1.5427e-02  5.3386e-07  2.9208e-06  2.1153e-06  1.0487e-04 -1.3248e-01  2.1395e-02  4.2278e-01  0:00:03   41
   210  1.4131e-02  4.5666e-07  2.3046e-06  2.0920e-06  8.5953e-05 -1.3232e-01  2.1062e-02  4.1805e-01  0:00:11   40

  iter  continuity  x-velocity  y-velocity      energy         nut          mz          cx          cy     time/iter
   211  1.2384e-02  4.5441e-07  1.6854e-06  2.0589e-06  6.7610e-05 -1.3247e-01  2.0837e-02  4.1561e-01  0:00:08   39
   212  1.0589e-02  5.0494e-07  1.1724e-06  2.0001e-06  5.3092e-05 -1.3282e-01  2.0717e-02  4.1513e-01  0:00:06   38
   213  8.6773e-03  5.6923e-07  8.6554e-07  1.9131e-06  4.2775e-05 -1.3328e-01  2.0693e-02  4.1607e-01  0:00:05   37
   214  7.0028e-03  6.1572e-07  8.8232e-07  1.8166e-06  3.5731e-05 -1.3381e-01  2.0755e-02  4.1809e-01  0:00:04   36
   215  5.9559e-03  6.1215e-07  9.4677e-07  1.6885e-06  3.1086e-05 -1.3439e-01  2.0901e-02  4.2082e-01  0:00:03   35
   216  5.2221e-03  5.8312e-07  9.1588e-07  1.5054e-06  3.0465e-05 -1.3493e-01  2.1081e-02  4.2398e-01  0:00:02   34
   217  4.9764e-03  5.1548e-07  8.1178e-07  1.2850e-06  3.1629e-05 -1.3543e-01  2.1261e-02  4.2727e-01  0:00:08   33
   218  4.8405e-03  4.1727e-07  6.8846e-07  1.0665e-06  3.1747e-05 -1.3588e-01  2.1445e-02  4.3037e-01  0:00:07   32
   219  4.4656e-03  3.1536e-07  5.9913e-07  8.7126e-07  3.0419e-05 -1.3629e-01  2.1616e-02  4.3324e-01  0:00:05   31
   220  3.9105e-03  2.2245e-07  5.0559e-07  7.7262e-07  2.8101e-05 -1.3664e-01  2.1767e-02  4.3578e-01  0:00:04   30
   221  3.2886e-03  1.6582e-07  4.0807e-07  7.0794e-07  2.5260e-05 -1.3691e-01  2.1890e-02  4.3783e-01  0:00:03   29

  iter  continuity  x-velocity  y-velocity      energy         nut          mz          cx          cy     time/iter
   222  2.7018e-03  1.8088e-07  3.1359e-07  6.6971e-07  2.2292e-05 -1.3718e-01  2.2013e-02  4.4000e-01  0:00:08   28
   223  2.2219e-03  2.2234e-07  2.4292e-07  6.3195e-07  1.9144e-05 -1.3741e-01  2.2102e-02  4.4167e-01  0:00:06   27
   224  1.9857e-03  2.2592e-07  1.8596e-07  5.9660e-07  1.6513e-05 -1.3759e-01  2.2162e-02  4.4284e-01  0:00:05   26
   225  1.8542e-03  2.2527e-07  1.3796e-07  5.5663e-07  1.4534e-05 -1.3772e-01  2.2202e-02  4.4361e-01  0:00:04   25
   226  1.7024e-03  2.1909e-07  1.0286e-07  5.0781e-07  1.3408e-05 -1.3780e-01  2.2228e-02  4.4404e-01  0:00:03   24
   227  1.5516e-03  1.9362e-07  8.3069e-08  4.4654e-07  1.2947e-05 -1.3783e-01  2.2237e-02  4.4417e-01  0:00:07   23
   228  1.3973e-03  1.6456e-07  7.4739e-08  3.8364e-07  1.2469e-05 -1.3783e-01  2.2251e-02  4.4403e-01  0:00:05   22
   229  1.2488e-03  1.4167e-07  7.2258e-08  3.2919e-07  1.2007e-05 -1.3780e-01  2.2252e-02  4.4375e-01  0:00:04   21
   230  1.1214e-03  1.1655e-07  7.1886e-08  2.8371e-07  1.1395e-05 -1.3775e-01  2.2250e-02  4.4341e-01  0:00:03   20
   231  9.9233e-04  9.3650e-08  6.7894e-08  2.4852e-07  1.0614e-05 -1.3771e-01  2.2243e-02  4.4312e-01  0:00:02   19
   232  8.6722e-04  7.9866e-08  6.2374e-08  2.2669e-07  9.8842e-06 -1.3766e-01  2.2236e-02  4.4287e-01  0:00:02   18

  iter  continuity  x-velocity  y-velocity      energy         nut          mz          cx          cy     time/iter
   233  7.5585e-04  7.1935e-08  5.5387e-08  2.1018e-07  9.1187e-06 -1.3763e-01  2.2230e-02  4.4268e-01  0:00:01   17
   234  6.7905e-04  6.7171e-08  4.8424e-08  1.9413e-07  8.3819e-06 -1.3759e-01  2.2224e-02  4.4257e-01  0:00:04   16
   235  6.2910e-04  6.3295e-08  4.2179e-08  1.7795e-07  7.6864e-06 -1.3757e-01  2.2223e-02  4.4251e-01  0:00:03   15
   236  5.9647e-04  5.7301e-08  3.7689e-08  1.6231e-07  7.0751e-06 -1.3756e-01  2.2225e-02  4.4257e-01  0:00:02   14
   237  5.6940e-04  5.2431e-08  3.3894e-08  1.5028e-07  6.9453e-06 -1.3757e-01  2.2226e-02  4.4271e-01  0:00:02   13
   238  5.4009e-04  4.7854e-08  3.0297e-08  1.4062e-07  6.8243e-06 -1.3759e-01  2.2232e-02  4.4288e-01  0:00:01   12
   239  5.0888e-04  4.4411e-08  2.6444e-08  1.3366e-07  6.7219e-06 -1.3762e-01  2.2241e-02  4.4310e-01  0:00:01   11
   240  4.8261e-04  4.1293e-08  2.2971e-08  1.2553e-07  6.6424e-06 -1.3765e-01  2.2247e-02  4.4328e-01  0:00:01   10
   241  4.6472e-04  3.8544e-08  1.9775e-08  1.1848e-07  6.5490e-06 -1.3768e-01  2.2253e-02  4.4344e-01  0:00:02    9
   242  4.3937e-04  3.6448e-08  1.7040e-08  1.1240e-07  6.2893e-06 -1.3769e-01  2.2256e-02  4.4355e-01  0:00:02    8
   243  4.0008e-04  3.4688e-08  1.4866e-08  1.0973e-07  6.0395e-06 -1.3771e-01  2.2263e-02  4.4368e-01  0:00:01    7

  iter  continuity  x-velocity  y-velocity      energy         nut          mz          cx          cy     time/iter
   244  3.6370e-04  3.3247e-08  1.3211e-08  1.0595e-07  5.7863e-06 -1.3774e-01  2.2270e-02  4.4379e-01  0:00:01    6
   245  3.3807e-04  3.1306e-08  1.1876e-08  1.0067e-07  5.7207e-06 -1.3776e-01  2.2276e-02  4.4387e-01  0:00:01    5
   246  3.1723e-04  2.9236e-08  1.0708e-08  9.4149e-08  5.6391e-06 -1.3778e-01  2.2281e-02  4.4392e-01  0:00:00    4
   247  2.9391e-04  2.7104e-08  9.6337e-09  8.7497e-08  5.3645e-06 -1.3780e-01  2.2284e-02  4.4393e-01  0:00:01    3
   248  2.7265e-04  2.4817e-08  8.6994e-09  8.1133e-08  5.1492e-06 -1.3781e-01  2.2287e-02  4.4392e-01  0:00:00    2
   249  2.5674e-04  2.2770e-08  7.8960e-09  7.5086e-08  4.9132e-06 -1.3782e-01  2.2289e-02  4.4389e-01  0:00:00    1
   250  2.4347e-04  2.0834e-08  7.2280e-09  7.0531e-08  4.6904e-06 -1.3782e-01  2.2292e-02  4.4387e-01  0:00:00    0

  iter  continuity  x-velocity  y-velocity      energy         nut          mz          cx          cy     time/iter
   250  2.4347e-04  2.0834e-08  7.2280e-09  7.0531e-08  4.6904e-06 -1.3782e-01  2.2292e-02  4.4387e-01  0:00:07   50
   251  2.2988e-04  1.8985e-08  6.7044e-09  6.6084e-08  4.4645e-06 -1.3783e-01  2.2296e-02  4.4385e-01  0:00:05   49
   252  2.1569e-04  1.7310e-08  6.1887e-09  6.2152e-08  4.2391e-06 -1.3784e-01  2.2300e-02  4.4385e-01  0:00:04   48
   253  2.0160e-04  1.6074e-08  5.6245e-09  5.8272e-08  4.0205e-06 -1.3785e-01  2.2305e-02  4.4386e-01  0:00:03   47
   254  1.8744e-04  1.5086e-08  5.0583e-09  5.4484e-08  3.8122e-06 -1.3786e-01  2.2311e-02  4.4390e-01  0:00:03   46
   255  1.7375e-04  1.4161e-08  4.5640e-09  5.1315e-08  3.6224e-06 -1.3788e-01  2.2317e-02  4.4395e-01  0:00:11   45
   256  1.6133e-04  1.3387e-08  4.1407e-09  4.8542e-08  3.4549e-06 -1.3789e-01  2.2324e-02  4.4402e-01  0:00:09   44
   257  1.5052e-04  1.2719e-08  3.8000e-09  4.6071e-08  3.3134e-06 -1.3791e-01  2.2331e-02  4.4410e-01  0:00:07   43
   258  1.4130e-04  1.2132e-08  3.5375e-09  4.3862e-08  3.1943e-06 -1.3793e-01  2.2338e-02  4.4420e-01  0:00:05   42
   259  1.3279e-04  1.1611e-08  3.3382e-09  4.1857e-08  3.0558e-06 -1.3795e-01  2.2346e-02  4.4430e-01  0:00:04   41
   260  1.2470e-04  1.1144e-08  3.1715e-09  3.9990e-08  2.9422e-06 -1.3796e-01  2.2353e-02  4.4440e-01  0:00:03   40

  iter  continuity  x-velocity  y-velocity      energy         nut          mz          cx          cy     time/iter
   261  1.1761e-04  1.0626e-08  3.0429e-09  3.8328e-08  2.8424e-06 -1.3798e-01  2.2360e-02  4.4449e-01  0:00:10   39
   262  1.1116e-04  1.0143e-08  2.9521e-09  3.6562e-08  2.6944e-06 -1.3800e-01  2.2365e-02  4.4457e-01  0:00:08   38
   263  1.0538e-04  9.6055e-09  2.8521e-09  3.4698e-08  2.5646e-06 -1.3801e-01  2.2370e-02  4.4464e-01  0:00:06   37
   264  1.0061e-04  9.1362e-09  2.7488e-09  3.2971e-08  2.4342e-06 -1.3802e-01  2.2375e-02  4.4469e-01  0:00:05   36
   265  9.5925e-05  8.7319e-09  2.6407e-09  3.1105e-08  2.2945e-06 -1.3803e-01  2.2378e-02  4.4473e-01  0:00:04   35
   266  9.1264e-05  8.3548e-09  2.5190e-09  2.9383e-08  2.1563e-06 -1.3803e-01  2.2381e-02  4.4475e-01  0:00:03   34
   267  8.7131e-05  7.9763e-09  2.4001e-09  2.7907e-08  2.0332e-06 -1.3804e-01  2.2383e-02  4.4476e-01  0:00:02   33
   268  8.3104e-05  7.6042e-09  2.2795e-09  2.6339e-08  1.9235e-06 -1.3804e-01  2.2384e-02  4.4475e-01  0:00:08   32
   269  7.9097e-05  7.2593e-09  2.1025e-09  2.4914e-08  1.8150e-06 -1.3804e-01  2.2385e-02  4.4474e-01  0:00:06   31
   270  7.5273e-05  6.8989e-09  1.9584e-09  2.3587e-08  1.7510e-06 -1.3805e-01  2.2386e-02  4.4473e-01  0:00:05   30
   271  7.1508e-05  6.5926e-09  1.8234e-09  2.2387e-08  1.6907e-06 -1.3805e-01  2.2387e-02  4.4471e-01  0:00:04   29

  iter  continuity  x-velocity  y-velocity      energy         nut          mz          cx          cy     time/iter
   272  6.8146e-05  6.2760e-09  1.7086e-09  2.1200e-08  1.6260e-06 -1.3805e-01  2.2387e-02  4.4469e-01  0:00:03   28
   273  6.5032e-05  5.9874e-09  1.5963e-09  2.0043e-08  1.5630e-06 -1.3805e-01  2.2388e-02  4.4468e-01  0:00:02   27
   274  6.1998e-05  5.6945e-09  1.4837e-09  1.8928e-08  1.5011e-06 -1.3805e-01  2.2389e-02  4.4467e-01  0:00:07   26
   275  5.8762e-05  5.3709e-09  1.3743e-09  1.7854e-08  1.4472e-06 -1.3805e-01  2.2390e-02  4.4466e-01  0:00:05   25
   276  5.5365e-05  5.0481e-09  1.2748e-09  1.6825e-08  1.3982e-06 -1.3806e-01  2.2391e-02  4.4466e-01  0:00:04   24
   277  5.2289e-05  4.7305e-09  1.1844e-09  1.6031e-08  1.3389e-06 -1.3806e-01  2.2392e-02  4.4467e-01  0:00:03   23
   278  4.9334e-05  4.4330e-09  1.1145e-09  1.5166e-08  1.2844e-06 -1.3806e-01  2.2394e-02  4.4468e-01  0:00:02   22
   279  4.6508e-05  4.1385e-09  1.0539e-09  1.4197e-08  1.2325e-06 -1.3807e-01  2.2396e-02  4.4469e-01  0:00:06   21
   280  4.3884e-05  3.8627e-09  1.0009e-09  1.3382e-08  1.1809e-06 -1.3807e-01  2.2397e-02  4.4470e-01  0:00:05   20
   281  4.1393e-05  3.6033e-09  9.5765e-10  1.2479e-08  1.1326e-06 -1.3807e-01  2.2398e-02  4.4471e-01  0:00:03   19
   282  3.9093e-05  3.3677e-09  9.2939e-10  1.1735e-08  1.0839e-06 -1.3807e-01  2.2399e-02  4.4472e-01  0:00:03   18

  iter  continuity  x-velocity  y-velocity      energy         nut          mz          cx          cy     time/iter
   283  3.7013e-05  3.1553e-09  8.9350e-10  1.1063e-08  1.0298e-06 -1.3807e-01  2.2400e-02  4.4472e-01  0:00:02   17
   284  3.5217e-05  2.9572e-09  8.4203e-10  1.0426e-08  9.7283e-07 -1.3808e-01  2.2401e-02  4.4472e-01  0:00:05   16
   285  3.3359e-05  2.7857e-09  7.9777e-10  9.8556e-09  9.1166e-07 -1.3808e-01  2.2402e-02  4.4472e-01  0:00:04   15
   286  3.1695e-05  2.6265e-09  7.4889e-10  9.2831e-09  8.4677e-07 -1.3808e-01  2.2402e-02  4.4472e-01  0:00:03   14
   287  3.0084e-05  2.4828e-09  7.0275e-10  8.7724e-09  7.8071e-07 -1.3808e-01  2.2403e-02  4.4472e-01  0:00:02   13
   288  2.8540e-05  2.3692e-09  6.6883e-10  8.2902e-09  7.1271e-07 -1.3808e-01  2.2403e-02  4.4473e-01  0:00:01   12
   289  2.7158e-05  2.2658e-09  6.2933e-10  7.8416e-09  6.4595e-07 -1.3808e-01  2.2404e-02  4.4473e-01  0:00:03   11
   290  2.5896e-05  2.1752e-09  5.9296e-10  7.4629e-09  5.8101e-07 -1.3808e-01  2.2404e-02  4.4473e-01  0:00:02   10
   291  2.4749e-05  2.1080e-09  5.6188e-10  7.1635e-09  5.2044e-07 -1.3808e-01  2.2404e-02  4.4473e-01  0:00:02    9
   292  2.3626e-05  2.0489e-09  5.3921e-10  6.8649e-09  4.6267e-07 -1.3808e-01  2.2405e-02  4.4473e-01  0:00:01    8
   293  2.2677e-05  1.9974e-09  5.0858e-10  6.5977e-09  4.1016e-07 -1.3808e-01  2.2405e-02  4.4474e-01  0:00:01    7

  iter  continuity  x-velocity  y-velocity      energy         nut          mz          cx          cy     time/iter
   294  2.1808e-05  1.9511e-09  4.8695e-10  6.3381e-09  3.6092e-07 -1.3808e-01  2.2406e-02  4.4474e-01  0:00:02    6
   295  2.1015e-05  1.9134e-09  4.6073e-10  6.0682e-09  3.1558e-07 -1.3808e-01  2.2406e-02  4.4475e-01  0:00:01    5
   296  2.0479e-05  1.8766e-09  4.4454e-10  5.8540e-09  2.7367e-07 -1.3808e-01  2.2406e-02  4.4475e-01  0:00:01    4
   297  1.9941e-05  1.8428e-09  4.3129e-10  5.6515e-09  2.3535e-07 -1.3808e-01  2.2406e-02  4.4475e-01  0:00:00    3
   298  1.9473e-05  1.8197e-09  4.2311e-10  5.4564e-09  2.0040e-07 -1.3808e-01  2.2406e-02  4.4475e-01  0:00:00    2
   299  1.8963e-05  1.7978e-09  4.2494e-10  5.2645e-09  1.6888e-07 -1.3808e-01  2.2407e-02  4.4475e-01  0:00:00    1
   300  1.8398e-05  1.7443e-09  4.3549e-10  5.0662e-09  1.4143e-07 -1.3808e-01  2.2407e-02  4.4475e-01  0:00:00    0

  iter  continuity  x-velocity  y-velocity      energy         nut          mz          cx          cy     time/iter
   300  1.8398e-05  1.7443e-09  4.3549e-10  5.0662e-09  1.4143e-07 -1.3808e-01  2.2407e-02  4.4475e-01  0:00:14   50
   301  5.0215e-02  1.6761e-09  4.4569e-10  4.7524e-06  6.7429e-05 -1.3730e-01  2.2295e-02  4.3774e-01  0:00:11   49
   302  5.2107e-02  1.4168e-06  1.0475e-05  5.8139e-06  2.5998e-04 -1.3507e-01  2.2245e-02  4.2027e-01  0:00:09   48
   303  2.9705e-02  1.0238e-06  1.2656e-05  5.0409e-06  4.4609e-04 -1.3187e-01  2.2014e-02  3.9458e-01  0:00:07   47
   304  1.7277e-02  1.5152e-06  1.2993e-05  4.4774e-06  5.6087e-04 -1.2850e-01  2.1626e-02  3.6558e-01  0:00:05   46
   305  1.9846e-02  1.6714e-06  1.2351e-05  5.2875e-06  5.9480e-04 -1.2541e-01  2.1116e-02  3.3564e-01  0:00:13   45
   306  2.5475e-02  1.6288e-06  1.0946e-05  5.5359e-06  5.5059e-04 -1.2301e-01  2.0418e-02  3.0845e-01  0:00:10   44
   307  2.8909e-02  1.4657e-06  9.0539e-06  5.4020e-06  4.6602e-04 -1.2126e-01  1.9656e-02  2.8381e-01  0:00:08   43
   308  2.7876e-02  1.2191e-06  7.3509e-06  4.9333e-06  3.8999e-04 -1.2051e-01  1.8981e-02  2.6370e-01  0:00:06   42
   309  2.5758e-02  9.5384e-07  6.0946e-06  4.5293e-06  3.3289e-04 -1.2049e-01  1.8414e-02  2.4826e-01  0:00:05   41
   310  2.3273e-02  7.9826e-07  4.7625e-06  4.3838e-06  2.8497e-04 -1.2118e-01  1.8016e-02  2.3796e-01  0:00:04   40

  iter  continuity  x-velocity  y-velocity      energy         nut          mz          cx          cy     time/iter
   311  2.0431e-02  8.1165e-07  3.4580e-06  4.2657e-06  2.4306e-04 -1.2216e-01  1.7685e-02  2.3196e-01  0:00:11   39
   312  1.7451e-02  9.3178e-07  2.3643e-06  4.1141e-06  2.0495e-04 -1.2330e-01  1.7410e-02  2.2980e-01  0:00:08   38
   313  1.4220e-02  1.0712e-06  1.7175e-06  3.9328e-06  1.7673e-04 -1.2465e-01  1.7326e-02  2.3075e-01  0:00:07   37
   314  1.1348e-02  1.1763e-06  1.7906e-06  3.7420e-06  1.6012e-04 -1.2580e-01  1.7296e-02  2.3364e-01  0:00:05   36
   315  9.4894e-03  1.1697e-06  1.9241e-06  3.4513e-06  1.7274e-04 -1.2687e-01  1.7376e-02  2.3793e-01  0:00:04   35
   316  8.4500e-03  1.1086e-06  1.8465e-06  3.0572e-06  1.8971e-04 -1.2778e-01  1.7496e-02  2.4299e-01  0:00:03   34
   317  8.0444e-03  9.8911e-07  1.6223e-06  2.6008e-06  1.9723e-04 -1.2842e-01  1.7637e-02  2.4828e-01  0:00:02   33
   318  7.8786e-03  7.8765e-07  1.3675e-06  2.1590e-06  1.9137e-04 -1.2888e-01  1.7822e-02  2.5324e-01  0:00:08   32
   319  7.1859e-03  5.8451e-07  1.1961e-06  1.7838e-06  1.7537e-04 -1.2919e-01  1.7959e-02  2.5803e-01  0:00:06   31
   320  6.2681e-03  4.0360e-07  9.9934e-07  1.5869e-06  1.5595e-04 -1.2941e-01  1.8106e-02  2.6243e-01  0:00:05   30
   321  5.2157e-03  3.0168e-07  8.0233e-07  1.4941e-06  1.3435e-04 -1.2941e-01  1.8253e-02  2.6691e-01  0:00:04   29

  iter  continuity  x-velocity  y-velocity      energy         nut          mz          cx          cy     time/iter
   322  4.2027e-03  3.4077e-07  6.1782e-07  1.3959e-06  1.1414e-04 -1.2933e-01  1.8357e-02  2.7028e-01  0:00:03   28
   323  3.4842e-03  4.2001e-07  4.8186e-07  1.3164e-06  9.1665e-05 -1.2923e-01  1.8409e-02  2.7264e-01  0:00:08   27
   324  3.1665e-03  4.3612e-07  3.6769e-07  1.2506e-06  7.3480e-05 -1.2911e-01  1.8406e-02  2.7404e-01  0:00:06   26
   325  2.9658e-03  4.4144e-07  2.7179e-07  1.1654e-06  6.0675e-05 -1.2900e-01  1.8377e-02  2.7472e-01  0:00:05   25
   326  2.7849e-03  4.2631e-07  2.0238e-07  1.0568e-06  5.3393e-05 -1.2892e-01  1.8339e-02  2.7496e-01  0:00:03   24
   327  2.6335e-03  3.6920e-07  1.6114e-07  9.2185e-07  5.1000e-05 -1.2881e-01  1.8285e-02  2.7465e-01  0:00:03   23
   328  2.3972e-03  3.1884e-07  1.4016e-07  7.9857e-07  4.8786e-05 -1.2868e-01  1.8242e-02  2.7382e-01  0:00:02   22
   329  2.1481e-03  2.6395e-07  1.3881e-07  6.8146e-07  4.7986e-05 -1.2859e-01  1.8218e-02  2.7277e-01  0:00:06   21
   330  1.9048e-03  2.1434e-07  1.3812e-07  5.8556e-07  4.7894e-05 -1.2856e-01  1.8226e-02  2.7170e-01  0:00:04   20
   331  1.6815e-03  1.7336e-07  1.2957e-07  5.2293e-07  4.7498e-05 -1.2854e-01  1.8238e-02  2.7076e-01  0:00:03   19
   332  1.4608e-03  1.4536e-07  1.1805e-07  4.7858e-07  4.6212e-05 -1.2855e-01  1.8266e-02  2.7005e-01  0:00:03   18

  iter  continuity  x-velocity  y-velocity      energy         nut          mz          cx          cy     time/iter
   333  1.2782e-03  1.2905e-07  1.0455e-07  4.4441e-07  4.4467e-05 -1.2858e-01  1.8293e-02  2.6957e-01  0:00:02   17
   334  1.1380e-03  1.2018e-07  9.0384e-08  4.0821e-07  4.1968e-05 -1.2862e-01  1.8327e-02  2.6936e-01  0:00:01   16
   335  1.0416e-03  1.1259e-07  7.8668e-08  3.7361e-07  3.8736e-05 -1.2871e-01  1.8369e-02  2.6948e-01  0:00:04   15
   336  9.7739e-04  1.0326e-07  7.0289e-08  3.4175e-07  3.4691e-05 -1.2880e-01  1.8406e-02  2.6987e-01  0:00:03   14
   337  9.3064e-04  9.1673e-08  6.2824e-08  3.1371e-07  3.0563e-05 -1.2887e-01  1.8439e-02  2.7043e-01  0:00:02   13
   338  8.8421e-04  8.2944e-08  5.6159e-08  2.9152e-07  2.6428e-05 -1.2894e-01  1.8473e-02  2.7106e-01  0:00:02   12
   339  8.3561e-04  7.5599e-08  4.9965e-08  2.7433e-07  2.2471e-05 -1.2898e-01  1.8501e-02  2.7170e-01  0:00:01   11
   340  7.8877e-04  6.9444e-08  4.3939e-08  2.6069e-07  1.8906e-05 -1.2901e-01  1.8519e-02  2.7234e-01  0:00:03   10
   341  7.3502e-04  6.5709e-08  3.8596e-08  2.4780e-07  1.5858e-05 -1.2901e-01  1.8528e-02  2.7292e-01  0:00:02    9
   342  6.8813e-04  6.3770e-08  3.3883e-08  2.3597e-07  1.3421e-05 -1.2898e-01  1.8528e-02  2.7334e-01  0:00:01    8
   343  6.4290e-04  6.1046e-08  2.9925e-08  2.2445e-07  1.1469e-05 -1.2894e-01  1.8521e-02  2.7361e-01  0:00:02    7

  iter  continuity  x-velocity  y-velocity      energy         nut          mz          cx          cy     time/iter
   344  5.9789e-04  5.7801e-08  2.6864e-08  2.1242e-07  1.0387e-05 -1.2888e-01  1.8508e-02  2.7371e-01  0:00:02    6
   345  5.6352e-04  5.4913e-08  2.3891e-08  2.0092e-07  1.0273e-05 -1.2882e-01  1.8491e-02  2.7363e-01  0:00:01    5
   346  5.2904e-04  5.2260e-08  2.1202e-08  1.9256e-07  1.0890e-05 -1.2874e-01  1.8469e-02  2.7330e-01  0:00:01    4
   347  4.9841e-04  4.9289e-08  1.9301e-08  1.8672e-07  1.2000e-05 -1.2867e-01  1.8446e-02  2.7279e-01  0:00:00    3
   348  4.7483e-04  4.6059e-08  1.8562e-08  1.7835e-07  1.3044e-05 -1.2863e-01  1.8425e-02  2.7224e-01  0:00:01    2
   349  4.5623e-04  4.2837e-08  1.8234e-08  1.6528e-07  1.3740e-05 -1.2860e-01  1.8412e-02  2.7178e-01  0:00:00    1
   350  4.3824e-04  3.9064e-08  1.7493e-08  1.5368e-07  1.4133e-05 -1.2859e-01  1.8405e-02  2.7135e-01  0:00:00    0

  iter  continuity  x-velocity  y-velocity      energy         nut          mz          cx          cy     time/iter
   350  4.3824e-04  3.9064e-08  1.7493e-08  1.5368e-07  1.4133e-05 -1.2859e-01  1.8405e-02  2.7135e-01  0:00:10   50
   351  4.1775e-04  3.5460e-08  1.6712e-08  1.4391e-07  1.4079e-05 -1.2859e-01  1.8402e-02  2.7098e-01  0:00:08   49
   352  3.9513e-04  3.2288e-08  1.5829e-08  1.3408e-07  1.3685e-05 -1.2861e-01  1.8401e-02  2.7071e-01  0:00:06   48
   353  3.7216e-04  2.9732e-08  1.4604e-08  1.2455e-07  1.3050e-05 -1.2865e-01  1.8404e-02  2.7055e-01  0:00:14   47
   354  3.4865e-04  2.7734e-08  1.3138e-08  1.1552e-07  1.2239e-05 -1.2869e-01  1.8409e-02  2.7049e-01  0:00:11   46
   355  3.2525e-04  2.5981e-08  1.1621e-08  1.0773e-07  1.1333e-05 -1.2874e-01  1.8419e-02  2.7056e-01  0:00:09   45
   356  3.0454e-04  2.4472e-08  1.0250e-08  1.0165e-07  1.0400e-05 -1.2879e-01  1.8429e-02  2.7073e-01  0:00:07   44
   357  2.8795e-04  2.3208e-08  9.2345e-09  9.7704e-08  9.4820e-06 -1.2884e-01  1.8441e-02  2.7096e-01  0:00:05   43
   358  2.7221e-04  2.2001e-08  8.5884e-09  9.4482e-08  8.5953e-06 -1.2888e-01  1.8453e-02  2.7124e-01  0:00:04   42
   359  2.5797e-04  2.1132e-08  8.2525e-09  9.1779e-08  7.7666e-06 -1.2892e-01  1.8464e-02  2.7154e-01  0:00:03   41
   360  2.4463e-04  2.0190e-08  8.1399e-09  8.8720e-08  7.0039e-06 -1.2895e-01  1.8473e-02  2.7185e-01  0:00:11   40

  iter  continuity  x-velocity  y-velocity      energy         nut          mz          cx          cy     time/iter
   361  2.3267e-04  1.9169e-08  8.0887e-09  8.5349e-08  6.3115e-06 -1.2896e-01  1.8481e-02  2.7213e-01  0:00:08   39
   362  2.2188e-04  1.8103e-08  8.0013e-09  8.1562e-08  5.7057e-06 -1.2897e-01  1.8487e-02  2.7238e-01  0:00:06   38
   363  2.1140e-04  1.7076e-08  7.7593e-09  7.7470e-08  5.2037e-06 -1.2897e-01  1.8492e-02  2.7259e-01  0:00:05   37
   364  2.0160e-04  1.6104e-08  7.4248e-09  7.3224e-08  4.7599e-06 -1.2896e-01  1.8494e-02  2.7275e-01  0:00:04   36
   365  1.9197e-04  1.5271e-08  6.9240e-09  6.9292e-08  4.4177e-06 -1.2894e-01  1.8493e-02  2.7285e-01  0:00:03   35
   366  1.8246e-04  1.4585e-08  6.3066e-09  6.5333e-08  4.1259e-06 -1.2892e-01  1.8490e-02  2.7288e-01  0:00:09   34
   367  1.7322e-04  1.3929e-08  5.6044e-09  6.1918e-08  3.8769e-06 -1.2889e-01  1.8487e-02  2.7285e-01  0:00:07   33
   368  1.6497e-04  1.3287e-08  4.9848e-09  5.8805e-08  3.6166e-06 -1.2886e-01  1.8484e-02  2.7277e-01  0:00:06   32
   369  1.5758e-04  1.2651e-08  4.6306e-09  5.6297e-08  3.3326e-06 -1.2884e-01  1.8480e-02  2.7266e-01  0:00:04   31
   370  1.5114e-04  1.2024e-08  4.4496e-09  5.3826e-08  3.0394e-06 -1.2882e-01  1.8477e-02  2.7254e-01  0:00:03   30
   371  1.4568e-04  1.1378e-08  4.3020e-09  5.1351e-08  2.7583e-06 -1.2880e-01  1.8473e-02  2.7240e-01  0:00:03   29

  iter  continuity  x-velocity  y-velocity      energy         nut          mz          cx          cy     time/iter
   372  1.3992e-04  1.0705e-08  4.2018e-09  4.8913e-08  2.4831e-06 -1.2878e-01  1.8471e-02  2.7227e-01  0:00:02   28
   373  1.3380e-04  1.0032e-08  4.1471e-09  4.6417e-08  2.2235e-06 -1.2878e-01  1.8469e-02  2.7215e-01  0:00:07   27
   374  1.2751e-04  9.3693e-09  4.0606e-09  4.3605e-08  1.9756e-06 -1.2878e-01  1.8469e-02  2.7206e-01  0:00:05   26
   375  1.2104e-04  8.7552e-09  3.8929e-09  4.0981e-08  1.7436e-06 -1.2878e-01  1.8470e-02  2.7201e-01  0:00:04   25
   376  1.1466e-04  8.3331e-09  3.6621e-09  3.8674e-08  1.5447e-06 -1.2879e-01  1.8471e-02  2.7198e-01  0:00:08   24
   377  1.0836e-04  8.0134e-09  3.3738e-09  3.6540e-08  1.3967e-06 -1.2880e-01  1.8472e-02  2.7197e-01  0:00:06   23
   378  1.0253e-04  7.7097e-09  3.0706e-09  3.4709e-08  1.3081e-06 -1.2881e-01  1.8474e-02  2.7199e-01  0:00:05   22
   379  9.6908e-05  7.4207e-09  2.7879e-09  3.3141e-08  1.2714e-06 -1.2883e-01  1.8475e-02  2.7202e-01  0:00:04   21
   380  9.1831e-05  7.1405e-09  2.5711e-09  3.1747e-08  1.2809e-06 -1.2884e-01  1.8477e-02  2.7207e-01  0:00:03   20
   381  8.7666e-05  6.8404e-09  2.4856e-09  3.0438e-08  1.3216e-06 -1.2885e-01  1.8479e-02  2.7212e-01  0:00:02   19
   382  8.4268e-05  6.5177e-09  2.4362e-09  2.9027e-08  1.3839e-06 -1.2886e-01  1.8480e-02  2.7217e-01  0:00:02   18

  iter  continuity  x-velocity  y-velocity      energy         nut          mz          cx          cy     time/iter
   383  8.1191e-05  6.1616e-09  2.3977e-09  2.7563e-08  1.4507e-06 -1.2887e-01  1.8480e-02  2.7222e-01  0:00:05   17
   384  7.8097e-05  5.7891e-09  2.3826e-09  2.5823e-08  1.4864e-06 -1.2888e-01  1.8481e-02  2.7226e-01  0:00:03   16
   385  7.5252e-05  5.4096e-09  2.2866e-09  2.4785e-08  1.5242e-06 -1.2889e-01  1.8480e-02  2.7230e-01  0:00:03   15
   386  7.1867e-05  5.1632e-09  2.1997e-09  2.3759e-08  1.5439e-06 -1.2889e-01  1.8480e-02  2.7233e-01  0:00:02   14
   387  6.8648e-05  4.9487e-09  2.0611e-09  2.2666e-08  1.5584e-06 -1.2889e-01  1.8479e-02  2.7235e-01  0:00:01   13
   388  6.5518e-05  4.7740e-09  1.9105e-09  2.1614e-08  1.5676e-06 -1.2890e-01  1.8478e-02  2.7236e-01  0:00:01   12
   389  6.2510e-05  4.6150e-09  1.7567e-09  2.0650e-08  1.5726e-06 -1.2890e-01  1.8477e-02  2.7236e-01  0:00:03   11
   390  5.9692e-05  4.4598e-09  1.6045e-09  1.9852e-08  1.5712e-06 -1.2890e-01  1.8476e-02  2.7236e-01  0:00:02   10
   391  5.7047e-05  4.2971e-09  1.4642e-09  1.9072e-08  1.5598e-06 -1.2889e-01  1.8476e-02  2.7234e-01  0:00:02    9
   392  5.4469e-05  4.1184e-09  1.3716e-09  1.8321e-08  1.5348e-06 -1.2889e-01  1.8475e-02  2.7232e-01  0:00:01    8
   393  5.2259e-05  3.9269e-09  1.3176e-09  1.7531e-08  1.4933e-06 -1.2889e-01  1.8475e-02  2.7231e-01  0:00:01    7

  iter  continuity  x-velocity  y-velocity      energy         nut          mz          cx          cy     time/iter
   394  5.0226e-05  3.7263e-09  1.2698e-09  1.6707e-08  1.4334e-06 -1.2889e-01  1.8474e-02  2.7229e-01  0:00:01    6
   395  4.8269e-05  3.5159e-09  1.2225e-09  1.5883e-08  1.3552e-06 -1.2889e-01  1.8474e-02  2.7227e-01  0:00:00    5
   396  4.6270e-05  3.3126e-09  1.1721e-09  1.5065e-08  1.2622e-06 -1.2889e-01  1.8474e-02  2.7226e-01  0:00:01    4
   397  4.4192e-05  3.1103e-09  1.1206e-09  1.4298e-08  1.1575e-06 -1.2889e-01  1.8474e-02  2.7225e-01  0:00:01    3
   398  4.2073e-05  2.9501e-09  1.0564e-09  1.3579e-08  1.0457e-06 -1.2889e-01  1.8475e-02  2.7225e-01  0:00:00    2
   399  4.0004e-05  2.8159e-09  9.8247e-10  1.2918e-08  9.3200e-07 -1.2889e-01  1.8475e-02  2.7225e-01  0:00:00    1
   400  3.8019e-05  2.6921e-09  9.0951e-10  1.2350e-08  8.2260e-07 -1.2889e-01  1.8476e-02  2.7226e-01  0:00:00    0

  iter  continuity  x-velocity  y-velocity      energy         nut          mz          cx          cy     time/iter
   400  3.8019e-05  2.6921e-09  9.0951e-10  1.2350e-08  8.2260e-07 -1.2889e-01  1.8476e-02  2.7226e-01  0:00:05   50
   401  2.9381e-02  2.5788e-09  8.4407e-10  3.2266e-06  1.2988e-04 -1.2930e-01  1.8508e-02  2.7644e-01  0:00:04   49
   402  3.0349e-02  8.7583e-07  6.8271e-06  3.8697e-06  4.8195e-04 -1.3067e-01  1.8502e-02  2.8743e-01  0:00:03   48
   403  1.7297e-02  6.5289e-07  8.1545e-06  3.3210e-06  7.7832e-04 -1.3252e-01  1.8606e-02  3.0315e-01  0:00:03   47
   404  1.0055e-02  9.0807e-07  8.2954e-06  2.8763e-06  9.5400e-04 -1.3435e-01  1.8792e-02  3.2111e-01  0:00:02   46
   405  1.1539e-02  1.0142e-06  7.8123e-06  3.3807e-06  1.0202e-03 -1.3584e-01  1.9103e-02  3.3942e-01  0:00:02   45
   406  1.5054e-02  1.0205e-06  6.8777e-06  3.5766e-06  9.8213e-04 -1.3707e-01  1.9566e-02  3.5662e-01  0:00:01   44
   407  1.6652e-02  9.1952e-07  5.6701e-06  3.4700e-06  8.6292e-04 -1.3790e-01  2.0068e-02  3.7119e-01  0:00:10   43
   408  1.6022e-02  7.5255e-07  4.5887e-06  3.2136e-06  7.0837e-04 -1.3836e-01  2.0592e-02  3.8339e-01  0:00:07   42
   409  1.4916e-02  5.7706e-07  3.7615e-06  2.9055e-06  5.4803e-04 -1.3847e-01  2.1078e-02  3.9236e-01  0:00:06   41
   410  1.3724e-02  4.8467e-07  2.9612e-06  2.8079e-06  4.0297e-04 -1.3831e-01  2.1476e-02  3.9839e-01  0:00:05   40

  iter  continuity  x-velocity  y-velocity      energy         nut          mz          cx          cy     time/iter
   411  1.2062e-02  5.0296e-07  2.1176e-06  2.7365e-06  2.8751e-04 -1.3804e-01  2.1800e-02  4.0158e-01  0:00:04   39
   412  1.0291e-02  5.8011e-07  1.4293e-06  2.6466e-06  2.0097e-04 -1.3761e-01  2.1993e-02  4.0246e-01  0:00:03   38
   413  8.4374e-03  6.5293e-07  1.0502e-06  2.5320e-06  1.4372e-04 -1.3714e-01  2.2095e-02  4.0166e-01  0:00:02   37
   414  6.7295e-03  7.1978e-07  1.0939e-06  2.3937e-06  1.1924e-04 -1.3666e-01  2.2111e-02  3.9961e-01  0:00:09   36
   415  5.5224e-03  7.2231e-07  1.1569e-06  2.2164e-06  1.1965e-04 -1.3617e-01  2.2060e-02  3.9678e-01  0:00:07   35
   416  4.9568e-03  6.7172e-07  1.0999e-06  1.9887e-06  1.2608e-04 -1.3571e-01  2.1954e-02  3.9354e-01  0:00:05   34
   417  4.7641e-03  5.9770e-07  9.6509e-07  1.7052e-06  1.2428e-04 -1.3524e-01  2.1811e-02  3.8999e-01  0:00:04   33
   418  4.6946e-03  4.9404e-07  8.1726e-07  1.4316e-06  1.1582e-04 -1.3482e-01  2.1653e-02  3.8653e-01  0:00:03   32
   419  4.2838e-03  3.6623e-07  7.0197e-07  1.1902e-06  1.0256e-04 -1.3441e-01  2.1496e-02  3.8328e-01  0:00:03   31
   420  3.8308e-03  2.5669e-07  5.8621e-07  1.0742e-06  8.6902e-05 -1.3398e-01  2.1302e-02  3.7940e-01  0:00:02   30
   421  3.1818e-03  1.9610e-07  4.7071e-07  9.8570e-07  7.1728e-05 -1.3363e-01  2.1155e-02  3.7617e-01  0:00:07   29

  iter  continuity  x-velocity  y-velocity      energy         nut          mz          cx          cy     time/iter
   422  2.5741e-03  2.1273e-07  3.5909e-07  8.9850e-07  5.8075e-05 -1.3336e-01  2.1042e-02  3.7375e-01  0:00:06   28
   423  2.1815e-03  2.5151e-07  2.7474e-07  8.3203e-07  4.7023e-05 -1.3318e-01  2.0967e-02  3.7205e-01  0:00:04   27
   424  2.0085e-03  2.6030e-07  2.1000e-07  7.7881e-07  3.9724e-05 -1.3307e-01  2.0915e-02  3.7103e-01  0:00:03   26
   425  1.9103e-03  2.6421e-07  1.5699e-07  7.2190e-07  3.4887e-05 -1.3303e-01  2.0879e-02  3.7057e-01  0:00:08   25
   426  1.8209e-03  2.4588e-07  1.1842e-07  6.5141e-07  3.2136e-05 -1.3303e-01  2.0860e-02  3.7060e-01  0:00:06   24
   427  1.6732e-03  2.2061e-07  9.6052e-08  5.7282e-07  3.0134e-05 -1.3309e-01  2.0853e-02  3.7099e-01  0:00:04   23
   428  1.5140e-03  1.8778e-07  8.4915e-08  4.9728e-07  2.8080e-05 -1.3318e-01  2.0858e-02  3.7167e-01  0:00:03   22
   429  1.3623e-03  1.6184e-07  8.2558e-08  4.2628e-07  2.5810e-05 -1.3327e-01  2.0862e-02  3.7252e-01  0:00:03   21
   430  1.2088e-03  1.3070e-07  8.0786e-08  3.6735e-07  2.3400e-05 -1.3337e-01  2.0870e-02  3.7338e-01  0:00:02   20
   431  1.0722e-03  1.0803e-07  7.5898e-08  3.2580e-07  2.0862e-05 -1.3347e-01  2.0877e-02  3.7426e-01  0:00:02   19
   432  9.3838e-04  9.1178e-08  6.9059e-08  2.9700e-07  1.8214e-05 -1.3358e-01  2.0889e-02  3.7511e-01  0:00:05   18

  iter  continuity  x-velocity  y-velocity      energy         nut          mz          cx          cy     time/iter
   433  8.3536e-04  7.8765e-08  6.1189e-08  2.7586e-07  1.5643e-05 -1.3368e-01  2.0900e-02  3.7583e-01  0:00:04   17
   434  7.4375e-04  7.2682e-08  5.3109e-08  2.5588e-07  1.2928e-05 -1.3376e-01  2.0908e-02  3.7639e-01  0:00:03   16
   435  6.6406e-04  6.8464e-08  4.5697e-08  2.3595e-07  1.0483e-05 -1.3382e-01  2.0915e-02  3.7680e-01  0:00:02   15
   436  6.1228e-04  6.3631e-08  4.0595e-08  2.1668e-07  8.3434e-06 -1.3386e-01  2.0918e-02  3.7706e-01  0:00:02   14
   437  5.7588e-04  5.8105e-08  3.6403e-08  1.9827e-07  6.5655e-06 -1.3387e-01  2.0920e-02  3.7718e-01  0:00:01   13
   438  5.4244e-04  5.2794e-08  3.2597e-08  1.8230e-07  5.2152e-06 -1.3388e-01  2.0922e-02  3.7718e-01  0:00:03   12
   439  5.1275e-04  4.7854e-08  2.8943e-08  1.6931e-07  4.4417e-06 -1.3387e-01  2.0924e-02  3.7709e-01  0:00:02   11
   440  4.8530e-04  4.3439e-08  2.5544e-08  1.6026e-07  3.8992e-06 -1.3385e-01  2.0925e-02  3.7693e-01  0:00:02   10
   441  4.6026e-04  4.0218e-08  2.2361e-08  1.5250e-07  3.6987e-06 -1.3384e-01  2.0928e-02  3.7676e-01  0:00:01    9
   442  4.3951e-04  3.8074e-08  1.9559e-08  1.4442e-07  3.6170e-06 -1.3383e-01  2.0932e-02  3.7661e-01  0:00:01    8
   443  4.1836e-04  3.6150e-08  1.7144e-08  1.3650e-07  3.4560e-06 -1.3382e-01  2.0937e-02  3.7650e-01  0:00:01    7

  iter  continuity  x-velocity  y-velocity      energy         nut          mz          cx          cy     time/iter
   444  3.9331e-04  3.4168e-08  1.5201e-08  1.2848e-07  3.1261e-06 -1.3381e-01  2.0942e-02  3.7644e-01  0:00:00    6
   445  3.6740e-04  3.1955e-08  1.3709e-08  1.2020e-07  2.7202e-06 -1.3380e-01  2.0947e-02  3.7643e-01  0:00:01    5
   446  3.4351e-04  2.9932e-08  1.2404e-08  1.1211e-07  2.2720e-06 -1.3380e-01  2.0953e-02  3.7647e-01  0:00:01    4
   447  3.2100e-04  2.7764e-08  1.1239e-08  1.0515e-07  1.8967e-06 -1.3380e-01  2.0958e-02  3.7654e-01  0:00:00    3
   448  2.9958e-04  2.5704e-08  1.0243e-08  9.8781e-08  1.6808e-06 -1.3380e-01  2.0963e-02  3.7663e-01  0:00:00    2
   449  2.8138e-04  2.3784e-08  9.3971e-09  9.2809e-08  1.6017e-06 -1.3380e-01  2.0966e-02  3.7673e-01  0:00:00    1
   450  2.6709e-04  2.1983e-08  8.6849e-09  8.7463e-08  1.5949e-06 -1.3380e-01  2.0967e-02  3.7683e-01  0:00:00    0

  iter  continuity  x-velocity  y-velocity      energy         nut          mz          cx          cy     time/iter
   450  2.6709e-04  2.1983e-08  8.6849e-09  8.7463e-08  1.5949e-06 -1.3380e-01  2.0967e-02  3.7683e-01  0:00:04   50
   451  2.5302e-04  2.0302e-08  8.1077e-09  8.2563e-08  1.6662e-06 -1.3380e-01  2.0966e-02  3.7691e-01  0:00:03   49
   452  2.3924e-04  1.8698e-08  7.5866e-09  7.7910e-08  1.7487e-06 -1.3379e-01  2.0964e-02  3.7697e-01  0:00:12   48
   453  2.2662e-04  1.7271e-08  7.0370e-09  7.3334e-08  1.7663e-06 -1.3378e-01  2.0959e-02  3.7699e-01  0:00:10   47
   454  2.1384e-04  1.6135e-08  6.4095e-09  6.9051e-08  1.7240e-06 -1.3377e-01  2.0953e-02  3.7698e-01  0:00:07   46
   455  2.0175e-04  1.5228e-08  5.8110e-09  6.5157e-08  1.6334e-06 -1.3375e-01  2.0946e-02  3.7692e-01  0:00:06   45
   456  1.9055e-04  1.4545e-08  5.3285e-09  6.2162e-08  1.5143e-06 -1.3374e-01  2.0938e-02  3.7683e-01  0:00:05   44
   457  1.8025e-04  1.4000e-08  4.9755e-09  5.9556e-08  1.3715e-06 -1.3372e-01  2.0930e-02  3.7672e-01  0:00:04   43
   458  1.7114e-04  1.3484e-08  4.7120e-09  5.7183e-08  1.2193e-06 -1.3370e-01  2.0922e-02  3.7659e-01  0:00:11   42
   459  1.6275e-04  1.2989e-08  4.5193e-09  5.5005e-08  1.0760e-06 -1.3369e-01  2.0915e-02  3.7645e-01  0:00:09   41
   460  1.5459e-04  1.2465e-08  4.3935e-09  5.2780e-08  9.5224e-07 -1.3368e-01  2.0909e-02  3.7632e-01  0:00:07   40

  iter  continuity  x-velocity  y-velocity      energy         nut          mz          cx          cy     time/iter
   461  1.4658e-04  1.1903e-08  4.2822e-09  5.0472e-08  8.6297e-07 -1.3368e-01  2.0904e-02  3.7620e-01  0:00:05   39
   462  1.3920e-04  1.1334e-08  4.1518e-09  4.8024e-08  8.0876e-07 -1.3367e-01  2.0900e-02  3.7611e-01  0:00:04   38
   463  1.3201e-04  1.0724e-08  3.9899e-09  4.5579e-08  7.7830e-07 -1.3368e-01  2.0897e-02  3.7604e-01  0:00:03   37
   464  1.2497e-04  1.0076e-08  3.7791e-09  4.3005e-08  7.6132e-07 -1.3368e-01  2.0895e-02  3.7599e-01  0:00:03   36
   465  1.1849e-04  9.4361e-09  3.5280e-09  4.0577e-08  7.2715e-07 -1.3368e-01  2.0895e-02  3.7597e-01  0:00:09   35
   466  1.1248e-04  8.8309e-09  3.2709e-09  3.8263e-08  6.7595e-07 -1.3369e-01  2.0896e-02  3.7597e-01  0:00:07   34
   467  1.0689e-04  8.2926e-09  3.0539e-09  3.6146e-08  6.1762e-07 -1.3370e-01  2.0897e-02  3.7599e-01  0:00:05   33
   468  1.0189e-04  7.8212e-09  2.8716e-09  3.4429e-08  5.5933e-07 -1.3371e-01  2.0899e-02  3.7602e-01  0:00:04   32
   469  9.7108e-05  7.4062e-09  2.7301e-09  3.2911e-08  5.1316e-07 -1.3372e-01  2.0902e-02  3.7607e-01  0:00:03   31
   470  9.2780e-05  7.0255e-09  2.6184e-09  3.1503e-08  4.9978e-07 -1.3373e-01  2.0904e-02  3.7613e-01  0:00:03   30
   471  8.9045e-05  6.6650e-09  2.5254e-09  3.0024e-08  5.1007e-07 -1.3373e-01  2.0907e-02  3.7619e-01  0:00:08   29

  iter  continuity  x-velocity  y-velocity      energy         nut          mz          cx          cy     time/iter
   472  8.5231e-05  6.3228e-09  2.4373e-09  2.8506e-08  5.3014e-07 -1.3374e-01  2.0909e-02  3.7624e-01  0:00:06   28
   473  8.1386e-05  5.9731e-09  2.3369e-09  2.7026e-08  5.5408e-07 -1.3374e-01  2.0911e-02  3.7629e-01  0:00:05   27
   474  7.7500e-05  5.6442e-09  2.2285e-09  2.5541e-08  5.8014e-07 -1.3374e-01  2.0912e-02  3.7633e-01  0:00:04   26
   475  7.3587e-05  5.3459e-09  2.1097e-09  2.3997e-08  6.0174e-07 -1.3374e-01  2.0913e-02  3.7636e-01  0:00:03   25
   476  6.9720e-05  5.0885e-09  1.9727e-09  2.2388e-08  6.0936e-07 -1.3374e-01  2.0914e-02  3.7637e-01  0:00:07   24
   477  6.6168e-05  4.8245e-09  1.7907e-09  2.1102e-08  6.1184e-07 -1.3374e-01  2.0914e-02  3.7638e-01  0:00:05   23
   478  6.3095e-05  4.6056e-09  1.6399e-09  2.0271e-08  6.1195e-07 -1.3373e-01  2.0913e-02  3.7637e-01  0:00:04   22
   479  5.9737e-05  4.4295e-09  1.5292e-09  1.9481e-08  6.0440e-07 -1.3372e-01  2.0912e-02  3.7636e-01  0:00:03   21
   480  5.6944e-05  4.2413e-09  1.4472e-09  1.8676e-08  5.9663e-07 -1.3371e-01  2.0910e-02  3.7634e-01  0:00:02   20
   481  5.4578e-05  4.0546e-09  1.4050e-09  1.7802e-08  5.8913e-07 -1.3371e-01  2.0909e-02  3.7631e-01  0:00:02   19
   482  5.2519e-05  3.8751e-09  1.3735e-09  1.6703e-08  5.7610e-07 -1.3370e-01  2.0908e-02  3.7628e-01  0:00:05   18

  iter  continuity  x-velocity  y-velocity      energy         nut          mz          cx          cy     time/iter
   483  5.0723e-05  3.6703e-09  1.3262e-09  1.5760e-08  5.6404e-07 -1.3370e-01  2.0907e-02  3.7626e-01  0:00:04   17
   484  4.9028e-05  3.4987e-09  1.2949e-09  1.5019e-08  5.4844e-07 -1.3369e-01  2.0906e-02  3.7624e-01  0:00:03   16
   485  4.7246e-05  3.3479e-09  1.2532e-09  1.4400e-08  5.2924e-07 -1.3368e-01  2.0905e-02  3.7621e-01  0:00:02   15
   486  4.5413e-05  3.2208e-09  1.2001e-09  1.3822e-08  5.0800e-07 -1.3368e-01  2.0903e-02  3.7619e-01  0:00:02   14
   487  4.3573e-05  3.1162e-09  1.1402e-09  1.3243e-08  4.8494e-07 -1.3368e-01  2.0902e-02  3.7617e-01  0:00:01   13
   488  4.1780e-05  3.0243e-09  1.0787e-09  1.2683e-08  4.6145e-07 -1.3367e-01  2.0901e-02  3.7615e-01  0:00:03   12
   489  4.0042e-05  2.9372e-09  1.0180e-09  1.2158e-08  4.3872e-07 -1.3367e-01  2.0900e-02  3.7614e-01  0:00:02   11
   490  3.8473e-05  2.8490e-09  9.5489e-10  1.1641e-08  4.1663e-07 -1.3367e-01  2.0899e-02  3.7612e-01  0:00:02   10
   491  3.6936e-05  2.7568e-09  8.9171e-10  1.1150e-08  3.9513e-07 -1.3367e-01  2.0899e-02  3.7612e-01  0:00:01    9
   492  3.5430e-05  2.6585e-09  8.3035e-10  1.0631e-08  3.7376e-07 -1.3367e-01  2.0898e-02  3.7611e-01  0:00:01    8
   493  3.4019e-05  2.5572e-09  7.7333e-10  1.0147e-08  3.5158e-07 -1.3367e-01  2.0897e-02  3.7611e-01  0:00:01    7

  iter  continuity  x-velocity  y-velocity      energy         nut          mz          cx          cy     time/iter
   494  3.2667e-05  2.4521e-09  7.2386e-10  9.7647e-09  3.3173e-07 -1.3367e-01  2.0897e-02  3.7611e-01  0:00:00    6
   495  3.1165e-05  2.3621e-09  7.0080e-10  9.3629e-09  3.0961e-07 -1.3367e-01  2.0897e-02  3.7611e-01  0:00:01    5
   496  2.9861e-05  2.2619e-09  6.7536e-10  8.8866e-09  2.8241e-07 -1.3367e-01  2.0896e-02  3.7611e-01  0:00:01    4
   497  2.8769e-05  2.1445e-09  6.4153e-10  8.4150e-09  2.5450e-07 -1.3368e-01  2.0896e-02  3.7612e-01  0:00:00    3
   498  2.7638e-05  2.0345e-09  6.1891e-10  8.0856e-09  2.2622e-07 -1.3368e-01  2.0896e-02  3.7613e-01  0:00:00    2
   499  2.6234e-05  1.9401e-09  6.0874e-10  7.7604e-09  1.9343e-07 -1.3368e-01  2.0896e-02  3.7614e-01  0:00:00    1
   500  2.4956e-05  1.8558e-09  5.9204e-10  7.3460e-09  1.5912e-07 -1.3368e-01  2.0896e-02  3.7614e-01  0:00:00    0

  iter  continuity  x-velocity  y-velocity      energy         nut          mz          cx          cy     time/iter
   500  2.4956e-05  1.8558e-09  5.9204e-10  7.3460e-09  1.5912e-07 -1.3368e-01  2.0896e-02  3.7614e-01  0:00:04   50
   501  2.1625e-02  1.7658e-09  5.5767e-10  2.2709e-06  5.5290e-05 -1.3336e-01  2.0856e-02  3.7311e-01  0:00:03   49
   502  2.2575e-02  6.6876e-07  4.8513e-06  2.7558e-06  2.0813e-04 -1.3233e-01  2.0837e-02  3.6524e-01  0:00:03   48
   503  1.2767e-02  4.6456e-07  5.8120e-06  2.3352e-06  3.4782e-04 -1.3096e-01  2.0738e-02  3.5380e-01  0:00:02   47
   504  7.3992e-03  6.9830e-07  5.9129e-06  2.0309e-06  4.4913e-04 -1.2952e-01  2.0572e-02  3.4070e-01  0:00:02   46
   505  8.6192e-03  7.6120e-07  5.5700e-06  2.3630e-06  5.0283e-04 -1.2821e-01  2.0337e-02  3.2737e-01  0:00:01   45
   506  1.0929e-02  7.3417e-07  4.9011e-06  2.4874e-06  5.1152e-04 -1.2722e-01  2.0046e-02  3.1466e-01  0:00:01   44
   507  1.2418e-02  6.6802e-07  4.0357e-06  2.4315e-06  4.8192e-04 -1.2653e-01  1.9692e-02  3.0374e-01  0:00:01   43
   508  1.2100e-02  5.6250e-07  3.2706e-06  2.2365e-06  4.2579e-04 -1.2616e-01  1.9353e-02  2.9469e-01  0:00:09   42
   509  1.1216e-02  4.4471e-07  2.7032e-06  2.0687e-06  3.5657e-04 -1.2615e-01  1.9047e-02  2.8792e-01  0:00:07   41
   510  1.0167e-02  3.7148e-07  2.0948e-06  2.0187e-06  2.8217e-04 -1.2636e-01  1.8795e-02  2.8329e-01  0:00:05   40

  iter  continuity  x-velocity  y-velocity      energy         nut          mz          cx          cy     time/iter
   511  8.9720e-03  3.7578e-07  1.5217e-06  1.9718e-06  2.1702e-04 -1.2675e-01  1.8610e-02  2.8064e-01  0:00:04   39
   512  7.6904e-03  4.3139e-07  1.0558e-06  1.9088e-06  1.6505e-04 -1.2728e-01  1.8502e-02  2.7969e-01  0:00:03   38
   513  6.2962e-03  4.9275e-07  7.7121e-07  1.8182e-06  1.2648e-04 -1.2782e-01  1.8447e-02  2.8015e-01  0:00:03   37
   514  5.0593e-03  5.3540e-07  7.9052e-07  1.7215e-06  1.0121e-04 -1.2833e-01  1.8454e-02  2.8164e-01  0:00:02   36
   515  4.3058e-03  5.3057e-07  8.4671e-07  1.5946e-06  9.1465e-05 -1.2882e-01  1.8506e-02  2.8373e-01  0:00:09   35
   516  3.8076e-03  5.0020e-07  8.1236e-07  1.4175e-06  9.7267e-05 -1.2923e-01  1.8582e-02  2.8615e-01  0:00:07   34
   517  3.6455e-03  4.4466e-07  7.1473e-07  1.2142e-06  1.0260e-04 -1.2954e-01  1.8670e-02  2.8866e-01  0:00:05   33
   518  3.5411e-03  3.5546e-07  6.0455e-07  1.0147e-06  9.9096e-05 -1.2979e-01  1.8769e-02  2.9116e-01  0:00:04   32
   519  3.2712e-03  2.6695e-07  5.2454e-07  8.4231e-07  9.0293e-05 -1.2997e-01  1.8854e-02  2.9351e-01  0:00:03   31
   520  2.8735e-03  1.8719e-07  4.4094e-07  7.5462e-07  7.8998e-05 -1.3013e-01  1.8932e-02  2.9568e-01  0:00:02   30
   521  2.4434e-03  1.4415e-07  3.5450e-07  7.2052e-07  6.6600e-05 -1.3021e-01  1.9001e-02  2.9806e-01  0:00:08   29

  iter  continuity  x-velocity  y-velocity      energy         nut          mz          cx          cy     time/iter
   522  1.9835e-03  1.6255e-07  2.7235e-07  6.7551e-07  5.4752e-05 -1.3025e-01  1.9052e-02  2.9993e-01  0:00:06   28
   523  1.6560e-03  1.9799e-07  2.1107e-07  6.3179e-07  4.4490e-05 -1.3026e-01  1.9082e-02  3.0121e-01  0:00:05   27
   524  1.5061e-03  2.0077e-07  1.6042e-07  5.9172e-07  3.5762e-05 -1.3022e-01  1.9082e-02  3.0202e-01  0:00:04   26
   525  1.4306e-03  1.9914e-07  1.1917e-07  5.4526e-07  2.9550e-05 -1.3017e-01  1.9072e-02  3.0235e-01  0:00:03   25
   526  1.3240e-03  1.9028e-07  8.9348e-08  4.9450e-07  2.6091e-05 -1.3008e-01  1.9050e-02  3.0231e-01  0:00:07   24
   527  1.2391e-03  1.6566e-07  7.2468e-08  4.3425e-07  2.4690e-05 -1.3000e-01  1.9029e-02  3.0195e-01  0:00:05   23
   528  1.1206e-03  1.4037e-07  6.4839e-08  3.7644e-07  2.3995e-05 -1.2992e-01  1.9014e-02  3.0142e-01  0:00:04   22
   529  1.0052e-03  1.1928e-07  6.2625e-08  3.2611e-07  2.3404e-05 -1.2987e-01  1.9007e-02  3.0083e-01  0:00:03   21
   530  8.9630e-04  9.6690e-08  6.1295e-08  2.8220e-07  2.2505e-05 -1.2984e-01  1.9005e-02  3.0025e-01  0:00:02   20
   531  7.8748e-04  7.7134e-08  5.7213e-08  2.5315e-07  2.1149e-05 -1.2981e-01  1.9008e-02  2.9964e-01  0:00:02   19
   532  6.8599e-04  6.5645e-08  5.1861e-08  2.3099e-07  1.9468e-05 -1.2980e-01  1.9012e-02  2.9919e-01  0:00:05   18

  iter  continuity  x-velocity  y-velocity      energy         nut          mz          cx          cy     time/iter
   533  5.9307e-04  5.9159e-08  4.5935e-08  2.1269e-07  1.7499e-05 -1.2981e-01  1.9022e-02  2.9893e-01  0:00:04   17
   534  5.2635e-04  5.5471e-08  3.9997e-08  1.9543e-07  1.5357e-05 -1.2983e-01  1.9037e-02  2.9880e-01  0:00:03   16
   535  4.8360e-04  5.1523e-08  3.4634e-08  1.7864e-07  1.3090e-05 -1.2986e-01  1.9053e-02  2.9883e-01  0:00:02   15
   536  4.5325e-04  4.6650e-08  3.1306e-08  1.6342e-07  1.0848e-05 -1.2989e-01  1.9070e-02  2.9898e-01  0:00:02   14
   537  4.3262e-04  4.2173e-08  2.8423e-08  1.5125e-07  8.7515e-06 -1.2992e-01  1.9086e-02  2.9923e-01  0:00:01   13
   538  4.1176e-04  3.8516e-08  2.5850e-08  1.4147e-07  6.9839e-06 -1.2994e-01  1.9100e-02  2.9952e-01  0:00:03   12
   539  3.9071e-04  3.6210e-08  2.3314e-08  1.3444e-07  5.6123e-06 -1.2997e-01  1.9111e-02  2.9983e-01  0:00:02   11
   540  3.7090e-04  3.3783e-08  2.0853e-08  1.2820e-07  4.6110e-06 -1.2998e-01  1.9118e-02  3.0013e-01  0:00:02   10
   541  3.5072e-04  3.1661e-08  1.8403e-08  1.2180e-07  3.9948e-06 -1.2998e-01  1.9121e-02  3.0038e-01  0:00:01    9
   542  3.3025e-04  3.0292e-08  1.6154e-08  1.1634e-07  3.6524e-06 -1.2998e-01  1.9120e-02  3.0058e-01  0:00:01    8
   543  3.1077e-04  2.9316e-08  1.4343e-08  1.1098e-07  3.4258e-06 -1.2997e-01  1.9117e-02  3.0071e-01  0:00:01    7

  iter  continuity  x-velocity  y-velocity      energy         nut          mz          cx          cy     time/iter
   544  2.9400e-04  2.8114e-08  1.2841e-08  1.0531e-07  3.2739e-06 -1.2996e-01  1.9113e-02  3.0078e-01  0:00:00    6
   545  2.7648e-04  2.6653e-08  1.1569e-08  9.9567e-08  3.1602e-06 -1.2994e-01  1.9107e-02  3.0079e-01  0:00:01    5
   546  2.6074e-04  2.5167e-08  1.0407e-08  9.3934e-08  3.1350e-06 -1.2993e-01  1.9100e-02  3.0072e-01  0:00:01    4
   547  2.4580e-04  2.3646e-08  9.3993e-09  8.9063e-08  3.3140e-06 -1.2991e-01  1.9092e-02  3.0061e-01  0:00:00    3
   548  2.3307e-04  2.2107e-08  8.7152e-09  8.4580e-08  3.7226e-06 -1.2990e-01  1.9085e-02  3.0046e-01  0:00:00    2
   549  2.2348e-04  2.0423e-08  8.2787e-09  7.9762e-08  4.0486e-06 -1.2988e-01  1.9079e-02  3.0030e-01  0:00:00    1
   550  2.1467e-04  1.8815e-08  7.9221e-09  7.5091e-08  4.2257e-06 -1.2988e-01  1.9075e-02  3.0013e-01  0:00:00    0

  iter  continuity  x-velocity  y-velocity      energy         nut          mz          cx          cy     time/iter
   550  2.1467e-04  1.8815e-08  7.9221e-09  7.5091e-08  4.2257e-06 -1.2988e-01  1.9075e-02  3.0013e-01  0:00:04   50
   551  2.0551e-04  1.7265e-08  7.5719e-09  7.0782e-08  4.2986e-06 -1.2987e-01  1.9072e-02  2.9998e-01  0:00:03   49
   552  1.9538e-04  1.5735e-08  7.1662e-09  6.6446e-08  4.2828e-06 -1.2988e-01  1.9071e-02  2.9985e-01  0:00:12   48
   553  1.8501e-04  1.4475e-08  6.7213e-09  6.2419e-08  4.1976e-06 -1.2988e-01  1.9072e-02  2.9975e-01  0:00:10   47
   554  1.7416e-04  1.3603e-08  6.2050e-09  5.8353e-08  4.0552e-06 -1.2990e-01  1.9075e-02  2.9970e-01  0:00:07   46
   555  1.6297e-04  1.2773e-08  5.6295e-09  5.4548e-08  3.8614e-06 -1.2991e-01  1.9079e-02  2.9970e-01  0:00:06   45
   556  1.5264e-04  1.1998e-08  5.0291e-09  5.1288e-08  3.6180e-06 -1.2993e-01  1.9085e-02  2.9974e-01  0:00:05   44
   557  1.4346e-04  1.1309e-08  4.5039e-09  4.8894e-08  3.3439e-06 -1.2996e-01  1.9091e-02  2.9982e-01  0:00:04   43
   558  1.3523e-04  1.0717e-08  4.1145e-09  4.7198e-08  3.0419e-06 -1.2997e-01  1.9097e-02  2.9992e-01  0:00:03   42
   559  1.2782e-04  1.0265e-08  3.8795e-09  4.5813e-08  2.7332e-06 -1.2999e-01  1.9103e-02  3.0005e-01  0:00:10   41
   560  1.2077e-04  9.8533e-09  3.7638e-09  4.4382e-08  2.4350e-06 -1.3000e-01  1.9109e-02  3.0018e-01  0:00:08   40

  iter  continuity  x-velocity  y-velocity      energy         nut          mz          cx          cy     time/iter
   561  1.1424e-04  9.4268e-09  3.7128e-09  4.2980e-08  2.1568e-06 -1.3002e-01  1.9113e-02  3.0031e-01  0:00:06   39
   562  1.0890e-04  9.0353e-09  3.7040e-09  4.1133e-08  1.9020e-06 -1.3002e-01  1.9117e-02  3.0042e-01  0:00:05   38
   563  1.0407e-04  8.5937e-09  3.6401e-09  3.8977e-08  1.6804e-06 -1.3002e-01  1.9119e-02  3.0052e-01  0:00:04   37
   564  9.9426e-05  8.1429e-09  3.5192e-09  3.6636e-08  1.4937e-06 -1.3002e-01  1.9121e-02  3.0060e-01  0:00:03   36
   565  9.4814e-05  7.6872e-09  3.3291e-09  3.4407e-08  1.3421e-06 -1.3002e-01  1.9121e-02  3.0065e-01  0:00:09   35
   566  9.0223e-05  7.2692e-09  3.0798e-09  3.2448e-08  1.2192e-06 -1.3001e-01  1.9121e-02  3.0067e-01  0:00:07   34
   567  8.5703e-05  6.9134e-09  2.7962e-09  3.0688e-08  1.1228e-06 -1.3000e-01  1.9120e-02  3.0067e-01  0:00:06   33
   568  8.1158e-05  6.5775e-09  2.5015e-09  2.8970e-08  1.0443e-06 -1.2999e-01  1.9119e-02  3.0066e-01  0:00:04   32
   569  7.7288e-05  6.2883e-09  2.2833e-09  2.7509e-08  9.9805e-07 -1.2998e-01  1.9117e-02  3.0062e-01  0:00:03   31
   570  7.4048e-05  6.0093e-09  2.1220e-09  2.6305e-08  9.6493e-07 -1.2997e-01  1.9116e-02  3.0058e-01  0:00:03   30
   571  7.1308e-05  5.7384e-09  2.0183e-09  2.5169e-08  9.3491e-07 -1.2996e-01  1.9114e-02  3.0053e-01  0:00:02   29

  iter  continuity  x-velocity  y-velocity      energy         nut          mz          cx          cy     time/iter
   572  6.8712e-05  5.4712e-09  1.9435e-09  2.4070e-08  9.0476e-07 -1.2996e-01  1.9113e-02  3.0048e-01  0:00:07   28
   573  6.6060e-05  5.1934e-09  1.9229e-09  2.2952e-08  8.7269e-07 -1.2995e-01  1.9112e-02  3.0043e-01  0:00:06   27
   574  6.3202e-05  4.9110e-09  1.8937e-09  2.1797e-08  8.4031e-07 -1.2995e-01  1.9112e-02  3.0039e-01  0:00:04   26
   575  6.0270e-05  4.6348e-09  1.8541e-09  2.0279e-08  7.9928e-07 -1.2995e-01  1.9111e-02  3.0036e-01  0:00:03   25
   576  5.7549e-05  4.3685e-09  1.7492e-09  1.9105e-08  7.6417e-07 -1.2995e-01  1.9111e-02  3.0034e-01  0:00:07   24
   577  5.4827e-05  4.2073e-09  1.6449e-09  1.8110e-08  7.3027e-07 -1.2995e-01  1.9111e-02  3.0033e-01  0:00:06   23
   578  5.2258e-05  4.0579e-09  1.5340e-09  1.7239e-08  6.9455e-07 -1.2996e-01  1.9112e-02  3.0032e-01  0:00:04   22
   579  4.9832e-05  3.9072e-09  1.4146e-09  1.6444e-08  6.5971e-07 -1.2996e-01  1.9112e-02  3.0032e-01  0:00:03   21
   580  4.7403e-05  3.7514e-09  1.3075e-09  1.5688e-08  6.2860e-07 -1.2996e-01  1.9112e-02  3.0032e-01  0:00:02   20
   581  4.5130e-05  3.5889e-09  1.2173e-09  1.4965e-08  6.0197e-07 -1.2997e-01  1.9112e-02  3.0032e-01  0:00:02   19
   582  4.3217e-05  3.4162e-09  1.1587e-09  1.4534e-08  5.9515e-07 -1.2998e-01  1.9113e-02  3.0034e-01  0:00:05   18

  iter  continuity  x-velocity  y-velocity      energy         nut          mz          cx          cy     time/iter
   583  4.1268e-05  3.2580e-09  1.1508e-09  1.3992e-08  6.0106e-07 -1.2998e-01  1.9113e-02  3.0036e-01  0:00:04   17
   584  3.9527e-05  3.0730e-09  1.1509e-09  1.3369e-08  6.2430e-07 -1.2999e-01  1.9113e-02  3.0039e-01  0:00:03   16
   585  3.7897e-05  2.8890e-09  1.1588e-09  1.2510e-08  6.4666e-07 -1.2999e-01  1.9114e-02  3.0040e-01  0:00:02   15
   586  3.6334e-05  2.6936e-09  1.1221e-09  1.1790e-08  6.7031e-07 -1.2999e-01  1.9114e-02  3.0042e-01  0:00:02   14
   587  3.4854e-05  2.5324e-09  1.0907e-09  1.1224e-08  6.8802e-07 -1.3000e-01  1.9114e-02  3.0044e-01  0:00:01   13
   588  3.3332e-05  2.3984e-09  1.0550e-09  1.0943e-08  7.0597e-07 -1.3000e-01  1.9114e-02  3.0045e-01  0:00:01   12
   589  3.1677e-05  2.3036e-09  1.0374e-09  1.0521e-08  7.1838e-07 -1.3000e-01  1.9114e-02  3.0047e-01  0:00:03   11
   590  3.0205e-05  2.2126e-09  1.0020e-09  1.0030e-08  7.2645e-07 -1.3000e-01  1.9113e-02  3.0048e-01  0:00:02   10
   591  2.8871e-05  2.1273e-09  9.4850e-10  9.5292e-09  7.3044e-07 -1.3000e-01  1.9113e-02  3.0048e-01  0:00:01    9
   592  2.7604e-05  2.0424e-09  8.8161e-10  9.0772e-09  7.2668e-07 -1.3000e-01  1.9113e-02  3.0048e-01  0:00:01    8
   593  2.6370e-05  1.9535e-09  8.1177e-10  8.6647e-09  7.1434e-07 -1.3000e-01  1.9113e-02  3.0048e-01  0:00:01    7

  iter  continuity  x-velocity  y-velocity      energy         nut          mz          cx          cy     time/iter
   594  2.5193e-05  1.8629e-09  7.5254e-10  8.2854e-09  6.9222e-07 -1.3000e-01  1.9113e-02  3.0047e-01  0:00:01    6
   595  2.4096e-05  1.7747e-09  7.0615e-10  7.9203e-09  6.5973e-07 -1.3000e-01  1.9113e-02  3.0047e-01  0:00:01    5
   596  2.3118e-05  1.6872e-09  6.5885e-10  7.4655e-09  6.1545e-07 -1.3000e-01  1.9113e-02  3.0046e-01  0:00:01    4
   597  2.2236e-05  1.5902e-09  6.0574e-10  7.0571e-09  5.6362e-07 -1.3000e-01  1.9113e-02  3.0045e-01  0:00:01    3
   598  2.1397e-05  1.5022e-09  5.7060e-10  6.8088e-09  5.0753e-07 -1.3000e-01  1.9113e-02  3.0045e-01  0:00:00    2
   599  2.0391e-05  1.4272e-09  5.4590e-10  6.5557e-09  4.4872e-07 -1.3000e-01  1.9113e-02  3.0045e-01  0:00:00    1
   600  1.9424e-05  1.3582e-09  5.1592e-10  6.2742e-09  3.9261e-07 -1.3000e-01  1.9114e-02  3.0045e-01  0:00:00    0

Writing Settings file "C:\Users\vova1\AppData\Local\Temp\6"...
	writing rp variables ... Done.
	writing domain variables ... Done.
	writing solid (type fluid) (mixture) ... Done.
	writing inlet (type pressure-far-field) (mixture) ... Done.
	writing int_solid (type interior) (mixture) ... Done.
	writing wall (type wall) (mixture) ... Done.
	writing outlet (type pressure-outlet) (mixture) ... Done.
	writing zones map name-id ... Done.
Multicore SMT processors detected. Processor affinity set!
Reading "e:\tsagi_dipl\Diploma_bac\optimisation_working_folder\geom.msh"...
Buffering for file scan...


       Clearing partially read grid.
   71320 nodes.
   70807 quadrilateral cells, zone  7.
  141101 2D interior faces, zone  8.
     261 2D wall faces, zone  9.
     451 2D velocity-inlet faces, zone 10.
     314 2D pressure-outlet faces, zone 11.

Building...
     mesh
	auto partitioning mesh by Metis (fast),
	distributing mesh
		parts..........,
		faces..........,
		nodes..........,
		cells..........,
        bandwidth reduction using Reverse Cuthill-McKee: 5341/98 = 54.5
     materials,
     interface,
     domains,
     zones,
	outlet
	inlet
	wall
	int_solid
	solid
     parallel,
Done.
 Setting zone id of solid to 7.
 Setting zone id of int_solid to 8.
 Setting zone id of wall to 9.
 Setting zone id of inlet to 10.
 Setting zone id of outlet to 11.
Done.

Setting solid (mixture) ... Done.
Setting inlet (mixture) (zone type changed to pressure-far-field) ... Done.
Setting int_solid (mixture) ... Done.
Setting wall (mixture) ... Done.
Setting outlet (mixture) ... Done.



Following contexts active in the case file have been de-activated because of their current context control conditions:
"coupled-pseudo-transient"

Initialize using the hybrid initialization method.

Checking case topology... 
-This case combines farfield, inlets and outlets 
-Pressure information is available at the boundaries

	iter		scalar-0		scalar-1

        Stabilizing ads-0 to enhance linear solver robustness.
        Stabilizing ads-1 to enhance linear solver robustness.
	1		1.000000e+00	1.000000e+00
	2		6.339564e-08	1.714043e-16
        Stabilizing ads-1 to enhance linear solver robustness.
	3		6.802492e-08	1.742983e-16
	4		4.853510e-08	9.794747e-17
	5		4.076062e-08	1.911110e-16
        Stabilizing ads-1 to enhance linear solver robustness.
	6		3.535291e-08	1.514504e-16
	7		3.079340e-08	9.724508e-17
	8		2.734816e-08	1.403016e-16
	9		2.484743e-08	1.462534e-16
	10		2.303106e-08	1.682874e-16

Hybrid initialization is done.

  iter  continuity  x-velocity  y-velocity      energy         nut          mz          cx          cy     time/iter
     1  1.0000e+00  2.5922e-04  2.5219e-04  2.7668e-04  2.5393e-03  2.6197e-01  4.5137e-01 -5.6161e-01  0:01:39   99
     2  6.9403e-01  2.0308e-04  2.0134e-04  2.3891e-04  1.4543e-03  4.1193e-01  1.8994e-01 -1.1073e+00  0:01:58   98
     3  4.6074e-01  1.6549e-04  1.4186e-04  2.4348e-04  1.1256e-03  3.5420e-01  7.0377e-02 -1.0061e+00  0:01:53   97
     4  3.1017e-01  1.5560e-04  1.2923e-04  2.2004e-04  9.3582e-04  3.3008e-01  5.3969e-03 -9.4412e-01  0:01:29   96
     5  2.4180e-01  1.4120e-04  1.1363e-04  1.5736e-04  2.0201e-04  3.1012e-01 -2.8405e-02 -8.8580e-01  0:01:11   95
     6  2.1218e-01  1.1431e-04  7.8704e-05  1.0181e-04  8.8414e-05  2.9158e-01 -4.1766e-02 -8.3655e-01  0:00:56   94
     7  2.0665e-01  8.5283e-05  4.5226e-05  6.8230e-05  7.3666e-05  2.7436e-01 -4.4203e-02 -7.9443e-01  0:00:44   93
     8  2.1091e-01  6.1158e-05  2.4687e-05  4.6718e-05  6.5109e-05  2.5618e-01 -3.9952e-02 -7.5953e-01  0:00:35   92
     9  2.1131e-01  4.2050e-05  1.2741e-05  3.3063e-05  5.1127e-05  2.3478e-01 -3.1352e-02 -7.3347e-01  0:00:46   91
    10  1.9895e-01  2.8260e-05  7.0318e-06  2.3882e-05  3.8602e-05  2.1183e-01 -2.4006e-02 -7.1368e-01  0:00:36   90
    11  1.9066e-01  1.8993e-05  4.9831e-06  1.7951e-05  3.0181e-05  1.8238e-01 -1.8359e-02 -6.7688e-01  0:00:29   89

  iter  continuity  x-velocity  y-velocity      energy         nut          mz          cx          cy     time/iter
    12  1.7559e-01  1.2895e-05  4.1800e-06  1.4189e-05  2.4541e-05  1.4270e-01 -1.5745e-02 -6.0678e-01  0:00:23   88
    13  1.5743e-01  8.8481e-06  3.8862e-06  1.2006e-05  2.1321e-05  9.7343e-02 -1.4135e-02 -5.1150e-01  0:00:18   87
    14  1.3798e-01  7.0453e-06  3.6903e-06  1.0663e-05  1.9619e-05  5.6928e-02 -1.2407e-02 -4.1672e-01  0:00:14   86
    15  1.1746e-01  6.0536e-06  3.5079e-06  9.7932e-06  1.8727e-05  2.7840e-02 -9.5816e-03 -3.3722e-01  0:00:28   85
    16  1.0481e-01  5.4299e-06  3.3133e-06  9.2090e-06  1.8651e-05  7.1629e-03 -6.4693e-03 -2.7832e-01  0:00:22   84
    17  1.0099e-01  4.9887e-06  3.1540e-06  8.7178e-06  1.9439e-05 -1.1478e-02 -3.1791e-03 -2.1978e-01  0:00:18   83
    18  9.5432e-02  4.6507e-06  2.9959e-06  8.3910e-06  2.1061e-05 -2.8927e-02  1.3302e-04 -1.6114e-01  0:00:14   82
    19  9.1435e-02  4.4050e-06  2.8412e-06  8.1099e-06  2.3015e-05 -4.4510e-02  3.1074e-03 -1.0669e-01  0:00:11   81
    20  8.4937e-02  4.2628e-06  2.6618e-06  7.7492e-06  2.4944e-05 -5.7735e-02  5.8873e-03 -6.2791e-02  0:00:09   80
    21  7.8798e-02  4.1523e-06  2.5058e-06  7.3002e-06  2.7756e-05 -7.0108e-02  8.2826e-03 -1.8462e-02  0:00:07   79
    22  7.5381e-02  4.0731e-06  2.2947e-06  6.8491e-06  2.9396e-05 -8.0591e-02  1.0166e-02  2.5427e-02  0:00:21   78

  iter  continuity  x-velocity  y-velocity      energy         nut          mz          cx          cy     time/iter
    23  7.2102e-02  3.8729e-06  2.0471e-06  6.4916e-06  2.9223e-05 -8.9277e-02  1.1103e-02  8.4453e-02  0:00:17   77
    24  6.8729e-02  3.6338e-06  1.7963e-06  6.1190e-06  2.7739e-05 -9.1812e-02  1.1486e-02  1.3635e-01  0:00:13   76
    25  6.6032e-02  3.3242e-06  1.5720e-06  5.7533e-06  2.5585e-05 -9.4183e-02  1.1908e-02  1.8399e-01  0:00:10   75
    26  6.2731e-02  3.0789e-06  1.3770e-06  5.5176e-06  2.3803e-05 -1.0095e-01  1.2658e-02  2.4403e-01  0:00:23   74
    27  5.9076e-02  2.8740e-06  1.2215e-06  5.3359e-06  2.2430e-05 -1.0928e-01  1.3544e-02  3.0868e-01  0:00:18   73
    28  5.5655e-02  2.6678e-06  1.1106e-06  5.1315e-06  2.1364e-05 -1.1625e-01  1.4390e-02  3.6522e-01  0:00:14   72
    29  5.1952e-02  2.4782e-06  1.0506e-06  4.9513e-06  2.0576e-05 -1.2129e-01  1.5124e-02  4.0987e-01  0:00:11   71
    30  4.7861e-02  2.2957e-06  1.0142e-06  4.8596e-06  1.9862e-05 -1.2507e-01  1.5791e-02  4.4488e-01  0:00:09   70
    31  4.3814e-02  2.1411e-06  1.0012e-06  4.8516e-06  1.9494e-05 -1.2827e-01  1.6451e-02  4.7247e-01  0:00:21   69
    32  4.0430e-02  2.0183e-06  9.9703e-07  4.8095e-06  1.9110e-05 -1.3115e-01  1.7144e-02  4.9416e-01  0:00:16   68
    33  3.7650e-02  1.8922e-06  9.9688e-07  4.7157e-06  1.9140e-05 -1.3365e-01  1.7829e-02  5.1086e-01  0:00:13   67

  iter  continuity  x-velocity  y-velocity      energy         nut          mz          cx          cy     time/iter
    34  3.5031e-02  1.7871e-06  9.9019e-07  4.5626e-06  1.9313e-05 -1.3584e-01  1.8486e-02  5.2354e-01  0:00:10   66
    35  3.2637e-02  1.6884e-06  9.7841e-07  4.3765e-06  1.9251e-05 -1.3770e-01  1.9082e-02  5.3297e-01  0:00:08   65
    36  3.0471e-02  1.6076e-06  9.6395e-07  4.1839e-06  1.9506e-05 -1.3922e-01  1.9597e-02  5.3967e-01  0:00:19   64
    37  2.8405e-02  1.5477e-06  9.4288e-07  3.9809e-06  1.9537e-05 -1.4041e-01  2.0019e-02  5.4404e-01  0:00:15   63
    38  2.6488e-02  1.4968e-06  9.1871e-07  3.7900e-06  1.9426e-05 -1.4116e-01  2.0312e-02  5.4622e-01  0:00:12   62
    39  2.4599e-02  1.4652e-06  8.9273e-07  3.6112e-06  1.8595e-05 -1.4160e-01  2.0510e-02  5.4671e-01  0:00:09   61
    40  2.2784e-02  1.4503e-06  8.6946e-07  3.4580e-06  1.7493e-05 -1.4181e-01  2.0638e-02  5.4611e-01  0:00:07   60
    41  2.1109e-02  1.4449e-06  8.4604e-07  3.3269e-06  1.6155e-05 -1.4186e-01  2.0716e-02  5.4481e-01  0:00:18   59
    42  1.9507e-02  1.4360e-06  8.2091e-07  3.2068e-06  1.4327e-05 -1.4184e-01  2.0760e-02  5.4332e-01  0:00:14   58
    43  1.8070e-02  1.4239e-06  7.9436e-07  3.0901e-06  1.2606e-05 -1.4183e-01  2.0799e-02  5.4194e-01  0:00:11   57
    44  1.6849e-02  1.4045e-06  7.6475e-07  2.9763e-06  1.1009e-05 -1.4185e-01  2.0836e-02  5.4080e-01  0:00:09   56

  iter  continuity  x-velocity  y-velocity      energy         nut          mz          cx          cy     time/iter
    45  1.5735e-02  1.3787e-06  7.3907e-07  2.8612e-06  9.2916e-06 -1.4190e-01  2.0873e-02  5.3998e-01  0:00:07   55
    46  1.4712e-02  1.3449e-06  7.1029e-07  2.7439e-06  7.8594e-06 -1.4199e-01  2.0915e-02  5.3951e-01  0:00:05   54
    47  1.3773e-02  1.3019e-06  6.8330e-07  2.6281e-06  6.6299e-06 -1.4212e-01  2.0964e-02  5.3938e-01  0:00:15   53
    48  1.2954e-02  1.2585e-06  6.5815e-07  2.5135e-06  5.5833e-06 -1.4227e-01  2.1022e-02  5.3949e-01  0:00:12   52
    49  1.2248e-02  1.2178e-06  6.3295e-07  2.3958e-06  4.7120e-06 -1.4245e-01  2.1090e-02  5.3973e-01  0:00:09   51
    50  1.1638e-02  1.1769e-06  6.0701e-07  2.2793e-06  4.0486e-06 -1.4265e-01  2.1167e-02  5.4015e-01  0:00:07   50
    51  1.1039e-02  1.1314e-06  5.8107e-07  2.1669e-06  3.5576e-06 -1.4288e-01  2.1253e-02  5.4075e-01  0:00:06   49
    52  1.0391e-02  1.0844e-06  5.5618e-07  2.0594e-06  3.1042e-06 -1.4312e-01  2.1348e-02  5.4146e-01  0:00:14   48
    53  9.7713e-03  1.0414e-06  5.3177e-07  1.9599e-06  2.7224e-06 -1.4339e-01  2.1451e-02  5.4221e-01  0:00:11   47
    54  9.2258e-03  9.9951e-07  5.0787e-07  1.8661e-06  2.3676e-06 -1.4367e-01  2.1558e-02  5.4300e-01  0:00:09   46
    55  8.7499e-03  9.5936e-07  4.8574e-07  1.7813e-06  2.0530e-06 -1.4395e-01  2.1669e-02  5.4381e-01  0:00:07   45

  iter  continuity  x-velocity  y-velocity      energy         nut          mz          cx          cy     time/iter
    56  8.2789e-03  9.1760e-07  4.6334e-07  1.7025e-06  1.8135e-06 -1.4424e-01  2.1781e-02  5.4457e-01  0:00:14   44
    57  7.8641e-03  8.7862e-07  4.4363e-07  1.6328e-06  1.6661e-06 -1.4453e-01  2.1894e-02  5.4527e-01  0:00:11   43
    58  7.4184e-03  8.4457e-07  4.2572e-07  1.5668e-06  1.5289e-06 -1.4478e-01  2.2003e-02  5.4583e-01  0:00:09   42
    59  7.0590e-03  8.1076e-07  4.0498e-07  1.5069e-06  1.4031e-06 -1.4506e-01  2.2114e-02  5.4641e-01  0:00:07   41
    60  6.7116e-03  7.8074e-07  3.8604e-07  1.4526e-06  1.2518e-06 -1.4531e-01  2.2219e-02  5.4685e-01  0:00:05   40
    61  6.4298e-03  7.5087e-07  3.6501e-07  1.4022e-06  1.1304e-06 -1.4558e-01  2.2323e-02  5.4733e-01  0:00:04   39
    62  6.1316e-03  7.2066e-07  3.4781e-07  1.3502e-06  1.0085e-06 -1.4581e-01  2.2419e-02  5.4767e-01  0:00:11   38
    63  5.8838e-03  6.8974e-07  3.3126e-07  1.2993e-06  9.1031e-07 -1.4603e-01  2.2513e-02  5.4794e-01  0:00:08   37
    64  5.6476e-03  6.6070e-07  3.1444e-07  1.2503e-06  8.4571e-07 -1.4624e-01  2.2604e-02  5.4816e-01  0:00:07   36
    65  5.4163e-03  6.3125e-07  2.9918e-07  1.2024e-06  8.0704e-07 -1.4644e-01  2.2689e-02  5.4834e-01  0:00:05   35
    66  5.1897e-03  6.0227e-07  2.8400e-07  1.1564e-06  7.8371e-07 -1.4664e-01  2.2770e-02  5.4845e-01  0:00:04   34

  iter  continuity  x-velocity  y-velocity      energy         nut          mz          cx          cy     time/iter
    67  4.9727e-03  5.7283e-07  2.7006e-07  1.1110e-06  7.8412e-07 -1.4682e-01  2.2848e-02  5.4855e-01  0:00:10   33
    68  4.7722e-03  5.4432e-07  2.5637e-07  1.0659e-06  7.9686e-07 -1.4700e-01  2.2925e-02  5.4862e-01  0:00:07   32
    69  4.5816e-03  5.1686e-07  2.4363e-07  1.0217e-06  8.2268e-07 -1.4718e-01  2.2998e-02  5.4874e-01  0:00:06   31
    70  4.3965e-03  4.9003e-07  2.3093e-07  9.7872e-07  8.5811e-07 -1.4735e-01  2.3067e-02  5.4883e-01  0:00:04   30
    71  4.2103e-03  4.6394e-07  2.1932e-07  9.3575e-07  8.9777e-07 -1.4749e-01  2.3131e-02  5.4886e-01  0:00:03   29
    72  4.0339e-03  4.3803e-07  2.0860e-07  8.9423e-07  9.3003e-07 -1.4763e-01  2.3191e-02  5.4887e-01  0:00:03   28
    73  3.8624e-03  4.1379e-07  1.9815e-07  8.5307e-07  9.5772e-07 -1.4776e-01  2.3248e-02  5.4887e-01  0:00:07   27
    74  3.6987e-03  3.9098e-07  1.8725e-07  8.1264e-07  9.6616e-07 -1.4787e-01  2.3301e-02  5.4885e-01  0:00:06   26
    75  3.5353e-03  3.6878e-07  1.7716e-07  7.7369e-07  9.6573e-07 -1.4798e-01  2.3349e-02  5.4882e-01  0:00:04   25
    76  3.3744e-03  3.4770e-07  1.6782e-07  7.3531e-07  9.6839e-07 -1.4808e-01  2.3395e-02  5.4879e-01  0:00:03   24
    77  3.2161e-03  3.2752e-07  1.5914e-07  6.9830e-07  9.7854e-07 -1.4817e-01  2.3439e-02  5.4875e-01  0:00:03   23

  iter  continuity  x-velocity  y-velocity      energy         nut          mz          cx          cy     time/iter
    78  3.0625e-03  3.0841e-07  1.5098e-07  6.6300e-07  9.8845e-07 -1.4827e-01  2.3482e-02  5.4873e-01  0:00:02   22
    79  2.9187e-03  2.9042e-07  1.4314e-07  6.2911e-07  9.8995e-07 -1.4836e-01  2.3523e-02  5.4871e-01  0:00:06   21
    80  2.7797e-03  2.7313e-07  1.3578e-07  5.9676e-07  9.9118e-07 -1.4845e-01  2.3563e-02  5.4870e-01  0:00:04   20
    81  2.6428e-03  2.5670e-07  1.2895e-07  5.6536e-07  9.8760e-07 -1.4853e-01  2.3600e-02  5.4868e-01  0:00:03   19
    82  2.5046e-03  2.4109e-07  1.2260e-07  5.3567e-07  9.8436e-07 -1.4862e-01  2.3637e-02  5.4868e-01  0:00:03   18
    83  2.3752e-03  2.2652e-07  1.1660e-07  5.0665e-07  9.7848e-07 -1.4869e-01  2.3669e-02  5.4866e-01  0:00:02   17
    84  2.2641e-03  2.1268e-07  1.1047e-07  4.7929e-07  9.7167e-07 -1.4875e-01  2.3701e-02  5.4863e-01  0:00:05   16
    85  2.1573e-03  1.9953e-07  1.0406e-07  4.5347e-07  9.6297e-07 -1.4882e-01  2.3730e-02  5.4859e-01  0:00:03   15
    86  2.0478e-03  1.8709e-07  9.7629e-08  4.2851e-07  9.5080e-07 -1.4887e-01  2.3757e-02  5.4855e-01  0:00:03   14
    87  1.9425e-03  1.7550e-07  9.1430e-08  4.0489e-07  9.4041e-07 -1.4893e-01  2.3782e-02  5.4850e-01  0:00:02   13
    88  1.8383e-03  1.6470e-07  8.6181e-08  3.8204e-07  9.3090e-07 -1.4898e-01  2.3805e-02  5.4845e-01  0:00:04   12

  iter  continuity  x-velocity  y-velocity      energy         nut          mz          cx          cy     time/iter
    89  1.7387e-03  1.5452e-07  8.1002e-08  3.6059e-07  9.1249e-07 -1.4902e-01  2.3827e-02  5.4839e-01  0:00:03   11
    90  1.6476e-03  1.4503e-07  7.6494e-08  3.3987e-07  8.9584e-07 -1.4906e-01  2.3846e-02  5.4833e-01  0:00:02   10
    91  1.5548e-03  1.3600e-07  7.1874e-08  3.2040e-07  8.6985e-07 -1.4909e-01  2.3864e-02  5.4827e-01  0:00:01    9
    92  1.4737e-03  1.2760e-07  6.7587e-08  3.0180e-07  8.4377e-07 -1.4913e-01  2.3880e-02  5.4821e-01  0:00:01    8
    93  1.3979e-03  1.1983e-07  6.3900e-08  2.8408e-07  8.1526e-07 -1.4916e-01  2.3895e-02  5.4814e-01  0:00:01    7
    94  1.3237e-03  1.1244e-07  6.0124e-08  2.6742e-07  7.9048e-07 -1.4918e-01  2.3909e-02  5.4807e-01  0:00:02    6
    95  1.2566e-03  1.0554e-07  5.6726e-08  2.5163e-07  7.7215e-07 -1.4920e-01  2.3921e-02  5.4800e-01  0:00:01    5
    96  1.1888e-03  9.9218e-08  5.3737e-08  2.3678e-07  7.5477e-07 -1.4922e-01  2.3931e-02  5.4793e-01  0:00:01    4
    97  1.1263e-03  9.3117e-08  5.0682e-08  2.2296e-07  7.3814e-07 -1.4924e-01  2.3941e-02  5.4786e-01  0:00:00    3
    98  1.0651e-03  8.7602e-08  4.7994e-08  2.0987e-07  7.2004e-07 -1.4925e-01  2.3950e-02  5.4779e-01  0:00:00    2
    99  1.0069e-03  8.2501e-08  4.5204e-08  1.9776e-07  7.0551e-07 -1.4927e-01  2.3959e-02  5.4773e-01  0:00:00    1

  iter  continuity  x-velocity  y-velocity      energy         nut          mz          cx          cy     time/iter
   100  9.5263e-04  7.7801e-08  4.2614e-08  1.8641e-07  6.9388e-07 -1.4929e-01  2.3967e-02  5.4768e-01  0:00:00    0

  iter  continuity  x-velocity  y-velocity      energy         nut          mz          cx          cy     time/iter
   100  9.5263e-04  7.7801e-08  4.2614e-08  1.8641e-07  6.9388e-07 -1.4929e-01  2.3967e-02  5.4768e-01  0:00:27  100
   101  9.0057e-04  7.3399e-08  4.0373e-08  1.7575e-07  6.7297e-07 -1.4930e-01  2.3975e-02  5.4763e-01  0:00:22   99
   102  8.5175e-04  6.9292e-08  3.8120e-08  1.6591e-07  6.4709e-07 -1.4932e-01  2.3982e-02  5.4759e-01  0:00:37   98
   103  8.0571e-04  6.5492e-08  3.6171e-08  1.5642e-07  6.2191e-07 -1.4933e-01  2.3989e-02  5.4755e-01  0:00:29   97
   104  7.6341e-04  6.2103e-08  3.4188e-08  1.4777e-07  5.9599e-07 -1.4934e-01  2.3995e-02  5.4752e-01  0:00:23   96
   105  7.2358e-04  5.8811e-08  3.2399e-08  1.3978e-07  5.6575e-07 -1.4935e-01  2.4001e-02  5.4749e-01  0:00:18   95
   106  6.8412e-04  5.5896e-08  3.1127e-08  1.3228e-07  5.3757e-07 -1.4936e-01  2.4006e-02  5.4746e-01  0:00:14   94
   107  6.4803e-04  5.3166e-08  2.9742e-08  1.2531e-07  5.1165e-07 -1.4937e-01  2.4011e-02  5.4743e-01  0:00:11   93
   108  6.1435e-04  5.0467e-08  2.8358e-08  1.1874e-07  4.8993e-07 -1.4938e-01  2.4016e-02  5.4741e-01  0:00:27   92
   109  5.8029e-04  4.7973e-08  2.6953e-08  1.1223e-07  4.7269e-07 -1.4939e-01  2.4020e-02  5.4739e-01  0:00:22   91
   110  5.4998e-04  4.5554e-08  2.5526e-08  1.0619e-07  4.5948e-07 -1.4940e-01  2.4025e-02  5.4737e-01  0:00:17   90

  iter  continuity  x-velocity  y-velocity      energy         nut          mz          cx          cy     time/iter
   111  5.2102e-04  4.3245e-08  2.4208e-08  1.0058e-07  4.4654e-07 -1.4941e-01  2.4029e-02  5.4736e-01  0:00:14   89
   112  4.9222e-04  4.1040e-08  2.2960e-08  9.5151e-08  4.3181e-07 -1.4941e-01  2.4033e-02  5.4735e-01  0:00:28   88
   113  4.6653e-04  3.8904e-08  2.1607e-08  9.0103e-08  4.1603e-07 -1.4942e-01  2.4037e-02  5.4735e-01  0:00:22   87
   114  4.4203e-04  3.6973e-08  2.0380e-08  8.5483e-08  3.9852e-07 -1.4943e-01  2.4041e-02  5.4735e-01  0:00:18   86
   115  4.1888e-04  3.5214e-08  1.9312e-08  8.1157e-08  3.8083e-07 -1.4944e-01  2.4045e-02  5.4735e-01  0:00:14   85
   116  3.9741e-04  3.3581e-08  1.8444e-08  7.7036e-08  3.6271e-07 -1.4945e-01  2.4049e-02  5.4736e-01  0:00:11   84
   117  3.7543e-04  3.2020e-08  1.7508e-08  7.3248e-08  3.4473e-07 -1.4946e-01  2.4052e-02  5.4736e-01  0:00:09   83
   118  3.5619e-04  3.0558e-08  1.6665e-08  6.9746e-08  3.2662e-07 -1.4947e-01  2.4056e-02  5.4737e-01  0:00:23   82
   119  3.3842e-04  2.9195e-08  1.5862e-08  6.6411e-08  3.0858e-07 -1.4948e-01  2.4060e-02  5.4738e-01  0:00:18   81
   120  3.2209e-04  2.7914e-08  1.5116e-08  6.3322e-08  2.9044e-07 -1.4949e-01  2.4063e-02  5.4739e-01  0:00:15   80
   121  3.0779e-04  2.6697e-08  1.4409e-08  6.0411e-08  2.7369e-07 -1.4949e-01  2.4066e-02  5.4740e-01  0:00:12   79

  iter  continuity  x-velocity  y-velocity      energy         nut          mz          cx          cy     time/iter
   122  2.9398e-04  2.5544e-08  1.3759e-08  5.7652e-08  2.5878e-07 -1.4950e-01  2.4070e-02  5.4741e-01  0:00:09   78
   123  2.8084e-04  2.4440e-08  1.3128e-08  5.5102e-08  2.4558e-07 -1.4951e-01  2.4072e-02  5.4741e-01  0:00:07   77
   124  2.6831e-04  2.3384e-08  1.2542e-08  5.2677e-08  2.3348e-07 -1.4951e-01  2.4075e-02  5.4742e-01  0:00:21   76
   125  2.5675e-04  2.2384e-08  1.1983e-08  5.0358e-08  2.2184e-07 -1.4952e-01  2.4078e-02  5.4743e-01  0:00:16   75
   126  2.4486e-04  2.1432e-08  1.1435e-08  4.8155e-08  2.1028e-07 -1.4953e-01  2.4081e-02  5.4744e-01  0:00:13   74
   127  2.3262e-04  2.0511e-08  1.0914e-08  4.6079e-08  1.9855e-07 -1.4953e-01  2.4084e-02  5.4744e-01  0:00:10   73
   128  2.2062e-04  1.9619e-08  1.0391e-08  4.4086e-08  1.8676e-07 -1.4954e-01  2.4086e-02  5.4745e-01  0:00:08   72
   129  2.0948e-04  1.8761e-08  9.8852e-09  4.2177e-08  1.7504e-07 -1.4955e-01  2.4089e-02  5.4746e-01  0:00:06   71
   130  1.9944e-04  1.7982e-08  9.4210e-09  4.0399e-08  1.6361e-07 -1.4955e-01  2.4091e-02  5.4747e-01  0:00:19   70
   131  1.9067e-04  1.7253e-08  8.9857e-09  3.8746e-08  1.5264e-07 -1.4956e-01  2.4094e-02  5.4747e-01  0:00:15   69
   132  1.8258e-04  1.6562e-08  8.5750e-09  3.7195e-08  1.4250e-07 -1.4956e-01  2.4096e-02  5.4748e-01  0:00:12   68

  iter  continuity  x-velocity  y-velocity      energy         nut          mz          cx          cy     time/iter
   133  1.7530e-04  1.5903e-08  8.1863e-09  3.5726e-08  1.3313e-07 -1.4957e-01  2.4098e-02  5.4748e-01  0:00:09   67
   134  1.6867e-04  1.5283e-08  7.8453e-09  3.4324e-08  1.2452e-07 -1.4957e-01  2.4100e-02  5.4748e-01  0:00:07   66
   135  1.6234e-04  1.4687e-08  7.5283e-09  3.2973e-08  1.1659e-07 -1.4958e-01  2.4102e-02  5.4749e-01  0:00:06   65
   136  1.5519e-04  1.4091e-08  7.1872e-09  3.1606e-08  1.0925e-07 -1.4958e-01  2.4104e-02  5.4749e-01  0:00:17   64
   137  1.4909e-04  1.3507e-08  6.8184e-09  3.0334e-08  1.0255e-07 -1.4959e-01  2.4106e-02  5.4749e-01  0:00:14   63
   138  1.4238e-04  1.2906e-08  6.5306e-09  2.9039e-08  9.6318e-08 -1.4959e-01  2.4108e-02  5.4749e-01  0:00:11   62
   139  1.3603e-04  1.2288e-08  6.2499e-09  2.7751e-08  9.0261e-08 -1.4959e-01  2.4110e-02  5.4749e-01  0:00:08   61
   140  1.2958e-04  1.1693e-08  5.9746e-09  2.6487e-08  8.4457e-08 -1.4960e-01  2.4111e-02  5.4749e-01  0:00:19   60
   141  1.2375e-04  1.1104e-08  5.6903e-09  2.5304e-08  7.8958e-08 -1.4960e-01  2.4113e-02  5.4748e-01  0:00:15   59
   142  1.1773e-04  1.0556e-08  5.4662e-09  2.4155e-08  7.3895e-08 -1.4960e-01  2.4114e-02  5.4748e-01  0:00:12   58
   143  1.1197e-04  1.0030e-08  5.2391e-09  2.3001e-08  6.9434e-08 -1.4961e-01  2.4115e-02  5.4748e-01  0:00:09   57

  iter  continuity  x-velocity  y-velocity      energy         nut          mz          cx          cy     time/iter
   144  1.0675e-04  9.5248e-09  5.0137e-09  2.1926e-08  6.5565e-08 -1.4961e-01  2.4117e-02  5.4747e-01  0:00:07   56
   145  1.0177e-04  9.0453e-09  4.7852e-09  2.0911e-08  6.1886e-08 -1.4961e-01  2.4118e-02  5.4747e-01  0:00:17   55
   146  9.6923e-05  8.5862e-09  4.5453e-09  1.9948e-08  5.8280e-08 -1.4961e-01  2.4119e-02  5.4746e-01  0:00:13   54
   147  9.2372e-05  8.1717e-09  4.3576e-09  1.9031e-08  5.5251e-08 -1.4962e-01  2.4120e-02  5.4746e-01  0:00:10   53
   148  8.8240e-05  7.7898e-09  4.1781e-09  1.8179e-08  5.2579e-08 -1.4962e-01  2.4121e-02  5.4745e-01  0:00:08   52
   149  8.4322e-05  7.4231e-09  3.9974e-09  1.7360e-08  5.0254e-08 -1.4962e-01  2.4122e-02  5.4744e-01  0:00:06   51
   150  8.0596e-05  7.0738e-09  3.7747e-09  1.6579e-08  4.8028e-08 -1.4962e-01  2.4123e-02  5.4744e-01  0:00:05   50
   151  7.6828e-05  6.7528e-09  3.5949e-09  1.5824e-08  4.6070e-08 -1.4962e-01  2.4123e-02  5.4743e-01  0:00:14   49
   152  7.3195e-05  6.4515e-09  3.4246e-09  1.5098e-08  4.4388e-08 -1.4962e-01  2.4124e-02  5.4743e-01  0:00:11   48
   153  6.9809e-05  6.1542e-09  3.2656e-09  1.4403e-08  4.3019e-08 -1.4962e-01  2.4125e-02  5.4742e-01  0:00:08   47
   154  6.6524e-05  5.8626e-09  3.1119e-09  1.3735e-08  4.1949e-08 -1.4962e-01  2.4125e-02  5.4741e-01  0:00:07   46

  iter  continuity  x-velocity  y-velocity      energy         nut          mz          cx          cy     time/iter
   155  6.3214e-05  5.5814e-09  2.9626e-09  1.3092e-08  4.1038e-08 -1.4962e-01  2.4126e-02  5.4740e-01  0:00:05   45
   156  6.0070e-05  5.3169e-09  2.8211e-09  1.2476e-08  4.0243e-08 -1.4963e-01  2.4126e-02  5.4740e-01  0:00:04   44
   157  5.7125e-05  5.0643e-09  2.6885e-09  1.1886e-08  3.9547e-08 -1.4963e-01  2.4127e-02  5.4739e-01  0:00:12   43
   158  5.4385e-05  4.8280e-09  2.5619e-09  1.1339e-08  3.8920e-08 -1.4963e-01  2.4127e-02  5.4738e-01  0:00:09   42
   159  5.1725e-05  4.6065e-09  2.4397e-09  1.0798e-08  3.8229e-08 -1.4963e-01  2.4127e-02  5.4738e-01  0:00:07   41
   160  4.9451e-05  4.3971e-09  2.3261e-09  1.0298e-08  3.7416e-08 -1.4963e-01  2.4128e-02  5.4737e-01  0:00:06   40
   161  4.7349e-05  4.2038e-09  2.2186e-09  9.8412e-09  3.6491e-08 -1.4963e-01  2.4128e-02  5.4736e-01  0:00:04   39
   162  4.5251e-05  4.0136e-09  2.1168e-09  9.3935e-09  3.5497e-08 -1.4963e-01  2.4128e-02  5.4736e-01  0:00:11   38
   163  4.3173e-05  3.8287e-09  2.0178e-09  8.9673e-09  3.4457e-08 -1.4963e-01  2.4128e-02  5.4735e-01  0:00:09   37
   164  4.1196e-05  3.6504e-09  1.9211e-09  8.5485e-09  3.3407e-08 -1.4963e-01  2.4129e-02  5.4735e-01  0:00:07   36
   165  3.9240e-05  3.4763e-09  1.8284e-09  8.1459e-09  3.2352e-08 -1.4963e-01  2.4129e-02  5.4734e-01  0:00:05   35

  iter  continuity  x-velocity  y-velocity      energy         nut          mz          cx          cy     time/iter
   166  3.7395e-05  3.3061e-09  1.7395e-09  7.7518e-09  3.1303e-08 -1.4963e-01  2.4129e-02  5.4734e-01  0:00:04   34
   167  3.5546e-05  3.1403e-09  1.6545e-09  7.3675e-09  3.0243e-08 -1.4963e-01  2.4129e-02  5.4734e-01  0:00:03   33
   168  3.3801e-05  2.9820e-09  1.5743e-09  6.9993e-09  2.9170e-08 -1.4963e-01  2.4129e-02  5.4733e-01  0:00:09   32
   169  3.2105e-05  2.8302e-09  1.4996e-09  6.6482e-09  2.8055e-08 -1.4963e-01  2.4130e-02  5.4733e-01  0:00:07   31
   170  3.0400e-05  2.6850e-09  1.4288e-09  6.3141e-09  2.6881e-08 -1.4963e-01  2.4130e-02  5.4733e-01  0:00:05   30
   171  2.8848e-05  2.5472e-09  1.3609e-09  5.9883e-09  2.5657e-08 -1.4963e-01  2.4130e-02  5.4733e-01  0:00:04   29
   172  2.7388e-05  2.4169e-09  1.2957e-09  5.6831e-09  2.4396e-08 -1.4963e-01  2.4130e-02  5.4732e-01  0:00:09   28
   173  2.6068e-05  2.2930e-09  1.2338e-09  5.3937e-09  2.3130e-08 -1.4963e-01  2.4130e-02  5.4732e-01  0:00:07   27
   174  2.4851e-05  2.1751e-09  1.1746e-09  5.1216e-09  2.1943e-08 -1.4963e-01  2.4130e-02  5.4732e-01  0:00:05   26
   175  2.3670e-05  2.0679e-09  1.1179e-09  4.8674e-09  2.0847e-08 -1.4963e-01  2.4131e-02  5.4732e-01  0:00:04   25
   176  2.2557e-05  1.9699e-09  1.0635e-09  4.6309e-09  1.9832e-08 -1.4963e-01  2.4131e-02  5.4732e-01  0:00:03   24

  iter  continuity  x-velocity  y-velocity      energy         nut          mz          cx          cy     time/iter
   177  2.1520e-05  1.8822e-09  1.0121e-09  4.4195e-09  1.8874e-08 -1.4963e-01  2.4131e-02  5.4732e-01  0:00:07   23
   178  2.0554e-05  1.8010e-09  9.6402e-10  4.2223e-09  1.7921e-08 -1.4963e-01  2.4131e-02  5.4732e-01  0:00:05   22
   179  1.9636e-05  1.7251e-09  9.1806e-10  4.0366e-09  1.6988e-08 -1.4963e-01  2.4131e-02  5.4732e-01  0:00:04   21
   180  1.8765e-05  1.6526e-09  8.7473e-10  3.8599e-09  1.6095e-08 -1.4963e-01  2.4131e-02  5.4732e-01  0:00:03   20
   181  1.7941e-05  1.5827e-09  8.3401e-10  3.6913e-09  1.5245e-08 -1.4963e-01  2.4132e-02  5.4732e-01  0:00:02   19
   182  1.7152e-05  1.5152e-09  7.9544e-10  3.5277e-09  1.4399e-08 -1.4963e-01  2.4132e-02  5.4732e-01  0:00:02   18
   183  1.6436e-05  1.4493e-09  7.5524e-10  3.3737e-09  1.3568e-08 -1.4963e-01  2.4132e-02  5.4732e-01  0:00:05   17
   184  1.5715e-05  1.3871e-09  7.2335e-10  3.2236e-09  1.2770e-08 -1.4963e-01  2.4132e-02  5.4732e-01  0:00:04   16
   185  1.5050e-05  1.3286e-09  6.8828e-10  3.0831e-09  1.2023e-08 -1.4963e-01  2.4132e-02  5.4732e-01  0:00:03   15
   186  1.4442e-05  1.2767e-09  6.5964e-10  2.9516e-09  1.1314e-08 -1.4963e-01  2.4132e-02  5.4732e-01  0:00:02   14
   187  1.3859e-05  1.2277e-09  6.2727e-10  2.8331e-09  1.0663e-08 -1.4963e-01  2.4132e-02  5.4732e-01  0:00:01   13

  iter  continuity  x-velocity  y-velocity      energy         nut          mz          cx          cy     time/iter
   188  1.3335e-05  1.1837e-09  6.0094e-10  2.7202e-09  1.0051e-08 -1.4963e-01  2.4132e-02  5.4732e-01  0:00:01   12
   189  1.2802e-05  1.1424e-09  5.7103e-10  2.6154e-09  9.4959e-09 -1.4963e-01  2.4133e-02  5.4732e-01  0:00:03   11
   190  1.2343e-05  1.1050e-09  5.4731e-10  2.5152e-09  8.9747e-09 -1.4963e-01  2.4133e-02  5.4731e-01  0:00:02   10
   191  1.1848e-05  1.0681e-09  5.2084e-10  2.4217e-09  8.4828e-09 -1.4964e-01  2.4133e-02  5.4731e-01  0:00:02    9
   192  1.1404e-05  1.0318e-09  4.9712e-10  2.3317e-09  8.0117e-09 -1.4964e-01  2.4133e-02  5.4731e-01  0:00:01    8
   193  1.0992e-05  9.9644e-10  4.7521e-10  2.2456e-09  7.5631e-09 -1.4964e-01  2.4133e-02  5.4731e-01  0:00:01    7
   194  1.0599e-05  9.6230e-10  4.5484e-10  2.1606e-09  7.1372e-09 -1.4964e-01  2.4133e-02  5.4731e-01  0:00:01    6
   195  1.0214e-05  9.2837e-10  4.3556e-10  2.0774e-09  6.7390e-09 -1.4964e-01  2.4133e-02  5.4731e-01  0:00:01    5
   196  9.8429e-06  8.9384e-10  4.1753e-10  1.9944e-09  6.3710e-09 -1.4964e-01  2.4133e-02  5.4731e-01  0:00:01    4
   197  9.4610e-06  8.5832e-10  4.0044e-10  1.9105e-09  6.0358e-09 -1.4964e-01  2.4133e-02  5.4731e-01  0:00:01    3
   198  9.0779e-06  8.2224e-10  3.8413e-10  1.8269e-09  5.7320e-09 -1.4964e-01  2.4133e-02  5.4731e-01  0:00:00    2

  iter  continuity  x-velocity  y-velocity      energy         nut          mz          cx          cy     time/iter
   199  8.6843e-06  7.9114e-10  3.6865e-10  1.7532e-09  5.4584e-09 -1.4964e-01  2.4133e-02  5.4731e-01  0:00:00    1
   200  8.2899e-06  7.6138e-10  3.5218e-10  1.6825e-09  5.2104e-09 -1.4964e-01  2.4133e-02  5.4731e-01  0:00:00    0

  iter  continuity  x-velocity  y-velocity      energy         nut          mz          cx          cy     time/iter
   200  8.2899e-06  7.6138e-10  3.5218e-10  1.6825e-09  5.2104e-09 -1.4964e-01  2.4133e-02  5.4731e-01  0:00:12   50
   201  3.0195e-02  7.2924e-10  3.3633e-10  1.6801e-06  6.5856e-06 -1.4914e-01  2.4060e-02  5.4322e-01  0:00:10   49
   202  3.2012e-02  5.5456e-07  4.0129e-06  2.0659e-06  2.6244e-05 -1.4777e-01  2.4027e-02  5.3300e-01  0:00:08   48
   203  1.8001e-02  4.0694e-07  4.9130e-06  1.8118e-06  4.8756e-05 -1.4587e-01  2.3910e-02  5.1869e-01  0:00:06   47
   204  1.0514e-02  6.4768e-07  5.2057e-06  1.6541e-06  7.3821e-05 -1.4393e-01  2.3662e-02  5.0312e-01  0:00:05   46
   205  1.1799e-02  7.4229e-07  5.1784e-06  2.0509e-06  1.0062e-04 -1.4204e-01  2.3299e-02  4.8736e-01  0:00:13   45
   206  1.5171e-02  7.6206e-07  4.8204e-06  2.3073e-06  1.2293e-04 -1.4032e-01  2.2867e-02  4.7240e-01  0:00:10   44
   207  1.7427e-02  7.3752e-07  4.1781e-06  2.3946e-06  1.3394e-04 -1.3897e-01  2.2391e-02  4.5961e-01  0:00:08   43
   208  1.6866e-02  6.5420e-07  3.5013e-06  2.2905e-06  1.2856e-04 -1.3797e-01  2.1965e-02  4.4916e-01  0:00:06   42
   209  1.5879e-02  5.4016e-07  2.9651e-06  2.1599e-06  1.1200e-04 -1.3740e-01  2.1583e-02  4.4126e-01  0:00:05   41
   210  1.4543e-02  4.6171e-07  2.3363e-06  2.1368e-06  9.1561e-05 -1.3718e-01  2.1281e-02  4.3620e-01  0:00:04   40

  iter  continuity  x-velocity  y-velocity      energy         nut          mz          cx          cy     time/iter
   211  1.2751e-02  4.6063e-07  1.7078e-06  2.1030e-06  7.2234e-05 -1.3721e-01  2.1052e-02  4.3344e-01  0:00:03   39
   212  1.0901e-02  5.1212e-07  1.1888e-06  2.0424e-06  5.6886e-05 -1.3755e-01  2.0949e-02  4.3273e-01  0:00:10   38
   213  8.9476e-03  5.7838e-07  8.7976e-07  1.9527e-06  4.6021e-05 -1.3803e-01  2.0926e-02  4.3366e-01  0:00:08   37
   214  7.2145e-03  6.2662e-07  8.9683e-07  1.8527e-06  3.8618e-05 -1.3855e-01  2.0982e-02  4.3565e-01  0:00:06   36
   215  6.1365e-03  6.2229e-07  9.6158e-07  1.7212e-06  3.3664e-05 -1.3912e-01  2.1125e-02  4.3815e-01  0:00:05   35
   216  5.3892e-03  5.9297e-07  9.2983e-07  1.5332e-06  3.2856e-05 -1.3962e-01  2.1282e-02  4.4098e-01  0:00:10   34
   217  5.1502e-03  5.2414e-07  8.2434e-07  1.3080e-06  3.3944e-05 -1.4010e-01  2.1461e-02  4.4385e-01  0:00:08   33
   218  5.0053e-03  4.2652e-07  6.9983e-07  1.0874e-06  3.4038e-05 -1.4053e-01  2.1629e-02  4.4666e-01  0:00:06   32
   219  4.6212e-03  3.2332e-07  6.0909e-07  8.8987e-07  3.2713e-05 -1.4093e-01  2.1797e-02  4.4922e-01  0:00:05   31
   220  4.0473e-03  2.2876e-07  5.1457e-07  7.8940e-07  3.0225e-05 -1.4129e-01  2.1949e-02  4.5150e-01  0:00:04   30
   221  3.4139e-03  1.7001e-07  4.1509e-07  7.2489e-07  2.7046e-05 -1.4161e-01  2.2083e-02  4.5354e-01  0:00:03   29

  iter  continuity  x-velocity  y-velocity      energy         nut          mz          cx          cy     time/iter
   222  2.8112e-03  1.8530e-07  3.1887e-07  6.8851e-07  2.3691e-05 -1.4194e-01  2.2207e-02  4.5590e-01  0:00:02   28
   223  2.3277e-03  2.2881e-07  2.4675e-07  6.5175e-07  2.0198e-05 -1.4221e-01  2.2295e-02  4.5786e-01  0:00:07   27
   224  2.0809e-03  2.3353e-07  1.8858e-07  6.1462e-07  1.7305e-05 -1.4243e-01  2.2362e-02  4.5939e-01  0:00:05   26
   225  1.9329e-03  2.3157e-07  1.3962e-07  5.7387e-07  1.4978e-05 -1.4259e-01  2.2405e-02  4.6052e-01  0:00:04   25
   226  1.7796e-03  2.2384e-07  1.0389e-07  5.2457e-07  1.3452e-05 -1.4272e-01  2.2438e-02  4.6128e-01  0:00:03   24
   227  1.6147e-03  1.9744e-07  8.4293e-08  4.6241e-07  1.2880e-05 -1.4278e-01  2.2458e-02  4.6170e-01  0:00:02   23
   228  1.4531e-03  1.6827e-07  7.6220e-08  3.9898e-07  1.2525e-05 -1.4279e-01  2.2469e-02  4.6174e-01  0:00:02   22
   229  1.2971e-03  1.4486e-07  7.4273e-08  3.4264e-07  1.2131e-05 -1.4274e-01  2.2470e-02  4.6148e-01  0:00:06   21
   230  1.1662e-03  1.1856e-07  7.3742e-08  2.9644e-07  1.1612e-05 -1.4269e-01  2.2471e-02  4.6107e-01  0:00:04   20
   231  1.0332e-03  9.5146e-08  6.9520e-08  2.6278e-07  1.1024e-05 -1.4261e-01  2.2465e-02  4.6058e-01  0:00:03   19
   232  9.0485e-04  8.1356e-08  6.3692e-08  2.3964e-07  1.0384e-05 -1.4254e-01  2.2455e-02  4.6014e-01  0:00:02   18

  iter  continuity  x-velocity  y-velocity      energy         nut          mz          cx          cy     time/iter
   233  7.9074e-04  7.3797e-08  5.6180e-08  2.2186e-07  9.7707e-06 -1.4248e-01  2.2445e-02  4.5978e-01  0:00:02   17
   234  7.0873e-04  6.9172e-08  4.8942e-08  2.0412e-07  9.0777e-06 -1.4244e-01  2.2437e-02  4.5956e-01  0:00:01   16
   235  6.5584e-04  6.5071e-08  4.2488e-08  1.8640e-07  8.3200e-06 -1.4242e-01  2.2432e-02  4.5948e-01  0:00:01   15
   236  6.2287e-04  5.9234e-08  3.7652e-08  1.7017e-07  7.6926e-06 -1.4242e-01  2.2430e-02  4.5951e-01  0:00:04   14
   237  5.9456e-04  5.4177e-08  3.3682e-08  1.5653e-07  7.1142e-06 -1.4243e-01  2.2432e-02  4.5963e-01  0:00:03   13
   238  5.6891e-04  4.9686e-08  2.9762e-08  1.4643e-07  6.7498e-06 -1.4246e-01  2.2439e-02  4.5983e-01  0:00:02   12
   239  5.4571e-04  4.6244e-08  2.6165e-08  1.3886e-07  6.6032e-06 -1.4250e-01  2.2448e-02  4.6008e-01  0:00:01   11
   240  5.1347e-04  4.2846e-08  2.2955e-08  1.3021e-07  6.5884e-06 -1.4253e-01  2.2454e-02  4.6029e-01  0:00:01   10
   241  4.7601e-04  3.9676e-08  1.9780e-08  1.2303e-07  6.5657e-06 -1.4256e-01  2.2460e-02  4.6048e-01  0:00:01    9
   242  4.4023e-04  3.7280e-08  1.7136e-08  1.2033e-07  6.5240e-06 -1.4260e-01  2.2472e-02  4.6074e-01  0:00:01    8
   243  4.1212e-04  3.5634e-08  1.5235e-08  1.1731e-07  6.4345e-06 -1.4265e-01  2.2484e-02  4.6100e-01  0:00:02    7

  iter  continuity  x-velocity  y-velocity      energy         nut          mz          cx          cy     time/iter
   244  3.8052e-04  3.3908e-08  1.3669e-08  1.1267e-07  6.2476e-06 -1.4270e-01  2.2494e-02  4.6123e-01  0:00:01    6
   245  3.5624e-04  3.2073e-08  1.2341e-08  1.0712e-07  6.0808e-06 -1.4273e-01  2.2503e-02  4.6141e-01  0:00:01    5
   246  3.3470e-04  3.0139e-08  1.1173e-08  1.0071e-07  5.8523e-06 -1.4276e-01  2.2510e-02  4.6154e-01  0:00:01    4
   247  3.1363e-04  2.8080e-08  1.0106e-08  9.4111e-08  5.7247e-06 -1.4278e-01  2.2516e-02  4.6162e-01  0:00:01    3
   248  2.9364e-04  2.5995e-08  9.1699e-09  8.7670e-08  5.6268e-06 -1.4280e-01  2.2521e-02  4.6166e-01  0:00:00    2
   249  2.7714e-04  2.4006e-08  8.3610e-09  8.1632e-08  5.4999e-06 -1.4281e-01  2.2525e-02  4.6167e-01  0:00:00    1
   250  2.6156e-04  2.2099e-08  7.6203e-09  7.6526e-08  5.4398e-06 -1.4281e-01  2.2528e-02  4.6165e-01  0:00:00    0

  iter  continuity  x-velocity  y-velocity      energy         nut          mz          cx          cy     time/iter
   250  2.6156e-04  2.2099e-08  7.6203e-09  7.6526e-08  5.4398e-06 -1.4281e-01  2.2528e-02  4.6165e-01  0:00:08   50
   251  2.4742e-04  2.0263e-08  7.0304e-09  7.1922e-08  5.3762e-06 -1.4282e-01  2.2531e-02  4.6162e-01  0:00:06   49
   252  2.3362e-04  1.8546e-08  6.5516e-09  6.7788e-08  5.2268e-06 -1.4282e-01  2.2534e-02  4.6158e-01  0:00:05   48
   253  2.1988e-04  1.7155e-08  6.0683e-09  6.3666e-08  5.0379e-06 -1.4282e-01  2.2537e-02  4.6154e-01  0:00:04   47
   254  2.0549e-04  1.6072e-08  5.6011e-09  5.9713e-08  4.8182e-06 -1.4282e-01  2.2541e-02  4.6152e-01  0:00:03   46
   255  1.9161e-04  1.5100e-08  5.1167e-09  5.5827e-08  4.5153e-06 -1.4282e-01  2.2546e-02  4.6152e-01  0:00:02   45
   256  1.7792e-04  1.4143e-08  4.6366e-09  5.2275e-08  4.2404e-06 -1.4283e-01  2.2551e-02  4.6154e-01  0:00:11   44
   257  1.6601e-04  1.3266e-08  4.1838e-09  4.9245e-08  3.9858e-06 -1.4285e-01  2.2557e-02  4.6159e-01  0:00:08   43
   258  1.5466e-04  1.2477e-08  3.8088e-09  4.6497e-08  3.7516e-06 -1.4286e-01  2.2564e-02  4.6166e-01  0:00:06   42
   259  1.4445e-04  1.1768e-08  3.5056e-09  4.4234e-08  3.5237e-06 -1.4288e-01  2.2571e-02  4.6174e-01  0:00:05   41
   260  1.3495e-04  1.1155e-08  3.2941e-09  4.2259e-08  3.4234e-06 -1.4290e-01  2.2579e-02  4.6184e-01  0:00:04   40

  iter  continuity  x-velocity  y-velocity      energy         nut          mz          cx          cy     time/iter
   261  1.2594e-04  1.0607e-08  3.1354e-09  4.0262e-08  3.3341e-06 -1.4292e-01  2.2586e-02  4.6194e-01  0:00:03   39
   262  1.1844e-04  1.0076e-08  3.0218e-09  3.8377e-08  3.2324e-06 -1.4294e-01  2.2594e-02  4.6205e-01  0:00:10   38
   263  1.1193e-04  9.5877e-09  2.9179e-09  3.7116e-08  3.1465e-06 -1.4297e-01  2.2602e-02  4.6216e-01  0:00:08   37
   264  1.0583e-04  9.1867e-09  2.8725e-09  3.5212e-08  3.0507e-06 -1.4299e-01  2.2608e-02  4.6224e-01  0:00:06   36
   265  1.0080e-04  8.7342e-09  2.7471e-09  3.3161e-08  2.9472e-06 -1.4300e-01  2.2613e-02  4.6231e-01  0:00:05   35
   266  9.6082e-05  8.2944e-09  2.6051e-09  3.1240e-08  2.8324e-06 -1.4301e-01  2.2617e-02  4.6237e-01  0:00:04   34
   267  9.1460e-05  7.8741e-09  2.4556e-09  2.9488e-08  2.7061e-06 -1.4302e-01  2.2621e-02  4.6240e-01  0:00:09   33
   268  8.7157e-05  7.4585e-09  2.3003e-09  2.7759e-08  2.5716e-06 -1.4303e-01  2.2623e-02  4.6242e-01  0:00:07   32
   269  8.3171e-05  7.0724e-09  2.1293e-09  2.6290e-08  2.4252e-06 -1.4303e-01  2.2625e-02  4.6242e-01  0:00:06   31
   270  7.9094e-05  6.7211e-09  1.9706e-09  2.4759e-08  2.2749e-06 -1.4304e-01  2.2626e-02  4.6241e-01  0:00:04   30
   271  7.5196e-05  6.3895e-09  1.8366e-09  2.3339e-08  2.1375e-06 -1.4304e-01  2.2627e-02  4.6240e-01  0:00:09   29

  iter  continuity  x-velocity  y-velocity      energy         nut          mz          cx          cy     time/iter
   272  7.1700e-05  6.0738e-09  1.7159e-09  2.2011e-08  2.0114e-06 -1.4304e-01  2.2628e-02  4.6238e-01  0:00:07   28
   273  6.8302e-05  5.7711e-09  1.6062e-09  2.0787e-08  1.8924e-06 -1.4304e-01  2.2628e-02  4.6236e-01  0:00:05   27
   274  6.5058e-05  5.4746e-09  1.5034e-09  1.9684e-08  1.7902e-06 -1.4304e-01  2.2629e-02  4.6235e-01  0:00:04   26
   275  6.1808e-05  5.1890e-09  1.4132e-09  1.8637e-08  1.7021e-06 -1.4304e-01  2.2630e-02  4.6234e-01  0:00:08   25
   276  5.8785e-05  4.9159e-09  1.3200e-09  1.7570e-08  1.6269e-06 -1.4304e-01  2.2631e-02  4.6234e-01  0:00:06   24
   277  5.6007e-05  4.6626e-09  1.2258e-09  1.6626e-08  1.5509e-06 -1.4305e-01  2.2633e-02  4.6235e-01  0:00:09   23
   278  5.3509e-05  4.4442e-09  1.1384e-09  1.5988e-08  1.4701e-06 -1.4305e-01  2.2635e-02  4.6236e-01  0:00:07   22
   279  5.1065e-05  4.2657e-09  1.0733e-09  1.5364e-08  1.3983e-06 -1.4306e-01  2.2637e-02  4.6238e-01  0:00:06   21
   280  4.8798e-05  4.1068e-09  1.0293e-09  1.4674e-08  1.3339e-06 -1.4306e-01  2.2639e-02  4.6240e-01  0:00:04   20
   281  4.6699e-05  3.9499e-09  1.0015e-09  1.4000e-08  1.2728e-06 -1.4307e-01  2.2641e-02  4.6242e-01  0:00:03   19
   282  4.4797e-05  3.8150e-09  9.7770e-10  1.3373e-08  1.2130e-06 -1.4307e-01  2.2643e-02  4.6244e-01  0:00:06   18

  iter  continuity  x-velocity  y-velocity      energy         nut          mz          cx          cy     time/iter
   283  4.3282e-05  3.7370e-09  9.4882e-10  1.2804e-08  1.1606e-06 -1.4308e-01  2.2644e-02  4.6245e-01  0:00:05   17
   284  4.2036e-05  3.6812e-09  9.1221e-10  1.2323e-08  1.1110e-06 -1.4308e-01  2.2646e-02  4.6246e-01  0:00:03   16
   285  4.0555e-05  3.5663e-09  8.7274e-10  1.1734e-08  1.0663e-06 -1.4308e-01  2.2647e-02  4.6247e-01  0:00:06   15
   286  3.8978e-05  3.4359e-09  8.3145e-10  1.1171e-08  1.0135e-06 -1.4308e-01  2.2647e-02  4.6247e-01  0:00:04   14
   287  3.7240e-05  3.2875e-09  7.8977e-10  1.0619e-08  9.5665e-07 -1.4308e-01  2.2648e-02  4.6248e-01  0:00:03   13
   288  3.5286e-05  3.1364e-09  7.5029e-10  1.0179e-08  8.9817e-07 -1.4308e-01  2.2649e-02  4.6248e-01  0:00:02   12
   289  3.3555e-05  2.9878e-09  7.0960e-10  9.7083e-09  8.3812e-07 -1.4308e-01  2.2649e-02  4.6248e-01  0:00:02   11
   290  3.1829e-05  2.8438e-09  6.6757e-10  9.2218e-09  7.7758e-07 -1.4308e-01  2.2650e-02  4.6248e-01  0:00:01   10
   291  3.0221e-05  2.7040e-09  6.2923e-10  8.6875e-09  7.1971e-07 -1.4308e-01  2.2651e-02  4.6248e-01  0:00:03    9
   292  2.8731e-05  2.5673e-09  5.9188e-10  8.1895e-09  6.6526e-07 -1.4309e-01  2.2651e-02  4.6248e-01  0:00:02    8
   293  2.7238e-05  2.4319e-09  5.6072e-10  7.7573e-09  6.1425e-07 -1.4309e-01  2.2652e-02  4.6248e-01  0:00:01    7

  iter  continuity  x-velocity  y-velocity      energy         nut          mz          cx          cy     time/iter
   294  2.5750e-05  2.2949e-09  5.3450e-10  7.3419e-09  5.6618e-07 -1.4309e-01  2.2652e-02  4.6249e-01  0:00:01    6
   295  2.4340e-05  2.1721e-09  5.0701e-10  7.0045e-09  5.2269e-07 -1.4309e-01  2.2653e-02  4.6249e-01  0:00:01    5
   296  2.3020e-05  2.0695e-09  4.8761e-10  6.6871e-09  4.8280e-07 -1.4309e-01  2.2654e-02  4.6250e-01  0:00:01    4
   297  2.2100e-05  2.0238e-09  4.6567e-10  6.4255e-09  4.4845e-07 -1.4309e-01  2.2654e-02  4.6251e-01  0:00:01    3
   298  2.1049e-05  1.9783e-09  4.5097e-10  6.1662e-09  4.1677e-07 -1.4309e-01  2.2655e-02  4.6251e-01  0:00:00    2
   299  2.0261e-05  1.9207e-09  4.3263e-10  5.9000e-09  3.8777e-07 -1.4310e-01  2.2655e-02  4.6252e-01  0:00:00    1
   300  1.9472e-05  1.8724e-09  4.1289e-10  5.6367e-09  3.6078e-07 -1.4310e-01  2.2656e-02  4.6253e-01  0:00:00    0

  iter  continuity  x-velocity  y-velocity      energy         nut          mz          cx          cy     time/iter
   300  1.9472e-05  1.8724e-09  4.1289e-10  5.6367e-09  3.6078e-07 -1.4310e-01  2.2656e-02  4.6253e-01  0:00:16   50
   301  5.7978e-02  1.8153e-09  3.9464e-10  5.4135e-06  8.2547e-05 -1.4221e-01  2.2540e-02  4.5460e-01  0:00:22   49
   302  6.0132e-02  1.6059e-06  1.1893e-05  6.6356e-06  3.1825e-04 -1.3954e-01  2.2484e-02  4.3442e-01  0:00:18   48
   303  3.4294e-02  1.1636e-06  1.4363e-05  5.7502e-06  5.4096e-04 -1.3604e-01  2.2276e-02  4.0587e-01  0:00:14   47
   304  1.9926e-02  1.7132e-06  1.4738e-05  5.0986e-06  6.6707e-04 -1.3229e-01  2.1860e-02  3.7362e-01  0:00:11   46
   305  2.2943e-02  1.8861e-06  1.3998e-05  5.9900e-06  6.8695e-04 -1.2885e-01  2.1267e-02  3.4082e-01  0:00:08   45
   306  2.9450e-02  1.8338e-06  1.2403e-05  6.2851e-06  6.1326e-04 -1.2599e-01  2.0501e-02  3.0927e-01  0:00:07   44
   307  3.3341e-02  1.6458e-06  1.0246e-05  6.1183e-06  5.0149e-04 -1.2415e-01  1.9781e-02  2.8121e-01  0:00:05   43
   308  3.2170e-02  1.3625e-06  8.3140e-06  5.5766e-06  4.2172e-04 -1.2351e-01  1.9171e-02  2.5874e-01  0:00:12   42
   309  2.9633e-02  1.0601e-06  6.8856e-06  5.1036e-06  3.6126e-04 -1.2359e-01  1.8589e-02  2.4163e-01  0:00:10   41
   310  2.6767e-02  8.8345e-07  5.3813e-06  4.9320e-06  3.1161e-04 -1.2425e-01  1.8053e-02  2.3012e-01  0:00:08   40

  iter  continuity  x-velocity  y-velocity      energy         nut          mz          cx          cy     time/iter
   311  2.3534e-02  9.0219e-07  3.9069e-06  4.7989e-06  2.6783e-04 -1.2541e-01  1.7686e-02  2.2340e-01  0:00:06   39
   312  2.0072e-02  1.0407e-06  2.6679e-06  4.6307e-06  2.3174e-04 -1.2667e-01  1.7361e-02  2.2080e-01  0:00:05   38
   313  1.6346e-02  1.1991e-06  1.9421e-06  4.4249e-06  2.0350e-04 -1.2817e-01  1.7260e-02  2.2131e-01  0:00:11   37
   314  1.3010e-02  1.3219e-06  2.0271e-06  4.2127e-06  1.9492e-04 -1.2951e-01  1.7234e-02  2.2414e-01  0:00:09   36
   315  1.0849e-02  1.3155e-06  2.1762e-06  3.8843e-06  2.1421e-04 -1.3076e-01  1.7341e-02  2.2862e-01  0:00:07   35
   316  9.6764e-03  1.2428e-06  2.0869e-06  3.4435e-06  2.3684e-04 -1.3176e-01  1.7477e-02  2.3390e-01  0:00:05   34
   317  9.2059e-03  1.1122e-06  1.8330e-06  2.9335e-06  2.4537e-04 -1.3252e-01  1.7623e-02  2.3960e-01  0:00:04   33
   318  9.0274e-03  8.8570e-07  1.5468e-06  2.4489e-06  2.3966e-04 -1.3307e-01  1.7796e-02  2.4549e-01  0:00:03   32
   319  8.2294e-03  6.5536e-07  1.3523e-06  2.0185e-06  2.2016e-04 -1.3361e-01  1.8027e-02  2.5113e-01  0:00:09   31
   320  7.1877e-03  4.5233e-07  1.1286e-06  1.7886e-06  1.9326e-04 -1.3389e-01  1.8158e-02  2.5615e-01  0:00:07   30
   321  5.9664e-03  3.3761e-07  9.0493e-07  1.6826e-06  1.6562e-04 -1.3396e-01  1.8285e-02  2.6144e-01  0:00:05   29

  iter  continuity  x-velocity  y-velocity      energy         nut          mz          cx          cy     time/iter
   322  4.7781e-03  3.8145e-07  6.9679e-07  1.5767e-06  1.3866e-04 -1.3384e-01  1.8355e-02  2.6553e-01  0:00:04   28
   323  3.9872e-03  4.7080e-07  5.4323e-07  1.4887e-06  1.1113e-04 -1.3366e-01  1.8378e-02  2.6840e-01  0:00:03   27
   324  3.6111e-03  4.9028e-07  4.1421e-07  1.4200e-06  8.8556e-05 -1.3342e-01  1.8344e-02  2.7031e-01  0:00:02   26
   325  3.3768e-03  4.9604e-07  3.0673e-07  1.3251e-06  7.2613e-05 -1.3322e-01  1.8301e-02  2.7122e-01  0:00:02   25
   326  3.1669e-03  4.7861e-07  2.2906e-07  1.2048e-06  6.4244e-05 -1.3300e-01  1.8261e-02  2.7122e-01  0:00:06   24
   327  2.9958e-03  4.1432e-07  1.8199e-07  1.0517e-06  6.1464e-05 -1.3284e-01  1.8229e-02  2.7062e-01  0:00:05   23
   328  2.7211e-03  3.5582e-07  1.5762e-07  9.1126e-07  6.0308e-05 -1.3267e-01  1.8191e-02  2.6964e-01  0:00:04   22
   329  2.4755e-03  2.9344e-07  1.5656e-07  7.7672e-07  5.9471e-05 -1.3256e-01  1.8169e-02  2.6843e-01  0:00:03   21
   330  2.1872e-03  2.3869e-07  1.5565e-07  6.6919e-07  5.9034e-05 -1.3246e-01  1.8149e-02  2.6702e-01  0:00:02   20
   331  1.9303e-03  1.9265e-07  1.4632e-07  6.0003e-07  5.8517e-05 -1.3244e-01  1.8163e-02  2.6580e-01  0:00:02   19
   332  1.6734e-03  1.6199e-07  1.3303e-07  5.5161e-07  5.7421e-05 -1.3244e-01  1.8183e-02  2.6480e-01  0:00:05   18

  iter  continuity  x-velocity  y-velocity      energy         nut          mz          cx          cy     time/iter
   333  1.4651e-03  1.4517e-07  1.1780e-07  5.1450e-07  5.5121e-05 -1.3247e-01  1.8217e-02  2.6402e-01  0:00:04   17
   334  1.3037e-03  1.3525e-07  1.0137e-07  4.7434e-07  5.1821e-05 -1.3252e-01  1.8256e-02  2.6357e-01  0:00:03   16
   335  1.1983e-03  1.2642e-07  8.7691e-08  4.3305e-07  4.7461e-05 -1.3262e-01  1.8297e-02  2.6356e-01  0:00:02   15
   336  1.1228e-03  1.1558e-07  7.7649e-08  3.9360e-07  4.2709e-05 -1.3273e-01  1.8334e-02  2.6395e-01  0:00:02   14
   337  1.0667e-03  1.0285e-07  6.9183e-08  3.6049e-07  3.7629e-05 -1.3281e-01  1.8370e-02  2.6457e-01  0:00:01   13
   338  1.0181e-03  9.2595e-08  6.1933e-08  3.3402e-07  3.2615e-05 -1.3288e-01  1.8405e-02  2.6529e-01  0:00:01   12
   339  9.6035e-04  8.4214e-08  5.5174e-08  3.1450e-07  2.7719e-05 -1.3293e-01  1.8436e-02  2.6609e-01  0:00:03   11
   340  9.0319e-04  7.7265e-08  4.8906e-08  2.9911e-07  2.3334e-05 -1.3297e-01  1.8462e-02  2.6690e-01  0:00:02   10
   341  8.4866e-04  7.2940e-08  4.3338e-08  2.8505e-07  1.9673e-05 -1.3299e-01  1.8478e-02  2.6764e-01  0:00:01    9
   342  7.9142e-04  7.1020e-08  3.8217e-08  2.7218e-07  1.6652e-05 -1.3301e-01  1.8488e-02  2.6827e-01  0:00:01    8
   343  7.4534e-04  6.8079e-08  3.4151e-08  2.5936e-07  1.4312e-05 -1.3299e-01  1.8484e-02  2.6873e-01  0:00:02    7

  iter  continuity  x-velocity  y-velocity      energy         nut          mz          cx          cy     time/iter
   344  6.8972e-04  6.5075e-08  3.0858e-08  2.4560e-07  1.2710e-05 -1.3295e-01  1.8476e-02  2.6900e-01  0:00:01    6
   345  6.5038e-04  6.1881e-08  2.7714e-08  2.3116e-07  1.1779e-05 -1.3289e-01  1.8462e-02  2.6905e-01  0:00:01    5
   346  6.1331e-04  5.8371e-08  2.4523e-08  2.1755e-07  1.1437e-05 -1.3282e-01  1.8443e-02  2.6892e-01  0:00:01    4
   347  5.8103e-04  5.4928e-08  2.1867e-08  2.0942e-07  1.1814e-05 -1.3274e-01  1.8414e-02  2.6850e-01  0:00:00    3
   348  5.5112e-04  5.1545e-08  2.0278e-08  2.0316e-07  1.3120e-05 -1.3268e-01  1.8389e-02  2.6790e-01  0:00:00    2
   349  5.2929e-04  4.8158e-08  1.9989e-08  1.9037e-07  1.4247e-05 -1.3263e-01  1.8368e-02  2.6736e-01  0:00:00    1
   350  5.0798e-04  4.4452e-08  1.9416e-08  1.7771e-07  1.5099e-05 -1.3260e-01  1.8351e-02  2.6684e-01  0:00:00    0

  iter  continuity  x-velocity  y-velocity      energy         nut          mz          cx          cy     time/iter
   350  5.0798e-04  4.4452e-08  1.9416e-08  1.7771e-07  1.5099e-05 -1.3260e-01  1.8351e-02  2.6684e-01  0:00:11   50
   351  4.8650e-04  4.0636e-08  1.8764e-08  1.6831e-07  1.5608e-05 -1.3258e-01  1.8340e-02  2.6634e-01  0:00:09   49
   352  4.6355e-04  3.7186e-08  1.8007e-08  1.5857e-07  1.5765e-05 -1.3258e-01  1.8335e-02  2.6590e-01  0:00:16   48
   353  4.3901e-04  3.4120e-08  1.7062e-08  1.4853e-07  1.5541e-05 -1.3260e-01  1.8335e-02  2.6555e-01  0:00:13   47
   354  4.1380e-04  3.2060e-08  1.5816e-08  1.3825e-07  1.4994e-05 -1.3263e-01  1.8337e-02  2.6531e-01  0:00:10   46
   355  3.8697e-04  3.0026e-08  1.4352e-08  1.2886e-07  1.4206e-05 -1.3268e-01  1.8346e-02  2.6522e-01  0:00:08   45
   356  3.6114e-04  2.8123e-08  1.2808e-08  1.2001e-07  1.3192e-05 -1.3274e-01  1.8357e-02  2.6527e-01  0:00:06   44
   357  3.3944e-04  2.6431e-08  1.1324e-08  1.1288e-07  1.2099e-05 -1.3280e-01  1.8371e-02  2.6542e-01  0:00:05   43
   358  3.2006e-04  2.5153e-08  1.0108e-08  1.0826e-07  1.1028e-05 -1.3285e-01  1.8385e-02  2.6566e-01  0:00:04   42
   359  3.0229e-04  2.4159e-08  9.3436e-09  1.0510e-07  9.9572e-06 -1.3290e-01  1.8400e-02  2.6598e-01  0:00:11   41
   360  2.8752e-04  2.3232e-08  9.0522e-09  1.0235e-07  8.9456e-06 -1.3295e-01  1.8413e-02  2.6634e-01  0:00:09   40

  iter  continuity  x-velocity  y-velocity      energy         nut          mz          cx          cy     time/iter
   361  2.7461e-04  2.2200e-08  9.0173e-09  9.9792e-08  8.0470e-06 -1.3299e-01  1.8427e-02  2.6673e-01  0:00:07   39
   362  2.6254e-04  2.1272e-08  9.2537e-09  9.6723e-08  7.2751e-06 -1.3302e-01  1.8438e-02  2.6711e-01  0:00:05   38
   363  2.5123e-04  2.0269e-08  9.3355e-09  9.2942e-08  6.5945e-06 -1.3304e-01  1.8446e-02  2.6745e-01  0:00:04   37
   364  2.4072e-04  1.9151e-08  9.1436e-09  8.8498e-08  6.0182e-06 -1.3304e-01  1.8451e-02  2.6774e-01  0:00:03   36
   365  2.3081e-04  1.8052e-08  8.7368e-09  8.3976e-08  5.5727e-06 -1.3303e-01  1.8453e-02  2.6796e-01  0:00:09   35
   366  2.2068e-04  1.7194e-08  8.1462e-09  7.9348e-08  5.2228e-06 -1.3301e-01  1.8452e-02  2.6811e-01  0:00:07   34
   367  2.0958e-04  1.6396e-08  7.4208e-09  7.4835e-08  4.8883e-06 -1.3298e-01  1.8449e-02  2.6818e-01  0:00:06   33
   368  1.9822e-04  1.5702e-08  6.6094e-09  7.0710e-08  4.5669e-06 -1.3295e-01  1.8444e-02  2.6819e-01  0:00:04   32
   369  1.8803e-04  1.5050e-08  5.7724e-09  6.7055e-08  4.2289e-06 -1.3291e-01  1.8437e-02  2.6812e-01  0:00:03   31
   370  1.7911e-04  1.4375e-08  5.1830e-09  6.4172e-08  3.9049e-06 -1.3288e-01  1.8431e-02  2.6800e-01  0:00:09   30
   371  1.7147e-04  1.3688e-08  4.9526e-09  6.1728e-08  3.6321e-06 -1.3284e-01  1.8425e-02  2.6784e-01  0:00:07   29

  iter  continuity  x-velocity  y-velocity      energy         nut          mz          cx          cy     time/iter
   372  1.6556e-04  1.3051e-08  4.8875e-09  5.9227e-08  3.3948e-06 -1.3281e-01  1.8418e-02  2.6766e-01  0:00:05   28
   373  1.5973e-04  1.2392e-08  4.8464e-09  5.6819e-08  3.1682e-06 -1.3279e-01  1.8413e-02  2.6747e-01  0:00:04   27
   374  1.5375e-04  1.1713e-08  4.9201e-09  5.4373e-08  2.9262e-06 -1.3277e-01  1.8410e-02  2.6729e-01  0:00:03   26
   375  1.4730e-04  1.1011e-08  4.9180e-09  5.1689e-08  2.6904e-06 -1.3277e-01  1.8407e-02  2.6713e-01  0:00:02   25
   376  1.4090e-04  1.0304e-08  4.8580e-09  4.9011e-08  2.4517e-06 -1.3277e-01  1.8406e-02  2.6700e-01  0:00:07   24
   377  1.3434e-04  9.7581e-09  4.7010e-09  4.6329e-08  2.2342e-06 -1.3277e-01  1.8407e-02  2.6690e-01  0:00:05   23
   378  1.2747e-04  9.3761e-09  4.4318e-09  4.2928e-08  2.0139e-06 -1.3278e-01  1.8406e-02  2.6685e-01  0:00:04   22
   379  1.2124e-04  8.9601e-09  4.0037e-09  4.0374e-08  1.8028e-06 -1.3278e-01  1.8407e-02  2.6682e-01  0:00:03   21
   380  1.1563e-04  8.6663e-09  3.6082e-09  3.8268e-08  1.5902e-06 -1.3279e-01  1.8407e-02  2.6680e-01  0:00:02   20
   381  1.1023e-04  8.3756e-09  3.2249e-09  3.7037e-08  1.4220e-06 -1.3281e-01  1.8410e-02  2.6681e-01  0:00:02   19
   382  1.0439e-04  8.1507e-09  2.9479e-09  3.5658e-08  1.2750e-06 -1.3283e-01  1.8413e-02  2.6685e-01  0:00:01   18

  iter  continuity  x-velocity  y-velocity      energy         nut          mz          cx          cy     time/iter
   383  1.0019e-04  7.8455e-09  2.8249e-09  3.4427e-08  1.1795e-06 -1.3285e-01  1.8415e-02  2.6691e-01  0:00:04   17
   384  9.7054e-05  7.4834e-09  2.8215e-09  3.3169e-08  1.1666e-06 -1.3287e-01  1.8418e-02  2.6699e-01  0:00:03   16
   385  9.3886e-05  7.1289e-09  2.8296e-09  3.1848e-08  1.2271e-06 -1.3289e-01  1.8419e-02  2.6707e-01  0:00:02   15
   386  9.0834e-05  6.7704e-09  2.8637e-09  3.0478e-08  1.3233e-06 -1.3290e-01  1.8421e-02  2.6715e-01  0:00:02   14
   387  8.7596e-05  6.4100e-09  2.8438e-09  2.9199e-08  1.4350e-06 -1.3291e-01  1.8421e-02  2.6723e-01  0:00:01   13
   388  8.3921e-05  6.0935e-09  2.7509e-09  2.7989e-08  1.5320e-06 -1.3292e-01  1.8421e-02  2.6729e-01  0:00:01   12
   389  8.0330e-05  5.8373e-09  2.6053e-09  2.6658e-08  1.6139e-06 -1.3292e-01  1.8421e-02  2.6734e-01  0:00:03   11
   390  7.6938e-05  5.6162e-09  2.4373e-09  2.5289e-08  1.6753e-06 -1.3292e-01  1.8420e-02  2.6737e-01  0:00:02   10
   391  7.3616e-05  5.4278e-09  2.2701e-09  2.3951e-08  1.7142e-06 -1.3292e-01  1.8418e-02  2.6739e-01  0:00:02    9
   392  7.0337e-05  5.2630e-09  2.0851e-09  2.2779e-08  1.7285e-06 -1.3292e-01  1.8417e-02  2.6739e-01  0:00:01    8
   393  6.7096e-05  5.0840e-09  1.8870e-09  2.1794e-08  1.7240e-06 -1.3292e-01  1.8416e-02  2.6738e-01  0:00:01    7

  iter  continuity  x-velocity  y-velocity      energy         nut          mz          cx          cy     time/iter
   394  6.3850e-05  4.8955e-09  1.7063e-09  2.0941e-08  1.6934e-06 -1.3291e-01  1.8415e-02  2.6736e-01  0:00:02    6
   395  6.0902e-05  4.6854e-09  1.6063e-09  2.0158e-08  1.6388e-06 -1.3291e-01  1.8414e-02  2.6733e-01  0:00:01    5
   396  5.8320e-05  4.4517e-09  1.5682e-09  1.9008e-08  1.5541e-06 -1.3290e-01  1.8413e-02  2.6731e-01  0:00:01    4
   397  5.6233e-05  4.1673e-09  1.4901e-09  1.7974e-08  1.4475e-06 -1.3290e-01  1.8413e-02  2.6729e-01  0:00:00    3
   398  5.4245e-05  3.9060e-09  1.4459e-09  1.7055e-08  1.3205e-06 -1.3290e-01  1.8413e-02  2.6726e-01  0:00:00    2
   399  5.2084e-05  3.6599e-09  1.4158e-09  1.6266e-08  1.1809e-06 -1.3290e-01  1.8413e-02  2.6725e-01  0:00:00    1
   400  4.9884e-05  3.4355e-09  1.3695e-09  1.5538e-08  1.0380e-06 -1.3290e-01  1.8413e-02  2.6723e-01  0:00:00    0

  iter  continuity  x-velocity  y-velocity      energy         nut          mz          cx          cy     time/iter
   400  4.9884e-05  3.4355e-09  1.3695e-09  1.5538e-08  1.0380e-06 -1.3290e-01  1.8413e-02  2.6723e-01  0:00:14   50
   401  3.0227e-02  3.2649e-09  1.3178e-09  3.2606e-06  1.4939e-04 -1.3331e-01  1.8446e-02  2.7142e-01  0:00:11   49
   402  3.1189e-02  8.8127e-07  6.8673e-06  3.9095e-06  5.5328e-04 -1.3477e-01  1.8448e-02  2.8268e-01  0:00:08   48
   403  1.7790e-02  6.5706e-07  8.2051e-06  3.3558e-06  8.9300e-04 -1.3655e-01  1.8541e-02  2.9853e-01  0:00:07   47
   404  1.0318e-02  9.1228e-07  8.3505e-06  2.9072e-06  1.0970e-03 -1.3839e-01  1.8716e-02  3.1670e-01  0:00:05   46
   405  1.1920e-02  1.0183e-06  7.8625e-06  3.4170e-06  1.1758e-03 -1.3994e-01  1.8985e-02  3.3534e-01  0:00:04   45
   406  1.5516e-02  1.0231e-06  6.9215e-06  3.6067e-06  1.1306e-03 -1.4111e-01  1.9425e-02  3.5264e-01  0:00:03   44
   407  1.7149e-02  9.2064e-07  5.7070e-06  3.5053e-06  9.9503e-04 -1.4188e-01  1.9918e-02  3.6758e-01  0:00:02   43
   408  1.6509e-02  7.5170e-07  4.6198e-06  3.2369e-06  8.1894e-04 -1.4223e-01  2.0400e-02  3.7939e-01  0:00:10   42
   409  1.5328e-02  5.7507e-07  3.7880e-06  2.9347e-06  6.3255e-04 -1.4233e-01  2.0855e-02  3.8862e-01  0:00:08   41
   410  1.4079e-02  4.8503e-07  2.9823e-06  2.8385e-06  4.7110e-04 -1.4212e-01  2.1243e-02  3.9474e-01  0:00:06   40

  iter  continuity  x-velocity  y-velocity      energy         nut          mz          cx          cy     time/iter
   411  1.2380e-02  5.0476e-07  2.1344e-06  2.7709e-06  3.3873e-04 -1.4176e-01  2.1565e-02  3.9822e-01  0:00:05   39
   412  1.0574e-02  5.8245e-07  1.4412e-06  2.6801e-06  2.3588e-04 -1.4135e-01  2.1780e-02  3.9951e-01  0:00:11   38
   413  8.6638e-03  6.5624e-07  1.0613e-06  2.5619e-06  1.6813e-04 -1.4091e-01  2.1893e-02  3.9912e-01  0:00:09   37
   414  6.9141e-03  7.2268e-07  1.1053e-06  2.4234e-06  1.3951e-04 -1.4041e-01  2.1895e-02  3.9736e-01  0:00:07   36
   415  5.6675e-03  7.2691e-07  1.1697e-06  2.2452e-06  1.4272e-04 -1.3992e-01  2.1838e-02  3.9478e-01  0:00:05   35
   416  5.0859e-03  6.7596e-07  1.1119e-06  2.0183e-06  1.5075e-04 -1.3944e-01  2.1758e-02  3.9159e-01  0:00:04   34
   417  4.8920e-03  6.0230e-07  9.7582e-07  1.7350e-06  1.4966e-04 -1.3900e-01  2.1651e-02  3.8809e-01  0:00:03   33
   418  4.8179e-03  4.9818e-07  8.2703e-07  1.4602e-06  1.3903e-04 -1.3858e-01  2.1510e-02  3.8464e-01  0:00:03   32
   419  4.4076e-03  3.7009e-07  7.1052e-07  1.2270e-06  1.2318e-04 -1.3821e-01  2.1366e-02  3.8124e-01  0:00:08   31
   420  3.9520e-03  2.5985e-07  5.9344e-07  1.1103e-06  1.0450e-04 -1.3783e-01  2.1186e-02  3.7742e-01  0:00:06   30
   421  3.2815e-03  2.0018e-07  4.7692e-07  1.0211e-06  8.6104e-05 -1.3746e-01  2.1040e-02  3.7403e-01  0:00:05   29

  iter  continuity  x-velocity  y-velocity      energy         nut          mz          cx          cy     time/iter
   422  2.6802e-03  2.1899e-07  3.6434e-07  9.3723e-07  6.9995e-05 -1.3717e-01  2.0937e-02  3.7127e-01  0:00:04   28
   423  2.2778e-03  2.5761e-07  2.7951e-07  8.8272e-07  5.7087e-05 -1.3693e-01  2.0842e-02  3.6905e-01  0:00:03   27
   424  2.0884e-03  2.6786e-07  2.1318e-07  8.1853e-07  4.7614e-05 -1.3678e-01  2.0789e-02  3.6786e-01  0:00:02   26
   425  1.9812e-03  2.7133e-07  1.5947e-07  7.5560e-07  4.1959e-05 -1.3672e-01  2.0753e-02  3.6724e-01  0:00:07   25
   426  1.8987e-03  2.5200e-07  1.2093e-07  6.8187e-07  3.8829e-05 -1.3669e-01  2.0717e-02  3.6700e-01  0:00:05   24
   427  1.7465e-03  2.2645e-07  9.8396e-08  5.9793e-07  3.6788e-05 -1.3672e-01  2.0707e-02  3.6714e-01  0:00:04   23
   428  1.5835e-03  1.9205e-07  8.7194e-08  5.1631e-07  3.4640e-05 -1.3678e-01  2.0706e-02  3.6760e-01  0:00:03   22
   429  1.4264e-03  1.6516e-07  8.4957e-08  4.4272e-07  3.2091e-05 -1.3689e-01  2.0715e-02  3.6830e-01  0:00:02   21
   430  1.2666e-03  1.3322e-07  8.2961e-08  3.8345e-07  2.8982e-05 -1.3699e-01  2.0722e-02  3.6907e-01  0:00:02   20
   431  1.1270e-03  1.0985e-07  7.8066e-08  3.4269e-07  2.5842e-05 -1.3711e-01  2.0730e-02  3.6996e-01  0:00:01   19
   432  9.9182e-04  9.3249e-08  7.0945e-08  3.1383e-07  2.2516e-05 -1.3722e-01  2.0735e-02  3.7082e-01  0:00:05   18

  iter  continuity  x-velocity  y-velocity      energy         nut          mz          cx          cy     time/iter
   433  8.8735e-04  8.1117e-08  6.2742e-08  2.9353e-07  1.8954e-05 -1.3733e-01  2.0742e-02  3.7158e-01  0:00:03   17
   434  7.8435e-04  7.5359e-08  5.4392e-08  2.7354e-07  1.5654e-05 -1.3743e-01  2.0749e-02  3.7225e-01  0:00:03   16
   435  7.0680e-04  7.1059e-08  4.7084e-08  2.5250e-07  1.2553e-05 -1.3751e-01  2.0756e-02  3.7276e-01  0:00:02   15
   436  6.5698e-04  6.6310e-08  4.1694e-08  2.3207e-07  9.9236e-06 -1.3755e-01  2.0754e-02  3.7312e-01  0:00:01   14
   437  6.1860e-04  6.0834e-08  3.7059e-08  2.1166e-07  7.8942e-06 -1.3758e-01  2.0755e-02  3.7331e-01  0:00:01   13
   438  5.8311e-04  5.5681e-08  3.2893e-08  1.9438e-07  6.4272e-06 -1.3758e-01  2.0754e-02  3.7335e-01  0:00:01   12
   439  5.5227e-04  5.0695e-08  2.9104e-08  1.8049e-07  5.4480e-06 -1.3757e-01  2.0754e-02  3.7326e-01  0:00:03   11
   440  5.2461e-04  4.5959e-08  2.5695e-08  1.7088e-07  4.8632e-06 -1.3755e-01  2.0755e-02  3.7311e-01  0:00:02   10
   441  4.9564e-04  4.2645e-08  2.2466e-08  1.6254e-07  4.6517e-06 -1.3753e-01  2.0757e-02  3.7292e-01  0:00:01    9
   442  4.6921e-04  3.9704e-08  1.9637e-08  1.5461e-07  4.6834e-06 -1.3751e-01  2.0760e-02  3.7273e-01  0:00:01    8
   443  4.4358e-04  3.7627e-08  1.7334e-08  1.4685e-07  4.5676e-06 -1.3749e-01  2.0765e-02  3.7256e-01  0:00:02    7

  iter  continuity  x-velocity  y-velocity      energy         nut          mz          cx          cy     time/iter
   444  4.1861e-04  3.5825e-08  1.5514e-08  1.3803e-07  4.2417e-06 -1.3749e-01  2.0772e-02  3.7248e-01  0:00:01    6
   445  3.9413e-04  3.3645e-08  1.4057e-08  1.2930e-07  3.7514e-06 -1.3748e-01  2.0780e-02  3.7246e-01  0:00:01    5
   446  3.6960e-04  3.1129e-08  1.2771e-08  1.2098e-07  3.2029e-06 -1.3749e-01  2.0787e-02  3.7249e-01  0:00:01    4
   447  3.4851e-04  2.8891e-08  1.1589e-08  1.1348e-07  2.6382e-06 -1.3750e-01  2.0795e-02  3.7258e-01  0:00:00    3
   448  3.2742e-04  2.6771e-08  1.0618e-08  1.0692e-07  2.1762e-06 -1.3751e-01  2.0801e-02  3.7270e-01  0:00:00    2
   449  3.0812e-04  2.4864e-08  9.8408e-09  1.0069e-07  1.8820e-06 -1.3752e-01  2.0806e-02  3.7285e-01  0:00:00    1
   450  2.9202e-04  2.3179e-08  9.1833e-09  9.5528e-08  1.7729e-06 -1.3753e-01  2.0810e-02  3.7300e-01  0:00:00    0

  iter  continuity  x-velocity  y-velocity      energy         nut          mz          cx          cy     time/iter
   450  2.9202e-04  2.3179e-08  9.1833e-09  9.5528e-08  1.7729e-06 -1.3753e-01  2.0810e-02  3.7300e-01  0:00:11   50
   451  2.7716e-04  2.1596e-08  8.6849e-09  9.0855e-08  1.7558e-06 -1.3754e-01  2.0812e-02  3.7314e-01  0:00:19   49
   452  2.6171e-04  2.0046e-08  8.1876e-09  8.6438e-08  1.7905e-06 -1.3754e-01  2.0813e-02  3.7327e-01  0:00:15   48
   453  2.4746e-04  1.8527e-08  7.6376e-09  8.1816e-08  1.8172e-06 -1.3754e-01  2.0811e-02  3.7336e-01  0:00:11   47
   454  2.3347e-04  1.7411e-08  7.0382e-09  7.7209e-08  1.7787e-06 -1.3754e-01  2.0808e-02  3.7342e-01  0:00:09   46
   455  2.2060e-04  1.6504e-08  6.4090e-09  7.2688e-08  1.6861e-06 -1.3753e-01  2.0803e-02  3.7343e-01  0:00:07   45
   456  2.0861e-04  1.5729e-08  5.8336e-09  6.8608e-08  1.5486e-06 -1.3752e-01  2.0796e-02  3.7339e-01  0:00:05   44
   457  1.9841e-04  1.5099e-08  5.3308e-09  6.5397e-08  1.3727e-06 -1.3750e-01  2.0788e-02  3.7331e-01  0:00:13   43
   458  1.8964e-04  1.4514e-08  4.9996e-09  6.2960e-08  1.1891e-06 -1.3749e-01  2.0780e-02  3.7319e-01  0:00:10   42
   459  1.8123e-04  1.4046e-08  4.8007e-09  6.0667e-08  1.0404e-06 -1.3747e-01  2.0771e-02  3.7305e-01  0:00:08   41
   460  1.7284e-04  1.3539e-08  4.6805e-09  5.8383e-08  9.4379e-07 -1.3745e-01  2.0764e-02  3.7290e-01  0:00:06   40

  iter  continuity  x-velocity  y-velocity      energy         nut          mz          cx          cy     time/iter
   461  1.6458e-04  1.3000e-08  4.6246e-09  5.5997e-08  9.1065e-07 -1.3744e-01  2.0757e-02  3.7274e-01  0:00:05   39
   462  1.5652e-04  1.2379e-08  4.5754e-09  5.3523e-08  9.4110e-07 -1.3743e-01  2.0751e-02  3.7260e-01  0:00:11   38
   463  1.4857e-04  1.1723e-08  4.5028e-09  5.0802e-08  1.0036e-06 -1.3742e-01  2.0747e-02  3.7247e-01  0:00:09   37
   464  1.4090e-04  1.1057e-08  4.3679e-09  4.8015e-08  1.0619e-06 -1.3741e-01  2.0743e-02  3.7237e-01  0:00:07   36
   465  1.3368e-04  1.0409e-08  4.1764e-09  4.5361e-08  1.0752e-06 -1.3741e-01  2.0742e-02  3.7230e-01  0:00:05   35
   466  1.2678e-04  9.7775e-09  3.9178e-09  4.2801e-08  1.0497e-06 -1.3742e-01  2.0741e-02  3.7226e-01  0:00:04   34
   467  1.2038e-04  9.2158e-09  3.6224e-09  4.0599e-08  9.8857e-07 -1.3742e-01  2.0742e-02  3.7225e-01  0:00:03   33
   468  1.1426e-04  8.7505e-09  3.3237e-09  3.8606e-08  9.0421e-07 -1.3743e-01  2.0743e-02  3.7227e-01  0:00:09   32
   469  1.0844e-04  8.3470e-09  3.0868e-09  3.6950e-08  8.0766e-07 -1.3744e-01  2.0746e-02  3.7232e-01  0:00:07   31
   470  1.0363e-04  7.9810e-09  2.9080e-09  3.5474e-08  7.1835e-07 -1.3745e-01  2.0748e-02  3.7238e-01  0:00:05   30
   471  9.9334e-05  7.6365e-09  2.7952e-09  3.4082e-08  6.5121e-07 -1.3747e-01  2.0751e-02  3.7245e-01  0:00:04   29

  iter  continuity  x-velocity  y-velocity      energy         nut          mz          cx          cy     time/iter
   472  9.5627e-05  7.2715e-09  2.7327e-09  3.2591e-08  6.1547e-07 -1.3747e-01  2.0754e-02  3.7253e-01  0:00:03   28
   473  9.1900e-05  6.8826e-09  2.7036e-09  3.1037e-08  6.1494e-07 -1.3748e-01  2.0757e-02  3.7261e-01  0:00:02   27
   474  8.7980e-05  6.4930e-09  2.6520e-09  2.9399e-08  6.2279e-07 -1.3749e-01  2.0759e-02  3.7268e-01  0:00:07   26
   475  8.4055e-05  6.1042e-09  2.5680e-09  2.7285e-08  6.1703e-07 -1.3749e-01  2.0760e-02  3.7273e-01  0:00:05   25
   476  8.0313e-05  5.7075e-09  2.4074e-09  2.5515e-08  6.1307e-07 -1.3749e-01  2.0762e-02  3.7277e-01  0:00:04   24
   477  7.6558e-05  5.4158e-09  2.2578e-09  2.4154e-08  5.9998e-07 -1.3749e-01  2.0762e-02  3.7280e-01  0:00:03   23
   478  7.2861e-05  5.1992e-09  2.1051e-09  2.2949e-08  5.7911e-07 -1.3749e-01  2.0763e-02  3.7283e-01  0:00:02   22
   479  6.9528e-05  5.0152e-09  1.9513e-09  2.1835e-08  5.5190e-07 -1.3749e-01  2.0763e-02  3.7284e-01  0:00:02   21
   480  6.6406e-05  4.8645e-09  1.7964e-09  2.0849e-08  5.2280e-07 -1.3748e-01  2.0764e-02  3.7285e-01  0:00:01   20
   481  6.3352e-05  4.6938e-09  1.6537e-09  1.9881e-08  4.9482e-07 -1.3748e-01  2.0763e-02  3.7285e-01  0:00:05   19
   482  6.0575e-05  4.4970e-09  1.5395e-09  1.8945e-08  4.7258e-07 -1.3747e-01  2.0763e-02  3.7284e-01  0:00:04   18

  iter  continuity  x-velocity  y-velocity      energy         nut          mz          cx          cy     time/iter
   483  5.8129e-05  4.2902e-09  1.4554e-09  1.8080e-08  4.5801e-07 -1.3746e-01  2.0762e-02  3.7282e-01  0:00:03   17
   484  5.5982e-05  4.0885e-09  1.3966e-09  1.7263e-08  4.4963e-07 -1.3746e-01  2.0761e-02  3.7280e-01  0:00:02   16
   485  5.3888e-05  3.8966e-09  1.3817e-09  1.6541e-08  4.4592e-07 -1.3745e-01  2.0760e-02  3.7277e-01  0:00:02   15
   486  5.1878e-05  3.7248e-09  1.3709e-09  1.5891e-08  4.4493e-07 -1.3744e-01  2.0759e-02  3.7274e-01  0:00:01   14
   487  4.9853e-05  3.5667e-09  1.3495e-09  1.5296e-08  4.4442e-07 -1.3744e-01  2.0758e-02  3.7271e-01  0:00:01   13
   488  4.7874e-05  3.4365e-09  1.3170e-09  1.4739e-08  4.4203e-07 -1.3743e-01  2.0756e-02  3.7267e-01  0:00:03   12
   489  4.5962e-05  3.3331e-09  1.2782e-09  1.4160e-08  4.3596e-07 -1.3743e-01  2.0755e-02  3.7264e-01  0:00:02   11
   490  4.4123e-05  3.2563e-09  1.2374e-09  1.3625e-08  4.2520e-07 -1.3742e-01  2.0753e-02  3.7260e-01  0:00:02   10
   491  4.2424e-05  3.1881e-09  1.1971e-09  1.3133e-08  4.0968e-07 -1.3742e-01  2.0752e-02  3.7257e-01  0:00:01    9
   492  4.0945e-05  3.1534e-09  1.1472e-09  1.2666e-08  3.8978e-07 -1.3741e-01  2.0751e-02  3.7254e-01  0:00:02    8
   493  3.9630e-05  3.1284e-09  1.0887e-09  1.2209e-08  3.6622e-07 -1.3741e-01  2.0750e-02  3.7252e-01  0:00:02    7

  iter  continuity  x-velocity  y-velocity      energy         nut          mz          cx          cy     time/iter
   494  3.8386e-05  3.0752e-09  1.0244e-09  1.1744e-08  3.4016e-07 -1.3741e-01  2.0749e-02  3.7250e-01  0:00:01    6
   495  3.6819e-05  2.9683e-09  9.5874e-10  1.1229e-08  3.1292e-07 -1.3741e-01  2.0749e-02  3.7248e-01  0:00:01    5
   496  3.5095e-05  2.8228e-09  8.9034e-10  1.0868e-08  2.8927e-07 -1.3742e-01  2.0748e-02  3.7247e-01  0:00:00    4
   497  3.3459e-05  2.7188e-09  8.4214e-10  1.0385e-08  2.6034e-07 -1.3742e-01  2.0747e-02  3.7247e-01  0:00:00    3
   498  3.1891e-05  2.5491e-09  7.8759e-10  9.8137e-09  2.2873e-07 -1.3742e-01  2.0747e-02  3.7248e-01  0:00:00    2
   499  3.0505e-05  2.3864e-09  7.5236e-10  9.2575e-09  1.9704e-07 -1.3743e-01  2.0747e-02  3.7249e-01  0:00:00    1
   500  2.9123e-05  2.2516e-09  7.4305e-10  8.6639e-09  1.6279e-07 -1.3743e-01  2.0747e-02  3.7250e-01  0:00:00    0

  iter  continuity  x-velocity  y-velocity      energy         nut          mz          cx          cy     time/iter
   500  2.9123e-05  2.2516e-09  7.4305e-10  8.6639e-09  1.6279e-07 -1.3743e-01  2.0747e-02  3.7250e-01  0:00:11   50
   501  2.0923e-02  2.1174e-09  7.2005e-10  2.1847e-06  6.3449e-05 -1.3714e-01  2.0716e-02  3.6966e-01  0:00:08   49
   502  2.1842e-02  6.3925e-07  4.6347e-06  2.6483e-06  2.3894e-04 -1.3616e-01  2.0715e-02  3.6212e-01  0:00:06   48
   503  1.2345e-02  4.4276e-07  5.5485e-06  2.2399e-06  3.9884e-04 -1.3481e-01  2.0630e-02  3.5121e-01  0:00:05   47
   504  7.1317e-03  6.6473e-07  5.6411e-06  1.9500e-06  5.1326e-04 -1.3344e-01  2.0453e-02  3.3871e-01  0:00:04   46
   505  8.3515e-03  7.2249e-07  5.3072e-06  2.2582e-06  5.7134e-04 -1.3227e-01  2.0233e-02  3.2609e-01  0:00:03   45
   506  1.0563e-02  6.9623e-07  4.6662e-06  2.3657e-06  5.7854e-04 -1.3135e-01  1.9969e-02  3.1425e-01  0:00:02   44
   507  1.1997e-02  6.3242e-07  3.8405e-06  2.3164e-06  5.4504e-04 -1.3078e-01  1.9696e-02  3.0387e-01  0:00:11   43
   508  1.1678e-02  5.3163e-07  3.1118e-06  2.1304e-06  4.8228e-04 -1.3047e-01  1.9409e-02  2.9530e-01  0:00:08   42
   509  1.0865e-02  4.1858e-07  2.5703e-06  1.9727e-06  4.0219e-04 -1.3050e-01  1.9129e-02  2.8889e-01  0:00:06   41
   510  9.8100e-03  3.4879e-07  1.9890e-06  1.9297e-06  3.1698e-04 -1.3078e-01  1.8915e-02  2.8459e-01  0:00:05   40

  iter  continuity  x-velocity  y-velocity      energy         nut          mz          cx          cy     time/iter
   511  8.6826e-03  3.5436e-07  1.4446e-06  1.8845e-06  2.4177e-04 -1.3120e-01  1.8756e-02  2.8212e-01  0:00:12   39
   512  7.3985e-03  4.0896e-07  1.0039e-06  1.8169e-06  1.8302e-04 -1.3167e-01  1.8632e-02  2.8127e-01  0:00:09   38
   513  6.0750e-03  4.6706e-07  7.3351e-07  1.7328e-06  1.3915e-04 -1.3221e-01  1.8582e-02  2.8169e-01  0:00:07   37
   514  4.8898e-03  5.0789e-07  7.5032e-07  1.6383e-06  1.1088e-04 -1.3275e-01  1.8589e-02  2.8302e-01  0:00:06   36
   515  4.1545e-03  5.0272e-07  8.0384e-07  1.5189e-06  1.0041e-04 -1.3323e-01  1.8637e-02  2.8497e-01  0:00:04   35
   516  3.6986e-03  4.7264e-07  7.7060e-07  1.3522e-06  1.0716e-04 -1.3363e-01  1.8702e-02  2.8731e-01  0:00:03   34
   517  3.5422e-03  4.2003e-07  6.7726e-07  1.1610e-06  1.1155e-04 -1.3393e-01  1.8777e-02  2.8982e-01  0:00:03   33
   518  3.4363e-03  3.3658e-07  5.7313e-07  9.7019e-07  1.0779e-04 -1.3417e-01  1.8855e-02  2.9224e-01  0:00:08   32
   519  3.1721e-03  2.5166e-07  4.9694e-07  8.0685e-07  9.8439e-05 -1.3432e-01  1.8915e-02  2.9453e-01  0:00:07   31
   520  2.7850e-03  1.7652e-07  4.1792e-07  7.4603e-07  8.5644e-05 -1.3442e-01  1.8997e-02  2.9706e-01  0:00:05   30
   521  2.3496e-03  1.3743e-07  3.3550e-07  6.9497e-07  7.1340e-05 -1.3448e-01  1.9063e-02  2.9923e-01  0:00:04   29

  iter  continuity  x-velocity  y-velocity      energy         nut          mz          cx          cy     time/iter
   522  1.9095e-03  1.5455e-07  2.5788e-07  6.4456e-07  5.8004e-05 -1.3448e-01  1.9091e-02  3.0084e-01  0:00:03   28
   523  1.5903e-03  1.8744e-07  1.9956e-07  6.0260e-07  4.6383e-05 -1.3446e-01  1.9101e-02  3.0197e-01  0:00:02   27
   524  1.4552e-03  1.9000e-07  1.5119e-07  5.6237e-07  3.7146e-05 -1.3443e-01  1.9094e-02  3.0259e-01  0:00:02   26
   525  1.3726e-03  1.8783e-07  1.1220e-07  5.2006e-07  3.0826e-05 -1.3436e-01  1.9075e-02  3.0281e-01  0:00:06   25
   526  1.2812e-03  1.7933e-07  8.3956e-08  4.7184e-07  2.7404e-05 -1.3428e-01  1.9055e-02  3.0267e-01  0:00:05   24
   527  1.1887e-03  1.5666e-07  6.8071e-08  4.1558e-07  2.5977e-05 -1.3418e-01  1.9038e-02  3.0227e-01  0:00:04   23
   528  1.0807e-03  1.3202e-07  6.0971e-08  3.6161e-07  2.5129e-05 -1.3409e-01  1.9024e-02  3.0166e-01  0:00:03   22
   529  9.7855e-04  1.1213e-07  5.9099e-08  3.1429e-07  2.4240e-05 -1.3403e-01  1.9017e-02  3.0099e-01  0:00:02   21
   530  8.7839e-04  9.1269e-08  5.7914e-08  2.7408e-07  2.3133e-05 -1.3398e-01  1.9015e-02  3.0031e-01  0:00:02   20
   531  7.7359e-04  7.3086e-08  5.4033e-08  2.4398e-07  2.1632e-05 -1.3396e-01  1.9018e-02  2.9974e-01  0:00:05   19
   532  6.7424e-04  6.2209e-08  4.9049e-08  2.2397e-07  1.9816e-05 -1.3395e-01  1.9028e-02  2.9929e-01  0:00:04   18

  iter  continuity  x-velocity  y-velocity      energy         nut          mz          cx          cy     time/iter
   533  5.8401e-04  5.6720e-08  4.3433e-08  2.0706e-07  1.7705e-05 -1.3396e-01  1.9039e-02  2.9903e-01  0:00:03   17
   534  5.1794e-04  5.3114e-08  3.7909e-08  1.8959e-07  1.5431e-05 -1.3398e-01  1.9053e-02  2.9892e-01  0:00:02   16
   535  4.7663e-04  4.9604e-08  3.2832e-08  1.7341e-07  1.3094e-05 -1.3401e-01  1.9066e-02  2.9895e-01  0:00:02   15
   536  4.4977e-04  4.4831e-08  2.9548e-08  1.5787e-07  1.0735e-05 -1.3404e-01  1.9080e-02  2.9907e-01  0:00:04   14
   537  4.3303e-04  4.0373e-08  2.6990e-08  1.4563e-07  8.6031e-06 -1.3407e-01  1.9096e-02  2.9930e-01  0:00:03   13
   538  4.1605e-04  3.7033e-08  2.4706e-08  1.3646e-07  6.8417e-06 -1.3410e-01  1.9110e-02  2.9958e-01  0:00:02   12
   539  3.9731e-04  3.4551e-08  2.2441e-08  1.2972e-07  5.5359e-06 -1.3413e-01  1.9123e-02  2.9990e-01  0:00:02   11
   540  3.7698e-04  3.1906e-08  2.0183e-08  1.2403e-07  4.6949e-06 -1.3415e-01  1.9132e-02  3.0023e-01  0:00:01   10
   541  3.5106e-04  2.9759e-08  1.7932e-08  1.1872e-07  4.3123e-06 -1.3416e-01  1.9137e-02  3.0053e-01  0:00:01    9
   542  3.2734e-04  2.8560e-08  1.5839e-08  1.1350e-07  4.1959e-06 -1.3417e-01  1.9138e-02  3.0079e-01  0:00:02    8
   543  3.0721e-04  2.7823e-08  1.4118e-08  1.0828e-07  4.0791e-06 -1.3416e-01  1.9134e-02  3.0097e-01  0:00:02    7

  iter  continuity  x-velocity  y-velocity      energy         nut          mz          cx          cy     time/iter
   544  2.8951e-04  2.6896e-08  1.2671e-08  1.0292e-07  3.8625e-06 -1.3415e-01  1.9128e-02  3.0106e-01  0:00:01    6
   545  2.7329e-04  2.5658e-08  1.1424e-08  9.7684e-08  3.5456e-06 -1.3413e-01  1.9120e-02  3.0108e-01  0:00:01    5
   546  2.5834e-04  2.4315e-08  1.0224e-08  9.2394e-08  3.2504e-06 -1.3410e-01  1.9111e-02  3.0100e-01  0:00:00    4
   547  2.4459e-04  2.2932e-08  9.1722e-09  8.8125e-08  3.1530e-06 -1.3407e-01  1.9101e-02  3.0085e-01  0:00:00    3
   548  2.3219e-04  2.1543e-08  8.5637e-09  8.4316e-08  3.3207e-06 -1.3404e-01  1.9093e-02  3.0065e-01  0:00:01    2
   549  2.2274e-04  2.0082e-08  8.2481e-09  7.9918e-08  3.7436e-06 -1.3402e-01  1.9085e-02  3.0042e-01  0:00:00    1
   550  2.1385e-04  1.8561e-08  7.9959e-09  7.5463e-08  4.2117e-06 -1.3401e-01  1.9080e-02  3.0020e-01  0:00:00    0

  iter  continuity  x-velocity  y-velocity      energy         nut          mz          cx          cy     time/iter
   550  2.1385e-04  1.8561e-08  7.9959e-09  7.5463e-08  4.2117e-06 -1.3401e-01  1.9080e-02  3.0020e-01  0:00:09   50
   551  2.0503e-04  1.7051e-08  7.7347e-09  7.1383e-08  4.5051e-06 -1.3400e-01  1.9076e-02  2.9998e-01  0:00:07   49
   552  1.9563e-04  1.5549e-08  7.4730e-09  6.7265e-08  4.6070e-06 -1.3400e-01  1.9074e-02  2.9980e-01  0:00:15   48
   553  1.8548e-04  1.4244e-08  7.0525e-09  6.2853e-08  4.5586e-06 -1.3401e-01  1.9075e-02  2.9966e-01  0:00:12   47
   554  1.7471e-04  1.3364e-08  6.5133e-09  5.8578e-08  4.3826e-06 -1.3402e-01  1.9077e-02  2.9959e-01  0:00:09   46
   555  1.6373e-04  1.2477e-08  5.9175e-09  5.4451e-08  4.1063e-06 -1.3404e-01  1.9080e-02  2.9956e-01  0:00:07   45
   556  1.5300e-04  1.1719e-08  5.2846e-09  5.0908e-08  3.7634e-06 -1.3406e-01  1.9085e-02  2.9959e-01  0:00:06   44
   557  1.4417e-04  1.1112e-08  4.6927e-09  4.8272e-08  3.3866e-06 -1.3408e-01  1.9091e-02  2.9966e-01  0:00:04   43
   558  1.3614e-04  1.0607e-08  4.2489e-09  4.6631e-08  3.0197e-06 -1.3410e-01  1.9098e-02  2.9978e-01  0:00:12   42
   559  1.2891e-04  1.0206e-08  3.9956e-09  4.5396e-08  2.6709e-06 -1.3412e-01  1.9105e-02  2.9991e-01  0:00:09   41
   560  1.2241e-04  9.8331e-09  3.9133e-09  4.4156e-08  2.3549e-06 -1.3413e-01  1.9111e-02  3.0006e-01  0:00:07   40

  iter  continuity  x-velocity  y-velocity      energy         nut          mz          cx          cy     time/iter
   561  1.1634e-04  9.4516e-09  3.9337e-09  4.2821e-08  2.0795e-06 -1.3415e-01  1.9117e-02  3.0022e-01  0:00:06   39
   562  1.1100e-04  9.0519e-09  4.0183e-09  4.1326e-08  1.8510e-06 -1.3416e-01  1.9122e-02  3.0037e-01  0:00:12   38
   563  1.0608e-04  8.6281e-09  4.0196e-09  3.9518e-08  1.6812e-06 -1.3417e-01  1.9126e-02  3.0050e-01  0:00:09   37
   564  1.0156e-04  8.1705e-09  3.9284e-09  3.7400e-08  1.5700e-06 -1.3417e-01  1.9128e-02  3.0061e-01  0:00:07   36
   565  9.6888e-05  7.7090e-09  3.7349e-09  3.5252e-08  1.5105e-06 -1.3417e-01  1.9130e-02  3.0070e-01  0:00:06   35
   566  9.2258e-05  7.3316e-09  3.4690e-09  3.3171e-08  1.4579e-06 -1.3416e-01  1.9130e-02  3.0076e-01  0:00:04   34
   567  8.7719e-05  7.0077e-09  3.1412e-09  3.1183e-08  1.4038e-06 -1.3415e-01  1.9129e-02  3.0078e-01  0:00:03   33
   568  8.3160e-05  6.7094e-09  2.7868e-09  2.9484e-08  1.3193e-06 -1.3414e-01  1.9127e-02  3.0077e-01  0:00:09   32
   569  7.9066e-05  6.4277e-09  2.4447e-09  2.8013e-08  1.2106e-06 -1.3413e-01  1.9125e-02  3.0074e-01  0:00:07   31
   570  7.5606e-05  6.1399e-09  2.2146e-09  2.6946e-08  1.0976e-06 -1.3411e-01  1.9123e-02  3.0068e-01  0:00:05   30
   571  7.2654e-05  5.8799e-09  2.1095e-09  2.5965e-08  1.0141e-06 -1.3410e-01  1.9120e-02  3.0061e-01  0:00:04   29

  iter  continuity  x-velocity  y-velocity      energy         nut          mz          cx          cy     time/iter
   572  7.0028e-05  5.6399e-09  2.0655e-09  2.5008e-08  9.9909e-07 -1.3409e-01  1.9118e-02  3.0053e-01  0:00:03   28
   573  6.7552e-05  5.3789e-09  2.0740e-09  2.4025e-08  9.9699e-07 -1.3408e-01  1.9116e-02  3.0045e-01  0:00:03   27
   574  6.5004e-05  5.0957e-09  2.1029e-09  2.2935e-08  9.9152e-07 -1.3408e-01  1.9114e-02  3.0037e-01  0:00:02   26
   575  6.2270e-05  4.7887e-09  2.0966e-09  2.1752e-08  9.7207e-07 -1.3407e-01  1.9113e-02  3.0031e-01  0:00:06   25
   576  5.9551e-05  4.4824e-09  2.0479e-09  2.0560e-08  9.3447e-07 -1.3407e-01  1.9113e-02  3.0026e-01  0:00:05   24
   577  5.6656e-05  4.2694e-09  1.9523e-09  1.9033e-08  8.7208e-07 -1.3407e-01  1.9113e-02  3.0023e-01  0:00:04   23
   578  5.3719e-05  4.0640e-09  1.7851e-09  1.7862e-08  8.0666e-07 -1.3408e-01  1.9112e-02  3.0021e-01  0:00:03   22
   579  5.0971e-05  3.9172e-09  1.6249e-09  1.6948e-08  7.3800e-07 -1.3408e-01  1.9113e-02  3.0019e-01  0:00:02   21
   580  4.8426e-05  3.7854e-09  1.4609e-09  1.6468e-08  6.7945e-07 -1.3409e-01  1.9114e-02  3.0019e-01  0:00:02   20
   581  4.5686e-05  3.6720e-09  1.3200e-09  1.5912e-08  6.1839e-07 -1.3410e-01  1.9115e-02  3.0021e-01  0:00:05   19
   582  4.3436e-05  3.5245e-09  1.2212e-09  1.5368e-08  5.7337e-07 -1.3410e-01  1.9116e-02  3.0024e-01  0:00:04   18

  iter  continuity  x-velocity  y-velocity      energy         nut          mz          cx          cy     time/iter
   583  4.1827e-05  3.3695e-09  1.2139e-09  1.4818e-08  5.5419e-07 -1.3411e-01  1.9118e-02  3.0028e-01  0:00:03   17
   584  4.0461e-05  3.2125e-09  1.2203e-09  1.4271e-08  5.5902e-07 -1.3412e-01  1.9119e-02  3.0032e-01  0:00:02   16
   585  3.9161e-05  3.0434e-09  1.2464e-09  1.3691e-08  5.7800e-07 -1.3413e-01  1.9120e-02  3.0037e-01  0:00:02   15
   586  3.7797e-05  2.8675e-09  1.2630e-09  1.3131e-08  6.0477e-07 -1.3414e-01  1.9120e-02  3.0041e-01  0:00:01   14
   587  3.6297e-05  2.7064e-09  1.2445e-09  1.2619e-08  6.3626e-07 -1.3414e-01  1.9121e-02  3.0045e-01  0:00:01   13
   588  3.4795e-05  2.5710e-09  1.1934e-09  1.2087e-08  6.7260e-07 -1.3414e-01  1.9121e-02  3.0048e-01  0:00:03   12
   589  3.3288e-05  2.4635e-09  1.1209e-09  1.1478e-08  7.0100e-07 -1.3414e-01  1.9121e-02  3.0050e-01  0:00:02   11
   590  3.1815e-05  2.3782e-09  1.0453e-09  1.0862e-08  7.1825e-07 -1.3414e-01  1.9120e-02  3.0052e-01  0:00:02   10
   591  3.0356e-05  2.3080e-09  9.5754e-10  1.0295e-08  7.2626e-07 -1.3414e-01  1.9120e-02  3.0052e-01  0:00:01    9
   592  2.9007e-05  2.2513e-09  8.6003e-10  9.8170e-09  7.2373e-07 -1.3414e-01  1.9119e-02  3.0052e-01  0:00:02    8
   593  2.7655e-05  2.1872e-09  7.6910e-10  9.4140e-09  7.1146e-07 -1.3414e-01  1.9119e-02  3.0051e-01  0:00:02    7

  iter  continuity  x-velocity  y-velocity      energy         nut          mz          cx          cy     time/iter
   594  2.6430e-05  2.1085e-09  7.1333e-10  9.0757e-09  6.9014e-07 -1.3413e-01  1.9118e-02  3.0049e-01  0:00:01    6
   595  2.5550e-05  2.0169e-09  7.0489e-10  8.7290e-09  6.5987e-07 -1.3413e-01  1.9118e-02  3.0048e-01  0:00:01    5
   596  2.4753e-05  1.9168e-09  7.0103e-10  8.3442e-09  6.2136e-07 -1.3413e-01  1.9118e-02  3.0046e-01  0:00:00    4
   597  2.3975e-05  1.8059e-09  6.8887e-10  7.7981e-09  5.7289e-07 -1.3413e-01  1.9117e-02  3.0045e-01  0:00:00    3
   598  2.3204e-05  1.6786e-09  6.6373e-10  7.3543e-09  5.1940e-07 -1.3413e-01  1.9117e-02  3.0043e-01  0:00:00    2
   599  2.2357e-05  1.5683e-09  6.3832e-10  7.0048e-09  4.6101e-07 -1.3413e-01  1.9117e-02  3.0042e-01  0:00:00    1
   600  2.1455e-05  1.4771e-09  6.0687e-10  6.6933e-09  4.0085e-07 -1.3413e-01  1.9118e-02  3.0042e-01  0:00:00    0

Writing Settings file "C:\Users\vova1\AppData\Local\Temp\7"...
	writing rp variables ... Done.
	writing domain variables ... Done.
	writing solid (type fluid) (mixture) ... Done.
	writing inlet (type pressure-far-field) (mixture) ... Done.
	writing int_solid (type interior) (mixture) ... Done.
	writing wall (type wall) (mixture) ... Done.
	writing outlet (type pressure-outlet) (mixture) ... Done.
	writing zones map name-id ... Done.
Multicore SMT processors detected. Processor affinity set!
Reading "e:\tsagi_dipl\Diploma_bac\optimisation_working_folder\geom.msh"...
Buffering for file scan...


       Clearing partially read grid.
   71320 nodes.
   70807 quadrilateral cells, zone  7.
  141101 2D interior faces, zone  8.
     261 2D wall faces, zone  9.
     451 2D velocity-inlet faces, zone 10.
     314 2D pressure-outlet faces, zone 11.

Building...
     mesh
	auto partitioning mesh by Metis (fast),
	distributing mesh
		parts..........,
		faces..........,
		nodes..........,
		cells..........,
        bandwidth reduction using Reverse Cuthill-McKee: 5341/98 = 54.5
     materials,
     interface,
     domains,
     zones,
	outlet
	inlet
	wall
	int_solid
	solid
     parallel,
Done.
 Setting zone id of solid to 7.
 Setting zone id of int_solid to 8.
 Setting zone id of wall to 9.
 Setting zone id of inlet to 10.
 Setting zone id of outlet to 11.
Done.

Setting solid (mixture) ... Done.
Setting inlet (mixture) (zone type changed to pressure-far-field) ... Done.
Setting int_solid (mixture) ... Done.
Setting wall (mixture) ... Done.
Setting outlet (mixture) ... Done.



Following contexts active in the case file have been de-activated because of their current context control conditions:
"coupled-pseudo-transient"

Initialize using the hybrid initialization method.

Checking case topology... 
-This case combines farfield, inlets and outlets 
-Pressure information is available at the boundaries

	iter		scalar-0		scalar-1

        Stabilizing ads-0 to enhance linear solver robustness.
	1		1.000000e+00	1.000000e+00
	2		6.994122e-08	1.995815e-16
        Stabilizing ads-1 to enhance linear solver robustness.
	3		7.638377e-08	1.435180e-16
        Stabilizing ads-1 to enhance linear solver robustness.
	4		5.620389e-08	9.641245e-17
        Stabilizing ads-1 to enhance linear solver robustness.
	5		4.631159e-08	1.330068e-16
        Stabilizing ads-1 to enhance linear solver robustness.
	6		3.970802e-08	1.204354e-16
        Stabilizing ads-1 to enhance linear solver robustness.
	7		3.452801e-08	1.061802e-16
	8		3.085833e-08	1.059434e-16
	9		2.809334e-08	1.472525e-16
        Stabilizing ads-1 to enhance linear solver robustness.
	10		2.601099e-08	1.430242e-16

Hybrid initialization is done.

  iter  continuity  x-velocity  y-velocity      energy         nut          mz          cx          cy     time/iter
     1  1.0000e+00  2.6979e-04  2.6154e-04  2.8468e-04  2.5673e-03  2.6144e-01  4.4993e-01 -5.5781e-01  0:00:00   99
     2  6.9069e-01  2.1230e-04  2.1028e-04  2.4656e-04  1.4787e-03  4.1757e-01  1.8969e-01 -1.1201e+00  0:03:16   98
     3  4.5648e-01  1.7322e-04  1.4838e-04  2.5061e-04  1.1322e-03  3.6190e-01  7.0542e-02 -1.0205e+00  0:02:55   97
     4  3.0597e-01  1.6281e-04  1.3463e-04  2.2812e-04  1.0477e-03  3.3709e-01  5.4419e-03 -9.5770e-01  0:02:18   96
     5  2.3768e-01  1.4880e-04  1.2089e-04  1.6390e-04  2.1046e-04  3.1706e-01 -2.8825e-02 -8.9984e-01  0:01:49   95
     6  2.0805e-01  1.1832e-04  8.1428e-05  1.0647e-04  9.7383e-05  2.9764e-01 -4.2390e-02 -8.4830e-01  0:01:27   94
     7  2.0195e-01  8.7499e-05  4.6359e-05  7.0807e-05  7.8673e-05  2.7936e-01 -4.5016e-02 -8.0381e-01  0:01:09   93
     8  2.0616e-01  6.3488e-05  2.5596e-05  4.9020e-05  6.9329e-05  2.6033e-01 -4.1317e-02 -7.6544e-01  0:00:54   92
     9  2.0749e-01  4.4362e-05  1.3411e-05  3.4462e-05  5.4527e-05  2.3830e-01 -3.3984e-02 -7.2856e-01  0:01:01   91
    10  1.9527e-01  3.0347e-05  7.4819e-06  2.5022e-05  4.1427e-05  2.1598e-01 -2.6242e-02 -7.0703e-01  0:00:48   90
    11  1.8722e-01  2.0715e-05  5.3723e-06  1.8762e-05  3.2511e-05  1.8757e-01 -2.0023e-02 -6.7461e-01  0:00:38   89

  iter  continuity  x-velocity  y-velocity      energy         nut          mz          cx          cy     time/iter
    12  1.7215e-01  1.4121e-05  4.5554e-06  1.4569e-05  2.6380e-05  1.4747e-01 -1.7259e-02 -6.0278e-01  0:00:30   88
    13  1.5445e-01  9.6207e-06  4.2083e-06  1.2052e-05  2.2318e-05  1.0027e-01 -1.5404e-02 -4.9993e-01  0:00:24   87
    14  1.3534e-01  7.5209e-06  3.9330e-06  1.0552e-05  1.9597e-05  5.8748e-02 -1.3288e-02 -4.0025e-01  0:00:19   86
    15  1.1524e-01  6.3340e-06  3.6603e-06  9.5335e-06  1.7877e-05  2.9547e-02 -1.0079e-02 -3.2210e-01  0:00:32   85
    16  1.0324e-01  5.5928e-06  3.3946e-06  8.8846e-06  1.7067e-05  8.8884e-03 -6.6321e-03 -2.6474e-01  0:00:25   84
    17  9.9389e-02  5.0842e-06  3.1936e-06  8.3951e-06  1.7307e-05 -9.5108e-03 -2.6279e-03 -2.1729e-01  0:00:20   83
    18  9.4082e-02  4.7056e-06  3.0181e-06  7.9102e-06  1.8260e-05 -2.5790e-02  1.0802e-03 -1.7767e-01  0:00:16   82
    19  9.0219e-02  4.4304e-06  2.8429e-06  7.5302e-06  1.9697e-05 -3.9070e-02  3.8487e-03 -1.3998e-01  0:00:12   81
    20  8.3595e-02  4.2515e-06  2.6300e-06  7.1632e-06  2.1181e-05 -4.8185e-02  5.9074e-03 -1.1038e-01  0:00:10   80
    21  7.7032e-02  4.1047e-06  2.4427e-06  6.7476e-06  2.3207e-05 -5.5176e-02  7.4433e-03 -8.2179e-02  0:00:24   79
    22  7.3238e-02  3.9719e-06  2.2097e-06  6.3145e-06  2.4236e-05 -6.0565e-02  8.4914e-03 -5.3852e-02  0:00:19   78

  iter  continuity  x-velocity  y-velocity      energy         nut          mz          cx          cy     time/iter
    23  7.0456e-02  3.7257e-06  1.9481e-06  5.9367e-06  2.3551e-05 -6.8602e-02  9.1553e-03 -5.3777e-03  0:00:15   77
    24  6.7091e-02  3.4532e-06  1.6876e-06  5.6657e-06  2.2125e-05 -8.2548e-02  1.0236e-02  7.5105e-02  0:00:12   76
    25  6.4296e-02  3.1560e-06  1.4811e-06  5.4123e-06  2.0801e-05 -9.5527e-02  1.1569e-02  1.6837e-01  0:00:24   75
    26  6.1245e-02  2.9319e-06  1.3222e-06  5.1299e-06  2.0607e-05 -1.0245e-01  1.2599e-02  2.4267e-01  0:00:19   74
    27  5.7573e-02  2.7629e-06  1.1946e-06  4.9366e-06  2.1706e-05 -1.0725e-01  1.3365e-02  3.0118e-01  0:00:15   73
    28  5.4351e-02  2.6502e-06  1.1221e-06  4.9024e-06  2.3894e-05 -1.1204e-01  1.4140e-02  3.5246e-01  0:00:12   72
    29  5.0724e-02  2.5017e-06  1.0734e-06  4.8316e-06  2.5069e-05 -1.1660e-01  1.4821e-02  3.9636e-01  0:00:09   71
    30  4.6570e-02  2.3447e-06  1.0469e-06  4.8517e-06  2.5886e-05 -1.2027e-01  1.5485e-02  4.3137e-01  0:00:21   70
    31  4.2452e-02  2.2040e-06  1.0424e-06  4.9031e-06  2.5834e-05 -1.2318e-01  1.6122e-02  4.5832e-01  0:00:17   69
    32  3.8967e-02  2.0729e-06  1.0382e-06  4.8799e-06  2.5222e-05 -1.2562e-01  1.6780e-02  4.7910e-01  0:00:13   68
    33  3.6136e-02  1.9363e-06  1.0300e-06  4.7592e-06  2.4013e-05 -1.2785e-01  1.7437e-02  4.9518e-01  0:00:10   67

  iter  continuity  x-velocity  y-velocity      energy         nut          mz          cx          cy     time/iter
    34  3.3656e-02  1.8202e-06  1.0137e-06  4.5832e-06  2.2163e-05 -1.2978e-01  1.8017e-02  5.0751e-01  0:00:08   66
    35  3.1343e-02  1.7093e-06  9.9268e-07  4.3771e-06  2.0482e-05 -1.3144e-01  1.8564e-02  5.1665e-01  0:00:20   65
    36  2.9202e-02  1.6259e-06  9.7236e-07  4.1553e-06  1.8829e-05 -1.3284e-01  1.9030e-02  5.2310e-01  0:00:15   64
    37  2.7305e-02  1.5590e-06  9.4679e-07  3.9371e-06  1.7380e-05 -1.3387e-01  1.9395e-02  5.2716e-01  0:00:12   63
    38  2.5437e-02  1.5070e-06  9.1880e-07  3.7318e-06  1.6415e-05 -1.3457e-01  1.9665e-02  5.2923e-01  0:00:10   62
    39  2.3614e-02  1.4743e-06  8.9181e-07  3.5448e-06  1.5129e-05 -1.3501e-01  1.9858e-02  5.2986e-01  0:00:07   61
    40  2.1853e-02  1.4567e-06  8.6672e-07  3.3865e-06  1.4116e-05 -1.3527e-01  1.9992e-02  5.2952e-01  0:00:18   60
    41  2.0234e-02  1.4441e-06  8.4116e-07  3.2518e-06  1.2618e-05 -1.3542e-01  2.0091e-02  5.2874e-01  0:00:14   59
    42  1.8791e-02  1.4322e-06  8.1532e-07  3.1306e-06  1.1373e-05 -1.3548e-01  2.0157e-02  5.2762e-01  0:00:11   58
    43  1.7398e-02  1.4161e-06  7.8686e-07  3.0180e-06  1.0126e-05 -1.3554e-01  2.0213e-02  5.2653e-01  0:00:09   57
    44  1.6226e-02  1.3978e-06  7.6071e-07  2.9150e-06  9.1193e-06 -1.3560e-01  2.0261e-02  5.2561e-01  0:00:07   56

  iter  continuity  x-velocity  y-velocity      energy         nut          mz          cx          cy     time/iter
    45  1.5137e-02  1.3711e-06  7.3427e-07  2.8028e-06  7.8434e-06 -1.3568e-01  2.0308e-02  5.2493e-01  0:00:05   55
    46  1.4148e-02  1.3358e-06  7.0536e-07  2.6928e-06  6.7738e-06 -1.3579e-01  2.0359e-02  5.2453e-01  0:00:15   54
    47  1.3249e-02  1.2929e-06  6.7953e-07  2.5783e-06  5.7380e-06 -1.3592e-01  2.0415e-02  5.2439e-01  0:00:12   53
    48  1.2469e-02  1.2496e-06  6.5356e-07  2.4671e-06  4.7953e-06 -1.3608e-01  2.0480e-02  5.2442e-01  0:00:09   52
    49  1.1826e-02  1.2096e-06  6.2815e-07  2.3561e-06  4.0512e-06 -1.3626e-01  2.0552e-02  5.2465e-01  0:00:07   51
    50  1.1237e-02  1.1733e-06  6.0516e-07  2.2549e-06  3.5266e-06 -1.3644e-01  2.0630e-02  5.2501e-01  0:00:16   50
    51  1.0638e-02  1.1322e-06  5.8251e-07  2.1539e-06  3.0731e-06 -1.3663e-01  2.0712e-02  5.2543e-01  0:00:12   49
    52  1.0022e-02  1.0897e-06  5.5955e-07  2.0570e-06  2.6756e-06 -1.3684e-01  2.0800e-02  5.2596e-01  0:00:10   48
    53  9.4190e-03  1.0494e-06  5.3695e-07  1.9640e-06  2.3271e-06 -1.3707e-01  2.0895e-02  5.2660e-01  0:00:08   47
    54  8.9041e-03  1.0100e-06  5.1409e-07  1.8757e-06  2.0470e-06 -1.3731e-01  2.0992e-02  5.2722e-01  0:00:06   46
    55  8.4332e-03  9.7051e-07  4.9291e-07  1.7947e-06  1.8041e-06 -1.3755e-01  2.1094e-02  5.2785e-01  0:00:14   45

  iter  continuity  x-velocity  y-velocity      energy         nut          mz          cx          cy     time/iter
    56  7.9927e-03  9.3012e-07  4.7056e-07  1.7195e-06  1.5909e-06 -1.3781e-01  2.1199e-02  5.2849e-01  0:00:11   44
    57  7.5726e-03  8.9183e-07  4.5119e-07  1.6506e-06  1.4051e-06 -1.3804e-01  2.1299e-02  5.2902e-01  0:00:08   43
    58  7.1859e-03  8.5671e-07  4.3149e-07  1.5878e-06  1.2799e-06 -1.3831e-01  2.1407e-02  5.2966e-01  0:00:07   42
    59  6.8105e-03  8.2398e-07  4.1329e-07  1.5288e-06  1.1560e-06 -1.3857e-01  2.1512e-02  5.3019e-01  0:00:05   41
    60  6.5011e-03  7.9364e-07  3.9214e-07  1.4767e-06  1.0709e-06 -1.3885e-01  2.1620e-02  5.3080e-01  0:00:04   40
    61  6.2054e-03  7.6404e-07  3.7341e-07  1.4250e-06  9.7586e-07 -1.3910e-01  2.1721e-02  5.3126e-01  0:00:11   39
    62  5.9446e-03  7.3267e-07  3.5464e-07  1.3732e-06  8.9650e-07 -1.3934e-01  2.1822e-02  5.3167e-01  0:00:08   38
    63  5.6960e-03  7.0162e-07  3.3806e-07  1.3230e-06  8.2983e-07 -1.3958e-01  2.1920e-02  5.3205e-01  0:00:07   37
    64  5.4717e-03  6.7290e-07  3.2152e-07  1.2758e-06  7.6796e-07 -1.3981e-01  2.2014e-02  5.3242e-01  0:00:05   36
    65  5.2482e-03  6.4418e-07  3.0651e-07  1.2294e-06  7.1186e-07 -1.4004e-01  2.2104e-02  5.3273e-01  0:00:04   35
    66  5.0256e-03  6.1478e-07  2.9093e-07  1.1856e-06  6.6161e-07 -1.4025e-01  2.2189e-02  5.3299e-01  0:00:03   34

  iter  continuity  x-velocity  y-velocity      energy         nut          mz          cx          cy     time/iter
    67  4.8228e-03  5.8553e-07  2.7690e-07  1.1419e-06  6.1941e-07 -1.4043e-01  2.2266e-02  5.3318e-01  0:00:09   33
    68  4.6286e-03  5.5693e-07  2.6363e-07  1.0971e-06  5.9145e-07 -1.4060e-01  2.2339e-02  5.3329e-01  0:00:07   32
    69  4.4441e-03  5.2903e-07  2.5075e-07  1.0517e-06  5.6695e-07 -1.4076e-01  2.2406e-02  5.3333e-01  0:00:05   31
    70  4.2578e-03  5.0168e-07  2.3795e-07  1.0071e-06  5.5531e-07 -1.4090e-01  2.2470e-02  5.3333e-01  0:00:04   30
    71  4.0764e-03  4.7505e-07  2.2597e-07  9.6278e-07  5.6563e-07 -1.4104e-01  2.2531e-02  5.3333e-01  0:00:03   29
    72  3.9065e-03  4.4884e-07  2.1481e-07  9.1955e-07  5.9525e-07 -1.4117e-01  2.2589e-02  5.3332e-01  0:00:08   28
    73  3.7398e-03  4.2414e-07  2.0396e-07  8.7686e-07  6.4415e-07 -1.4129e-01  2.2645e-02  5.3330e-01  0:00:06   27
    74  3.5781e-03  4.0094e-07  1.9275e-07  8.3499e-07  7.1239e-07 -1.4141e-01  2.2698e-02  5.3328e-01  0:00:05   26
    75  3.4197e-03  3.7817e-07  1.8223e-07  7.9514e-07  7.6025e-07 -1.4152e-01  2.2747e-02  5.3326e-01  0:00:04   25
    76  3.2646e-03  3.5654e-07  1.7287e-07  7.5678e-07  7.8754e-07 -1.4163e-01  2.2795e-02  5.3323e-01  0:00:03   24
    77  3.1130e-03  3.3612e-07  1.6400e-07  7.1992e-07  7.8901e-07 -1.4172e-01  2.2839e-02  5.3320e-01  0:00:02   23

  iter  continuity  x-velocity  y-velocity      energy         nut          mz          cx          cy     time/iter
    78  2.9639e-03  3.1657e-07  1.5551e-07  6.8383e-07  7.8234e-07 -1.4182e-01  2.2882e-02  5.3318e-01  0:00:06   22
    79  2.8215e-03  2.9822e-07  1.4746e-07  6.4873e-07  7.7406e-07 -1.4191e-01  2.2923e-02  5.3316e-01  0:00:05   21
    80  2.6825e-03  2.8067e-07  1.3981e-07  6.1556e-07  7.7408e-07 -1.4200e-01  2.2962e-02  5.3315e-01  0:00:04   20
    81  2.5475e-03  2.6384e-07  1.3281e-07  5.8321e-07  7.8400e-07 -1.4208e-01  2.2999e-02  5.3314e-01  0:00:03   19
    82  2.4174e-03  2.4788e-07  1.2595e-07  5.5240e-07  7.9201e-07 -1.4216e-01  2.3034e-02  5.3312e-01  0:00:06   18
    83  2.2948e-03  2.3269e-07  1.1975e-07  5.2235e-07  8.0249e-07 -1.4224e-01  2.3067e-02  5.3313e-01  0:00:04   17
    84  2.1772e-03  2.1870e-07  1.1393e-07  4.9383e-07  8.1118e-07 -1.4230e-01  2.3097e-02  5.3311e-01  0:00:03   16
    85  2.0698e-03  2.0520e-07  1.0764e-07  4.6713e-07  8.1781e-07 -1.4236e-01  2.3125e-02  5.3309e-01  0:00:02   15
    86  1.9732e-03  1.9239e-07  1.0100e-07  4.4157e-07  8.2073e-07 -1.4242e-01  2.3152e-02  5.3306e-01  0:00:02   14
    87  1.8675e-03  1.8048e-07  9.4494e-08  4.1782e-07  8.2741e-07 -1.4248e-01  2.3177e-02  5.3303e-01  0:00:01   13
    88  1.7678e-03  1.6939e-07  8.9007e-08  3.9427e-07  8.3129e-07 -1.4253e-01  2.3199e-02  5.3299e-01  0:00:03   12

  iter  continuity  x-velocity  y-velocity      energy         nut          mz          cx          cy     time/iter
    89  1.6739e-03  1.5884e-07  8.3537e-08  3.7211e-07  8.3145e-07 -1.4257e-01  2.3220e-02  5.3294e-01  0:00:02   11
    90  1.5871e-03  1.4881e-07  7.8556e-08  3.5122e-07  8.2623e-07 -1.4261e-01  2.3239e-02  5.3288e-01  0:00:02   10
    91  1.5029e-03  1.3963e-07  7.4190e-08  3.3093e-07  8.1481e-07 -1.4265e-01  2.3256e-02  5.3282e-01  0:00:01    9
    92  1.4208e-03  1.3097e-07  6.9752e-08  3.1167e-07  7.9045e-07 -1.4268e-01  2.3272e-02  5.3275e-01  0:00:01    8
    93  1.3463e-03  1.2291e-07  6.5665e-08  2.9360e-07  7.6973e-07 -1.4271e-01  2.3286e-02  5.3267e-01  0:00:01    7
    94  1.2752e-03  1.1552e-07  6.2147e-08  2.7658e-07  7.4669e-07 -1.4273e-01  2.3299e-02  5.3259e-01  0:00:02    6
    95  1.2093e-03  1.0844e-07  5.8519e-08  2.6042e-07  7.2301e-07 -1.4275e-01  2.3311e-02  5.3251e-01  0:00:01    5
    96  1.1476e-03  1.0178e-07  5.5196e-08  2.4500e-07  7.1483e-07 -1.4277e-01  2.3320e-02  5.3242e-01  0:00:01    4
    97  1.0847e-03  9.5726e-08  5.2291e-08  2.3060e-07  7.1160e-07 -1.4278e-01  2.3329e-02  5.3234e-01  0:00:00    3
    98  1.0264e-03  8.9940e-08  4.9315e-08  2.1729e-07  7.0140e-07 -1.4280e-01  2.3337e-02  5.3226e-01  0:00:00    2
    99  9.7040e-04  8.4641e-08  4.6564e-08  2.0503e-07  6.8515e-07 -1.4281e-01  2.3345e-02  5.3218e-01  0:00:00    1

  iter  continuity  x-velocity  y-velocity      energy         nut          mz          cx          cy     time/iter
   100  9.1506e-04  7.9902e-08  4.4151e-08  1.9338e-07  6.7201e-07 -1.4282e-01  2.3351e-02  5.3212e-01  0:00:00    0

  iter  continuity  x-velocity  y-velocity      energy         nut          mz          cx          cy     time/iter
   100  9.1506e-04  7.9902e-08  4.4151e-08  1.9338e-07  6.7201e-07 -1.4282e-01  2.3351e-02  5.3212e-01  0:00:27  100
   101  8.6453e-04  7.5334e-08  4.1581e-08  1.8252e-07  6.5591e-07 -1.4284e-01  2.3358e-02  5.3206e-01  0:00:22   99
   102  8.1509e-04  7.1156e-08  3.9337e-08  1.7221e-07  6.3766e-07 -1.4285e-01  2.3363e-02  5.3200e-01  0:00:17   98
   103  7.7153e-04  6.7252e-08  3.7113e-08  1.6254e-07  6.1897e-07 -1.4286e-01  2.3369e-02  5.3195e-01  0:00:33   97
   104  7.3181e-04  6.3562e-08  3.5041e-08  1.5362e-07  6.0113e-07 -1.4287e-01  2.3374e-02  5.3191e-01  0:00:26   96
   105  6.9083e-04  6.0222e-08  3.3310e-08  1.4514e-07  5.8268e-07 -1.4288e-01  2.3378e-02  5.3187e-01  0:00:21   95
   106  6.5376e-04  5.6935e-08  3.1707e-08  1.3725e-07  5.5877e-07 -1.4288e-01  2.3383e-02  5.3183e-01  0:00:35   94
   107  6.1886e-04  5.3943e-08  3.0332e-08  1.2999e-07  5.3544e-07 -1.4289e-01  2.3386e-02  5.3180e-01  0:00:28   93
   108  5.8646e-04  5.1259e-08  2.9114e-08  1.2318e-07  5.0625e-07 -1.4290e-01  2.3390e-02  5.3178e-01  0:00:22   92
   109  5.5537e-04  4.8733e-08  2.7669e-08  1.1675e-07  4.8224e-07 -1.4290e-01  2.3394e-02  5.3175e-01  0:00:17   91
   110  5.2714e-04  4.6387e-08  2.6152e-08  1.1062e-07  4.5906e-07 -1.4291e-01  2.3397e-02  5.3173e-01  0:00:14   90

  iter  continuity  x-velocity  y-velocity      energy         nut          mz          cx          cy     time/iter
   111  5.0005e-04  4.4132e-08  2.4828e-08  1.0480e-07  4.3685e-07 -1.4291e-01  2.3400e-02  5.3171e-01  0:00:11   89
   112  4.7418e-04  4.2006e-08  2.3560e-08  9.9565e-08  4.1728e-07 -1.4292e-01  2.3403e-02  5.3170e-01  0:00:26   88
   113  4.5030e-04  3.9962e-08  2.2324e-08  9.4454e-08  3.9892e-07 -1.4292e-01  2.3406e-02  5.3169e-01  0:00:21   87
   114  4.2618e-04  3.7994e-08  2.1056e-08  8.9745e-08  3.8086e-07 -1.4293e-01  2.3408e-02  5.3167e-01  0:00:16   86
   115  4.0450e-04  3.6227e-08  1.9897e-08  8.5396e-08  3.6343e-07 -1.4293e-01  2.3411e-02  5.3166e-01  0:00:13   85
   116  3.8373e-04  3.4552e-08  1.8908e-08  8.1315e-08  3.4616e-07 -1.4294e-01  2.3413e-02  5.3166e-01  0:00:10   84
   117  3.6393e-04  3.2940e-08  1.8001e-08  7.7497e-08  3.3103e-07 -1.4294e-01  2.3415e-02  5.3165e-01  0:00:08   83
   118  3.4528e-04  3.1410e-08  1.7148e-08  7.3801e-08  3.1571e-07 -1.4294e-01  2.3418e-02  5.3165e-01  0:00:23   82
   119  3.2778e-04  2.9963e-08  1.6344e-08  7.0406e-08  3.0132e-07 -1.4295e-01  2.3420e-02  5.3165e-01  0:00:18   81
   120  3.1118e-04  2.8594e-08  1.5554e-08  6.7225e-08  2.8680e-07 -1.4296e-01  2.3423e-02  5.3166e-01  0:00:14   80
   121  2.9612e-04  2.7299e-08  1.4839e-08  6.4179e-08  2.7203e-07 -1.4296e-01  2.3425e-02  5.3166e-01  0:00:11   79

  iter  continuity  x-velocity  y-velocity      energy         nut          mz          cx          cy     time/iter
   122  2.8252e-04  2.6083e-08  1.4136e-08  6.1379e-08  2.5698e-07 -1.4297e-01  2.3427e-02  5.3167e-01  0:00:09   78
   123  2.6934e-04  2.4934e-08  1.3481e-08  5.8687e-08  2.4242e-07 -1.4297e-01  2.3430e-02  5.3168e-01  0:00:07   77
   124  2.5698e-04  2.3839e-08  1.2836e-08  5.6179e-08  2.2878e-07 -1.4298e-01  2.3432e-02  5.3168e-01  0:00:21   76
   125  2.4559e-04  2.2797e-08  1.2259e-08  5.3733e-08  2.1570e-07 -1.4298e-01  2.3434e-02  5.3169e-01  0:00:16   75
   126  2.3461e-04  2.1814e-08  1.1697e-08  5.1452e-08  2.0305e-07 -1.4299e-01  2.3435e-02  5.3169e-01  0:00:13   74
   127  2.2350e-04  2.0872e-08  1.1159e-08  4.9303e-08  1.9098e-07 -1.4299e-01  2.3436e-02  5.3169e-01  0:00:10   73
   128  2.1218e-04  1.9965e-08  1.0638e-08  4.7219e-08  1.7861e-07 -1.4299e-01  2.3437e-02  5.3168e-01  0:00:08   72
   129  2.0110e-04  1.9099e-08  1.0117e-08  4.5185e-08  1.6595e-07 -1.4299e-01  2.3437e-02  5.3167e-01  0:00:06   71
   130  1.9074e-04  1.8271e-08  9.6191e-09  4.3188e-08  1.5337e-07 -1.4298e-01  2.3436e-02  5.3165e-01  0:00:19   70
   131  1.8138e-04  1.7479e-08  9.1646e-09  4.1275e-08  1.4090e-07 -1.4298e-01  2.3436e-02  5.3164e-01  0:00:15   69
   132  1.7307e-04  1.6720e-08  8.7385e-09  3.9457e-08  1.2877e-07 -1.4298e-01  2.3435e-02  5.3162e-01  0:00:12   68

  iter  continuity  x-velocity  y-velocity      energy         nut          mz          cx          cy     time/iter
   133  1.6541e-04  1.5993e-08  8.3386e-09  3.7694e-08  1.1731e-07 -1.4298e-01  2.3434e-02  5.3160e-01  0:00:09   67
   134  1.5834e-04  1.5291e-08  7.9656e-09  3.6020e-08  1.0667e-07 -1.4297e-01  2.3434e-02  5.3159e-01  0:00:21   66
   135  1.5202e-04  1.4615e-08  7.5797e-09  3.4420e-08  9.6640e-08 -1.4297e-01  2.3433e-02  5.3157e-01  0:00:16   65
   136  1.4560e-04  1.3979e-08  7.2714e-09  3.2867e-08  8.6871e-08 -1.4297e-01  2.3432e-02  5.3155e-01  0:00:13   64
   137  1.3895e-04  1.3364e-08  6.8996e-09  3.1386e-08  7.7696e-08 -1.4297e-01  2.3432e-02  5.3154e-01  0:00:10   63
   138  1.3297e-04  1.2785e-08  6.6049e-09  2.9910e-08  6.8815e-08 -1.4296e-01  2.3432e-02  5.3152e-01  0:00:08   62
   139  1.2716e-04  1.2241e-08  6.2763e-09  2.8548e-08  6.0689e-08 -1.4296e-01  2.3432e-02  5.3151e-01  0:00:18   61
   140  1.2225e-04  1.1745e-08  5.9868e-09  2.7267e-08  5.3364e-08 -1.4296e-01  2.3431e-02  5.3149e-01  0:00:14   60
   141  1.1750e-04  1.1290e-08  5.7214e-09  2.6094e-08  4.6720e-08 -1.4296e-01  2.3431e-02  5.3148e-01  0:00:11   59
   142  1.1333e-04  1.0873e-08  5.4763e-09  2.5017e-08  4.0881e-08 -1.4296e-01  2.3432e-02  5.3147e-01  0:00:09   58
   143  1.0904e-04  1.0472e-08  5.2476e-09  2.3994e-08  3.6016e-08 -1.4296e-01  2.3432e-02  5.3146e-01  0:00:07   57

  iter  continuity  x-velocity  y-velocity      energy         nut          mz          cx          cy     time/iter
   144  1.0456e-04  1.0058e-08  5.0286e-09  2.2987e-08  3.2147e-08 -1.4296e-01  2.3432e-02  5.3146e-01  0:00:06   56
   145  1.0040e-04  9.6069e-09  4.8159e-09  2.1950e-08  2.9379e-08 -1.4296e-01  2.3432e-02  5.3145e-01  0:00:15   55
   146  9.5970e-05  9.1481e-09  4.6080e-09  2.0901e-08  2.7634e-08 -1.4296e-01  2.3433e-02  5.3144e-01  0:00:12   54
   147  9.1296e-05  8.6965e-09  4.4087e-09  1.9889e-08  2.6774e-08 -1.4296e-01  2.3433e-02  5.3143e-01  0:00:09   53
   148  8.6860e-05  8.2488e-09  4.2200e-09  1.8893e-08  2.6577e-08 -1.4297e-01  2.3433e-02  5.3142e-01  0:00:07   52
   149  8.2711e-05  7.8188e-09  4.0365e-09  1.7942e-08  2.6717e-08 -1.4297e-01  2.3433e-02  5.3141e-01  0:00:06   51
   150  7.8587e-05  7.4066e-09  3.8581e-09  1.7031e-08  2.7077e-08 -1.4297e-01  2.3434e-02  5.3140e-01  0:00:15   50
   151  7.4620e-05  7.0244e-09  3.7043e-09  1.6169e-08  2.7624e-08 -1.4297e-01  2.3434e-02  5.3140e-01  0:00:11   49
   152  7.0354e-05  6.6536e-09  3.5207e-09  1.5349e-08  2.8315e-08 -1.4297e-01  2.3434e-02  5.3139e-01  0:00:09   48
   153  6.6674e-05  6.3031e-09  3.3429e-09  1.4571e-08  2.8927e-08 -1.4297e-01  2.3434e-02  5.3138e-01  0:00:07   47
   154  6.3355e-05  5.9761e-09  3.1943e-09  1.3830e-08  2.9538e-08 -1.4297e-01  2.3435e-02  5.3137e-01  0:00:05   46

  iter  continuity  x-velocity  y-velocity      energy         nut          mz          cx          cy     time/iter
   155  6.0043e-05  5.6637e-09  3.0258e-09  1.3135e-08  3.0028e-08 -1.4297e-01  2.3435e-02  5.3137e-01  0:00:13   45
   156  5.6980e-05  5.3694e-09  2.8726e-09  1.2475e-08  3.0195e-08 -1.4297e-01  2.3435e-02  5.3136e-01  0:00:10   44
   157  5.4172e-05  5.1005e-09  2.7452e-09  1.1856e-08  3.0056e-08 -1.4297e-01  2.3435e-02  5.3136e-01  0:00:08   43
   158  5.1367e-05  4.8438e-09  2.6018e-09  1.1277e-08  2.9656e-08 -1.4297e-01  2.3436e-02  5.3135e-01  0:00:06   42
   159  4.8944e-05  4.6030e-09  2.4856e-09  1.0741e-08  2.9140e-08 -1.4297e-01  2.3436e-02  5.3135e-01  0:00:05   41
   160  4.6321e-05  4.3726e-09  2.3563e-09  1.0216e-08  2.8559e-08 -1.4297e-01  2.3436e-02  5.3135e-01  0:00:04   40
   161  4.4157e-05  4.1576e-09  2.2522e-09  9.7100e-09  2.7976e-08 -1.4297e-01  2.3436e-02  5.3134e-01  0:00:11   39
   162  4.2006e-05  3.9514e-09  2.1357e-09  9.2419e-09  2.7441e-08 -1.4297e-01  2.3436e-02  5.3134e-01  0:00:08   38
   163  4.0057e-05  3.7584e-09  2.0401e-09  8.7946e-09  2.6929e-08 -1.4297e-01  2.3437e-02  5.3134e-01  0:00:07   37
   164  3.8093e-05  3.5712e-09  1.9341e-09  8.3801e-09  2.6476e-08 -1.4297e-01  2.3437e-02  5.3134e-01  0:00:12   36
   165  3.6330e-05  3.3979e-09  1.8473e-09  7.9783e-09  2.5997e-08 -1.4297e-01  2.3437e-02  5.3134e-01  0:00:10   35

  iter  continuity  x-velocity  y-velocity      energy         nut          mz          cx          cy     time/iter
   166  3.4548e-05  3.2324e-09  1.7498e-09  7.6061e-09  2.5518e-08 -1.4298e-01  2.3438e-02  5.3134e-01  0:00:07   34
   167  3.2971e-05  3.0785e-09  1.6699e-09  7.2456e-09  2.4966e-08 -1.4298e-01  2.3438e-02  5.3134e-01  0:00:06   33
   168  3.1382e-05  2.9313e-09  1.5820e-09  6.9145e-09  2.4376e-08 -1.4298e-01  2.3438e-02  5.3134e-01  0:00:04   32
   169  2.9917e-05  2.7947e-09  1.5105e-09  6.6007e-09  2.3764e-08 -1.4298e-01  2.3438e-02  5.3134e-01  0:00:10   31
   170  2.8462e-05  2.6655e-09  1.4401e-09  6.2963e-09  2.3106e-08 -1.4298e-01  2.3439e-02  5.3134e-01  0:00:07   30
   171  2.7068e-05  2.5400e-09  1.3651e-09  6.0163e-09  2.2421e-08 -1.4298e-01  2.3439e-02  5.3134e-01  0:00:06   29
   172  2.5810e-05  2.4245e-09  1.3044e-09  5.7505e-09  2.1712e-08 -1.4298e-01  2.3439e-02  5.3134e-01  0:00:04   28
   173  2.4568e-05  2.3152e-09  1.2444e-09  5.4894e-09  2.0957e-08 -1.4298e-01  2.3440e-02  5.3134e-01  0:00:03   27
   174  2.3548e-05  2.2087e-09  1.1806e-09  5.2510e-09  2.0055e-08 -1.4298e-01  2.3440e-02  5.3134e-01  0:00:08   26
   175  2.2549e-05  2.1096e-09  1.1289e-09  5.0150e-09  1.9148e-08 -1.4298e-01  2.3440e-02  5.3134e-01  0:00:06   25
   176  2.1613e-05  2.0151e-09  1.0726e-09  4.7975e-09  1.8332e-08 -1.4298e-01  2.3440e-02  5.3135e-01  0:00:05   24

  iter  continuity  x-velocity  y-velocity      energy         nut          mz          cx          cy     time/iter
   177  2.0710e-05  1.9283e-09  1.0269e-09  4.5840e-09  1.7556e-08 -1.4298e-01  2.3441e-02  5.3135e-01  0:00:04   23
   178  1.9839e-05  1.8447e-09  9.7663e-10  4.3888e-09  1.6795e-08 -1.4299e-01  2.3441e-02  5.3135e-01  0:00:03   22
   179  1.9034e-05  1.7733e-09  9.3544e-10  4.2035e-09  1.6067e-08 -1.4299e-01  2.3441e-02  5.3135e-01  0:00:06   21
   180  1.8309e-05  1.7084e-09  8.8946e-10  4.0358e-09  1.5387e-08 -1.4299e-01  2.3441e-02  5.3135e-01  0:00:05   20
   181  1.7670e-05  1.6489e-09  8.4806e-10  3.8873e-09  1.4698e-08 -1.4299e-01  2.3442e-02  5.3135e-01  0:00:04   19
   182  1.7065e-05  1.5972e-09  8.1395e-10  3.7461e-09  1.3979e-08 -1.4299e-01  2.3442e-02  5.3135e-01  0:00:03   18
   183  1.6471e-05  1.5501e-09  7.7497e-10  3.6169e-09  1.3249e-08 -1.4299e-01  2.3442e-02  5.3135e-01  0:00:02   17
   184  1.5956e-05  1.5107e-09  7.3984e-10  3.5013e-09  1.2487e-08 -1.4299e-01  2.3442e-02  5.3136e-01  0:00:05   16
   185  1.5492e-05  1.4775e-09  7.0913e-10  3.3988e-09  1.1697e-08 -1.4299e-01  2.3442e-02  5.3136e-01  0:00:04   15
   186  1.5089e-05  1.4508e-09  6.8163e-10  3.3109e-09  1.0886e-08 -1.4299e-01  2.3443e-02  5.3136e-01  0:00:03   14
   187  1.4778e-05  1.4306e-09  6.5782e-10  3.2321e-09  1.0060e-08 -1.4299e-01  2.3443e-02  5.3136e-01  0:00:02   13

  iter  continuity  x-velocity  y-velocity      energy         nut          mz          cx          cy     time/iter
   188  1.4520e-05  1.4145e-09  6.3593e-10  3.1596e-09  9.2640e-09 -1.4299e-01  2.3443e-02  5.3136e-01  0:00:01   12
   189  1.4294e-05  1.4011e-09  6.1461e-10  3.0936e-09  8.5377e-09 -1.4299e-01  2.3443e-02  5.3136e-01  0:00:03   11
   190  1.4104e-05  1.3892e-09  5.9298e-10  3.0298e-09  7.8934e-09 -1.4299e-01  2.3443e-02  5.3136e-01  0:00:02   10
   191  1.3870e-05  1.3841e-09  5.7430e-10  2.9800e-09  7.3440e-09 -1.4299e-01  2.3444e-02  5.3136e-01  0:00:02    9
   192  1.3673e-05  1.3851e-09  5.5715e-10  2.9342e-09  6.8719e-09 -1.4299e-01  2.3444e-02  5.3136e-01  0:00:01    8
   193  1.3314e-05  1.3483e-09  5.3935e-10  2.8844e-09  6.5444e-09 -1.4299e-01  2.3444e-02  5.3136e-01  0:00:02    7
   194  1.2760e-05  1.2721e-09  5.1696e-10  2.7779e-09  6.2222e-09 -1.4299e-01  2.3444e-02  5.3136e-01  0:00:02    6
   195  1.2151e-05  1.1845e-09  4.9939e-10  2.6117e-09  5.7976e-09 -1.4299e-01  2.3444e-02  5.3136e-01  0:00:01    5
   196  1.1523e-05  1.0994e-09  4.7645e-10  2.4517e-09  5.2674e-09 -1.4299e-01  2.3444e-02  5.3136e-01  0:00:01    4
   197  1.0789e-05  1.0186e-09  4.5366e-10  2.2858e-09  4.8399e-09 -1.4299e-01  2.3444e-02  5.3136e-01  0:00:01    3
   198  1.0019e-05  9.4670e-10  4.2824e-10  2.1372e-09  4.5364e-09 -1.4300e-01  2.3444e-02  5.3136e-01  0:00:01    2

  iter  continuity  x-velocity  y-velocity      energy         nut          mz          cx          cy     time/iter
   199  9.3201e-06  8.8222e-10  4.0312e-10  1.9993e-09  4.3563e-09 -1.4300e-01  2.3445e-02  5.3136e-01  0:00:00    1
   200  8.7080e-06  8.2594e-10  3.7936e-10  1.8784e-09  4.3609e-09 -1.4300e-01  2.3445e-02  5.3136e-01  0:00:00    0

  iter  continuity  x-velocity  y-velocity      energy         nut          mz          cx          cy     time/iter
   200  8.7080e-06  8.2594e-10  3.7936e-10  1.8784e-09  4.3609e-09 -1.4300e-01  2.3445e-02  5.3136e-01  0:00:08   50
   201  2.8503e-02  7.7552e-10  3.5637e-10  1.6992e-06  6.7129e-06 -1.4252e-01  2.3375e-02  5.2729e-01  0:00:07   49
   202  3.0194e-02  5.5904e-07  4.0503e-06  2.0910e-06  2.6728e-05 -1.4115e-01  2.3342e-02  5.1699e-01  0:00:15   48
   203  1.6994e-02  4.0985e-07  4.9578e-06  1.8332e-06  4.9663e-05 -1.3931e-01  2.3230e-02  5.0267e-01  0:00:12   47
   204  9.9260e-03  6.5140e-07  5.2502e-06  1.6789e-06  7.5195e-05 -1.3736e-01  2.2993e-02  4.8666e-01  0:00:09   46
   205  1.1141e-02  7.4620e-07  5.2183e-06  2.0827e-06  1.0247e-04 -1.3546e-01  2.2626e-02  4.7044e-01  0:00:07   45
   206  1.4329e-02  7.6486e-07  4.8533e-06  2.3363e-06  1.2541e-04 -1.3380e-01  2.2186e-02  4.5535e-01  0:00:14   44
   207  1.6463e-02  7.3983e-07  4.2029e-06  2.4247e-06  1.3630e-04 -1.3246e-01  2.1736e-02  4.4214e-01  0:00:11   43
   208  1.5925e-02  6.5588e-07  3.5195e-06  2.3093e-06  1.3067e-04 -1.3150e-01  2.1279e-02  4.3181e-01  0:00:09   42
   209  1.4989e-02  5.4207e-07  2.9795e-06  2.1671e-06  1.1391e-04 -1.3099e-01  2.0897e-02  4.2422e-01  0:00:15   41
   210  1.3730e-02  4.6302e-07  2.3500e-06  2.1502e-06  9.3344e-05 -1.3084e-01  2.0593e-02  4.1912e-01  0:00:12   40

  iter  continuity  x-velocity  y-velocity      energy         nut          mz          cx          cy     time/iter
   211  1.2035e-02  4.6149e-07  1.7178e-06  2.1155e-06  7.3407e-05 -1.3099e-01  2.0399e-02  4.1642e-01  0:00:09   39
   212  1.0282e-02  5.1339e-07  1.1943e-06  2.0484e-06  5.7605e-05 -1.3131e-01  2.0292e-02  4.1578e-01  0:00:07   38
   213  8.4357e-03  5.7828e-07  8.8212e-07  1.9573e-06  4.6449e-05 -1.3183e-01  2.0303e-02  4.1680e-01  0:00:06   37
   214  6.8000e-03  6.2564e-07  8.9893e-07  1.8560e-06  3.8441e-05 -1.3240e-01  2.0380e-02  4.1889e-01  0:00:12   36
   215  5.7705e-03  6.2222e-07  9.6457e-07  1.7274e-06  3.3613e-05 -1.3295e-01  2.0508e-02  4.2169e-01  0:00:09   35
   216  5.0742e-03  5.9271e-07  9.3258e-07  1.5408e-06  3.3202e-05 -1.3348e-01  2.0656e-02  4.2486e-01  0:00:07   34
   217  4.8443e-03  5.2450e-07  8.2598e-07  1.3137e-06  3.4488e-05 -1.3395e-01  2.0820e-02  4.2799e-01  0:00:05   33
   218  4.7089e-03  4.2464e-07  7.0066e-07  1.0904e-06  3.4429e-05 -1.3437e-01  2.0990e-02  4.3095e-01  0:00:04   32
   219  4.3467e-03  3.2161e-07  6.1022e-07  8.9286e-07  3.3245e-05 -1.3474e-01  2.1154e-02  4.3363e-01  0:00:03   31
   220  3.8092e-03  2.2856e-07  5.1519e-07  7.9172e-07  3.0703e-05 -1.3505e-01  2.1298e-02  4.3600e-01  0:00:03   30
   221  3.2043e-03  1.7048e-07  4.1570e-07  7.2595e-07  2.7558e-05 -1.3530e-01  2.1418e-02  4.3801e-01  0:00:08   29

  iter  continuity  x-velocity  y-velocity      energy         nut          mz          cx          cy     time/iter
   222  2.6608e-03  1.8510e-07  3.1970e-07  6.8716e-07  2.4365e-05 -1.3554e-01  2.1534e-02  4.4012e-01  0:00:06   28
   223  2.1696e-03  2.2798e-07  2.4743e-07  6.4805e-07  2.0966e-05 -1.3575e-01  2.1616e-02  4.4174e-01  0:00:05   27
   224  1.9427e-03  2.3184e-07  1.8957e-07  6.1249e-07  1.8246e-05 -1.3590e-01  2.1666e-02  4.4293e-01  0:00:04   26
   225  1.8113e-03  2.3195e-07  1.4066e-07  5.7028e-07  1.6105e-05 -1.3601e-01  2.1699e-02  4.4371e-01  0:00:03   25
   226  1.6643e-03  2.2373e-07  1.0463e-07  5.1822e-07  1.4819e-05 -1.3608e-01  2.1721e-02  4.4409e-01  0:00:02   24
   227  1.5159e-03  1.9681e-07  8.4196e-08  4.5484e-07  1.4113e-05 -1.3609e-01  2.1731e-02  4.4417e-01  0:00:02   23
   228  1.3658e-03  1.6709e-07  7.5698e-08  3.9104e-07  1.3502e-05 -1.3608e-01  2.1734e-02  4.4403e-01  0:00:06   22
   229  1.2191e-03  1.4347e-07  7.3259e-08  3.3514e-07  1.2805e-05 -1.3603e-01  2.1728e-02  4.4375e-01  0:00:04   21
   230  1.0940e-03  1.1828e-07  7.3038e-08  2.8885e-07  1.2115e-05 -1.3597e-01  2.1719e-02  4.4334e-01  0:00:03   20
   231  9.6976e-04  9.5379e-08  6.8960e-08  2.5418e-07  1.1393e-05 -1.3589e-01  2.1707e-02  4.4288e-01  0:00:02   19
   232  8.4787e-04  8.0990e-08  6.3311e-08  2.3208e-07  1.0657e-05 -1.3582e-01  2.1694e-02  4.4245e-01  0:00:02   18

  iter  continuity  x-velocity  y-velocity      energy         nut          mz          cx          cy     time/iter
   233  7.4018e-04  7.2994e-08  5.6224e-08  2.1484e-07  9.8908e-06 -1.3576e-01  2.1683e-02  4.4210e-01  0:00:01   17
   234  6.6794e-04  6.7528e-08  4.9205e-08  1.9804e-07  9.1038e-06 -1.3571e-01  2.1675e-02  4.4185e-01  0:00:04   16
   235  6.1583e-04  6.3261e-08  4.2760e-08  1.8037e-07  8.3318e-06 -1.3569e-01  2.1673e-02  4.4173e-01  0:00:03   15
   236  5.6832e-04  5.7031e-08  3.7854e-08  1.6342e-07  7.4901e-06 -1.3570e-01  2.1675e-02  4.4176e-01  0:00:02   14
   237  5.4409e-04  5.1854e-08  3.3850e-08  1.5022e-07  6.8943e-06 -1.3573e-01  2.1683e-02  4.4194e-01  0:00:02   13
   238  5.2421e-04  4.7322e-08  3.0260e-08  1.4185e-07  6.5403e-06 -1.3578e-01  2.1695e-02  4.4222e-01  0:00:04   12
   239  4.8886e-04  4.4223e-08  2.6605e-08  1.3537e-07  6.4892e-06 -1.3584e-01  2.1709e-02  4.4257e-01  0:00:03   11
   240  4.5362e-04  4.1200e-08  2.3322e-08  1.3019e-07  6.4536e-06 -1.3591e-01  2.1724e-02  4.4293e-01  0:00:02   10
   241  4.2380e-04  3.8574e-08  2.0290e-08  1.2501e-07  6.5830e-06 -1.3596e-01  2.1737e-02  4.4327e-01  0:00:01    9
   242  3.9140e-04  3.6573e-08  1.7687e-08  1.1963e-07  6.5386e-06 -1.3601e-01  2.1749e-02  4.4356e-01  0:00:01    8
   243  3.7138e-04  3.5005e-08  1.5569e-08  1.1457e-07  6.4317e-06 -1.3605e-01  2.1759e-02  4.4380e-01  0:00:01    7

  iter  continuity  x-velocity  y-velocity      energy         nut          mz          cx          cy     time/iter
   244  3.4528e-04  3.3342e-08  1.3880e-08  1.0898e-07  6.2816e-06 -1.3608e-01  2.1768e-02  4.4398e-01  0:00:00    6
   245  3.2269e-04  3.1478e-08  1.2463e-08  1.0308e-07  6.2093e-06 -1.3611e-01  2.1775e-02  4.4411e-01  0:00:01    5
   246  3.0297e-04  2.9613e-08  1.1188e-08  9.6416e-08  5.9659e-06 -1.3613e-01  2.1779e-02  4.4417e-01  0:00:01    4
   247  2.8376e-04  2.7523e-08  9.9929e-09  8.9629e-08  5.8904e-06 -1.3613e-01  2.1782e-02  4.4418e-01  0:00:01    3
   248  2.6467e-04  2.5428e-08  8.9835e-09  8.3238e-08  5.7478e-06 -1.3614e-01  2.1784e-02  4.4415e-01  0:00:00    2
   249  2.4909e-04  2.3339e-08  8.1493e-09  7.7420e-08  5.4825e-06 -1.3614e-01  2.1785e-02  4.4410e-01  0:00:00    1
   250  2.3591e-04  2.1326e-08  7.5411e-09  7.2842e-08  5.2533e-06 -1.3613e-01  2.1786e-02  4.4403e-01  0:00:00    0

  iter  continuity  x-velocity  y-velocity      energy         nut          mz          cx          cy     time/iter
   250  2.3591e-04  2.1326e-08  7.5411e-09  7.2842e-08  5.2533e-06 -1.3613e-01  2.1786e-02  4.4403e-01  0:00:04   50
   251  2.2382e-04  1.9419e-08  7.1032e-09  6.8455e-08  5.0066e-06 -1.3613e-01  2.1788e-02  4.4397e-01  0:00:03   49
   252  2.1125e-04  1.7596e-08  6.6484e-09  6.4204e-08  4.7787e-06 -1.3613e-01  2.1791e-02  4.4392e-01  0:00:03   48
   253  1.9825e-04  1.6107e-08  6.1552e-09  5.9974e-08  4.5994e-06 -1.3614e-01  2.1795e-02  4.4390e-01  0:00:02   47
   254  1.8515e-04  1.5019e-08  5.6370e-09  5.5860e-08  4.3877e-06 -1.3615e-01  2.1800e-02  4.4391e-01  0:00:11   46
   255  1.7173e-04  1.4043e-08  5.0883e-09  5.2171e-08  4.2134e-06 -1.3616e-01  2.1806e-02  4.4394e-01  0:00:08   45
   256  1.5919e-04  1.3147e-08  4.5696e-09  4.9283e-08  4.0268e-06 -1.3618e-01  2.1813e-02  4.4401e-01  0:00:07   44
   257  1.4805e-04  1.2376e-08  4.0706e-09  4.6814e-08  3.8473e-06 -1.3620e-01  2.1821e-02  4.4410e-01  0:00:05   43
   258  1.3832e-04  1.1677e-08  3.7020e-09  4.4445e-08  3.6683e-06 -1.3622e-01  2.1829e-02  4.4420e-01  0:00:12   42
   259  1.2963e-04  1.1052e-08  3.4414e-09  4.2401e-08  3.5795e-06 -1.3624e-01  2.1837e-02  4.4432e-01  0:00:10   41
   260  1.2159e-04  1.0465e-08  3.2596e-09  4.0509e-08  3.4852e-06 -1.3626e-01  2.1844e-02  4.4443e-01  0:00:08   40

  iter  continuity  x-velocity  y-velocity      energy         nut          mz          cx          cy     time/iter
   261  1.1376e-04  9.9240e-09  3.1177e-09  3.8483e-08  3.3463e-06 -1.3628e-01  2.1851e-02  4.4454e-01  0:00:06   39
   262  1.0726e-04  9.4191e-09  2.9895e-09  3.6576e-08  3.1706e-06 -1.3630e-01  2.1857e-02  4.4464e-01  0:00:05   38
   263  1.0099e-04  8.9213e-09  2.8697e-09  3.4534e-08  2.9700e-06 -1.3631e-01  2.1862e-02  4.4472e-01  0:00:04   37
   264  9.5251e-05  8.4552e-09  2.7508e-09  3.2561e-08  2.7588e-06 -1.3632e-01  2.1866e-02  4.4479e-01  0:00:10   36
   265  8.9942e-05  8.0011e-09  2.6027e-09  3.0556e-08  2.5439e-06 -1.3633e-01  2.1868e-02  4.4483e-01  0:00:08   35
   266  8.5105e-05  7.5674e-09  2.4285e-09  2.8588e-08  2.3385e-06 -1.3634e-01  2.1869e-02  4.4485e-01  0:00:06   34
   267  8.0583e-05  7.1358e-09  2.2439e-09  2.6716e-08  2.0896e-06 -1.3634e-01  2.1870e-02  4.4485e-01  0:00:05   33
   268  7.6335e-05  6.7388e-09  2.0747e-09  2.5096e-08  1.9023e-06 -1.3634e-01  2.1870e-02  4.4484e-01  0:00:04   32
   269  7.2697e-05  6.3796e-09  1.9488e-09  2.3694e-08  1.7389e-06 -1.3633e-01  2.1870e-02  4.4481e-01  0:00:03   31
   270  6.9300e-05  6.0286e-09  1.8438e-09  2.2484e-08  1.5991e-06 -1.3633e-01  2.1870e-02  4.4478e-01  0:00:08   30
   271  6.6055e-05  5.6898e-09  1.7458e-09  2.1261e-08  1.4806e-06 -1.3633e-01  2.1869e-02  4.4474e-01  0:00:06   29

  iter  continuity  x-velocity  y-velocity      energy         nut          mz          cx          cy     time/iter
   272  6.2757e-05  5.3593e-09  1.6513e-09  2.0175e-08  1.3958e-06 -1.3632e-01  2.1869e-02  4.4470e-01  0:00:05   28
   273  5.9067e-05  5.0336e-09  1.5766e-09  1.9004e-08  1.3324e-06 -1.3632e-01  2.1869e-02  4.4467e-01  0:00:04   27
   274  5.5788e-05  4.6975e-09  1.4888e-09  1.7772e-08  1.2858e-06 -1.3632e-01  2.1869e-02  4.4464e-01  0:00:03   26
   275  5.2500e-05  4.3812e-09  1.3861e-09  1.6545e-08  1.2471e-06 -1.3632e-01  2.1870e-02  4.4463e-01  0:00:07   25
   276  4.9396e-05  4.0896e-09  1.2762e-09  1.5386e-08  1.2092e-06 -1.3632e-01  2.1871e-02  4.4462e-01  0:00:06   24
   277  4.6457e-05  3.8375e-09  1.1654e-09  1.4395e-08  1.1671e-06 -1.3633e-01  2.1872e-02  4.4463e-01  0:00:04   23
   278  4.3685e-05  3.6059e-09  1.0674e-09  1.3529e-08  1.1189e-06 -1.3633e-01  2.1873e-02  4.4464e-01  0:00:03   22
   279  4.1161e-05  3.3968e-09  9.8794e-10  1.2762e-08  1.0649e-06 -1.3633e-01  2.1874e-02  4.4465e-01  0:00:02   21
   280  3.8871e-05  3.2111e-09  9.3267e-10  1.2064e-08  1.0112e-06 -1.3634e-01  2.1876e-02  4.4466e-01  0:00:06   20
   281  3.6786e-05  3.0436e-09  8.9394e-10  1.1405e-08  9.5957e-07 -1.3634e-01  2.1877e-02  4.4467e-01  0:00:04   19
   282  3.4783e-05  2.8867e-09  8.6486e-10  1.0758e-08  9.0613e-07 -1.3634e-01  2.1878e-02  4.4468e-01  0:00:03   18

  iter  continuity  x-velocity  y-velocity      energy         nut          mz          cx          cy     time/iter
   283  3.3120e-05  2.7332e-09  8.2189e-10  1.0122e-08  8.5186e-07 -1.3634e-01  2.1878e-02  4.4468e-01  0:00:03   17
   284  3.1565e-05  2.5931e-09  7.7263e-10  9.5530e-09  7.9897e-07 -1.3634e-01  2.1879e-02  4.4468e-01  0:00:02   16
   285  2.9986e-05  2.4642e-09  7.2708e-10  9.0619e-09  7.4385e-07 -1.3634e-01  2.1879e-02  4.4467e-01  0:00:04   15
   286  2.8591e-05  2.3437e-09  6.7843e-10  8.5821e-09  6.8758e-07 -1.3634e-01  2.1880e-02  4.4467e-01  0:00:03   14
   287  2.7053e-05  2.2316e-09  6.3067e-10  8.1527e-09  6.3041e-07 -1.3634e-01  2.1880e-02  4.4466e-01  0:00:02   13
   288  2.5737e-05  2.1281e-09  5.8909e-10  7.7323e-09  5.7261e-07 -1.3634e-01  2.1880e-02  4.4466e-01  0:00:02   12
   289  2.4456e-05  2.0339e-09  5.5248e-10  7.3450e-09  5.1471e-07 -1.3634e-01  2.1880e-02  4.4466e-01  0:00:04   11
   290  2.3196e-05  1.9453e-09  5.1993e-10  6.9875e-09  4.5793e-07 -1.3634e-01  2.1880e-02  4.4465e-01  0:00:03   10
   291  2.2081e-05  1.8604e-09  4.8638e-10  6.6227e-09  4.0479e-07 -1.3634e-01  2.1881e-02  4.4465e-01  0:00:02    9
   292  2.0986e-05  1.7805e-09  4.5425e-10  6.3160e-09  3.5799e-07 -1.3634e-01  2.1881e-02  4.4465e-01  0:00:01    8
   293  1.9937e-05  1.7086e-09  4.3153e-10  5.9956e-09  3.1659e-07 -1.3634e-01  2.1881e-02  4.4465e-01  0:00:01    7

  iter  continuity  x-velocity  y-velocity      energy         nut          mz          cx          cy     time/iter
   294  1.9031e-05  1.6448e-09  4.0869e-10  5.7318e-09  2.8276e-07 -1.3634e-01  2.1882e-02  4.4466e-01  0:00:02    6
   295  1.8182e-05  1.6021e-09  3.9529e-10  5.4791e-09  2.5459e-07 -1.3634e-01  2.1882e-02  4.4466e-01  0:00:01    5
   296  1.7462e-05  1.5812e-09  3.8038e-10  5.2985e-09  2.3182e-07 -1.3634e-01  2.1883e-02  4.4466e-01  0:00:01    4
   297  1.6875e-05  1.5776e-09  3.6996e-10  5.1364e-09  2.1182e-07 -1.3634e-01  2.1883e-02  4.4467e-01  0:00:00    3
   298  1.6361e-05  1.5754e-09  3.5685e-10  4.9732e-09  1.9468e-07 -1.3634e-01  2.1883e-02  4.4467e-01  0:00:00    2
   299  1.5814e-05  1.5572e-09  3.4716e-10  4.8092e-09  1.7972e-07 -1.3634e-01  2.1883e-02  4.4467e-01  0:00:00    1
   300  1.5275e-05  1.5373e-09  3.4297e-10  4.6530e-09  1.6661e-07 -1.3634e-01  2.1884e-02  4.4467e-01  0:00:00    0

  iter  continuity  x-velocity  y-velocity      energy         nut          mz          cx          cy     time/iter
   300  1.5275e-05  1.5373e-09  3.4297e-10  4.6530e-09  1.6661e-07 -1.3634e-01  2.1884e-02  4.4467e-01  0:00:12   50
   301  4.7716e-02  1.5147e-09  3.3819e-10  4.7236e-06  7.2507e-05 -1.3557e-01  2.1774e-02  4.3779e-01  0:00:09   49
   302  4.9524e-02  1.4032e-06  1.0371e-05  5.7851e-06  2.7910e-04 -1.3326e-01  2.1710e-02  4.2023e-01  0:00:07   48
   303  2.8223e-02  1.0108e-06  1.2516e-05  5.0068e-06  4.7747e-04 -1.3010e-01  2.1498e-02  3.9494e-01  0:00:15   47
   304  1.6415e-02  1.4954e-06  1.2833e-05  4.4455e-06  5.9749e-04 -1.2683e-01  2.1140e-02  3.6624e-01  0:00:12   46
   305  1.8866e-02  1.6485e-06  1.2192e-05  5.2265e-06  6.3341e-04 -1.2391e-01  2.0636e-02  3.3731e-01  0:00:09   45
   306  2.4220e-02  1.6041e-06  1.0795e-05  5.4926e-06  5.8666e-04 -1.2159e-01  1.9967e-02  3.0987e-01  0:00:07   44
   307  2.7480e-02  1.4428e-06  8.9203e-06  5.3518e-06  4.9457e-04 -1.2000e-01  1.9294e-02  2.8546e-01  0:00:06   43
   308  2.6504e-02  1.2004e-06  7.2373e-06  4.8780e-06  4.1207e-04 -1.1914e-01  1.8599e-02  2.6554e-01  0:00:04   42
   309  2.4489e-02  9.3972e-07  5.9966e-06  4.4633e-06  3.4877e-04 -1.1917e-01  1.8066e-02  2.5045e-01  0:00:12   41
   310  2.2140e-02  7.8516e-07  4.6827e-06  4.3236e-06  2.9576e-04 -1.1978e-01  1.7596e-02  2.4012e-01  0:00:09   40

  iter  continuity  x-velocity  y-velocity      energy         nut          mz          cx          cy     time/iter
   311  1.9448e-02  7.9637e-07  3.3991e-06  4.2143e-06  2.5163e-04 -1.2074e-01  1.7227e-02  2.3414e-01  0:00:07   39
   312  1.6599e-02  9.1577e-07  2.3241e-06  4.0687e-06  2.1251e-04 -1.2196e-01  1.7043e-02  2.3184e-01  0:00:06   38
   313  1.3537e-02  1.0548e-06  1.6892e-06  3.8812e-06  1.8284e-04 -1.2325e-01  1.6990e-02  2.3246e-01  0:00:04   37
   314  1.0813e-02  1.1567e-06  1.7605e-06  3.6963e-06  1.6675e-04 -1.2453e-01  1.7042e-02  2.3533e-01  0:00:03   36
   315  9.0464e-03  1.1505e-06  1.8907e-06  3.4033e-06  1.7776e-04 -1.2563e-01  1.7155e-02  2.3963e-01  0:00:03   35
   316  8.0413e-03  1.0884e-06  1.8136e-06  3.0162e-06  1.9463e-04 -1.2662e-01  1.7320e-02  2.4487e-01  0:00:09   34
   317  7.6546e-03  9.7094e-07  1.5935e-06  2.5803e-06  2.0192e-04 -1.2739e-01  1.7474e-02  2.5062e-01  0:00:07   33
   318  7.4956e-03  7.7367e-07  1.3427e-06  2.1536e-06  1.9614e-04 -1.2797e-01  1.7679e-02  2.5623e-01  0:00:05   32
   319  6.8433e-03  5.7506e-07  1.1732e-06  1.7810e-06  1.8144e-04 -1.2834e-01  1.7829e-02  2.6152e-01  0:00:04   31
   320  5.9730e-03  3.9785e-07  9.7959e-07  1.5839e-06  1.6264e-04 -1.2854e-01  1.7962e-02  2.6627e-01  0:00:03   30
   321  4.9696e-03  2.9744e-07  7.8510e-07  1.4958e-06  1.3722e-04 -1.2845e-01  1.8075e-02  2.7102e-01  0:00:02   29

  iter  continuity  x-velocity  y-velocity      energy         nut          mz          cx          cy     time/iter
   322  3.9912e-03  3.3597e-07  6.0305e-07  1.3986e-06  1.1173e-04 -1.2826e-01  1.8138e-02  2.7449e-01  0:00:08   28
   323  3.3104e-03  4.1359e-07  4.6992e-07  1.3177e-06  9.0189e-05 -1.2806e-01  1.8151e-02  2.7669e-01  0:00:06   27
   324  3.0028e-03  4.2884e-07  3.5916e-07  1.2522e-06  7.3875e-05 -1.2785e-01  1.8104e-02  2.7800e-01  0:00:04   26
   325  2.8350e-03  4.3230e-07  2.6533e-07  1.1654e-06  6.1776e-05 -1.2766e-01  1.8046e-02  2.7839e-01  0:00:03   25
   326  2.6850e-03  4.1749e-07  1.9803e-07  1.0584e-06  5.5669e-05 -1.2750e-01  1.8006e-02  2.7800e-01  0:00:03   24
   327  2.5152e-03  3.6162e-07  1.5844e-07  9.2478e-07  5.3329e-05 -1.2735e-01  1.7954e-02  2.7722e-01  0:00:02   23
   328  2.2600e-03  3.1237e-07  1.3767e-07  8.0629e-07  5.2436e-05 -1.2721e-01  1.7931e-02  2.7601e-01  0:00:02   22
   329  2.0271e-03  2.5902e-07  1.3564e-07  6.8898e-07  5.2100e-05 -1.2714e-01  1.7914e-02  2.7480e-01  0:00:05   21
   330  1.8205e-03  2.1023e-07  1.3452e-07  5.9114e-07  5.1447e-05 -1.2707e-01  1.7908e-02  2.7360e-01  0:00:04   20
   331  1.6163e-03  1.7031e-07  1.2604e-07  5.2927e-07  5.1013e-05 -1.2708e-01  1.7933e-02  2.7255e-01  0:00:03   19
   332  1.4086e-03  1.4342e-07  1.1472e-07  4.8255e-07  4.9580e-05 -1.2712e-01  1.7964e-02  2.7186e-01  0:00:02   18

  iter  continuity  x-velocity  y-velocity      energy         nut          mz          cx          cy     time/iter
   333  1.2371e-03  1.2772e-07  1.0173e-07  4.4555e-07  4.6641e-05 -1.2718e-01  1.7992e-02  2.7154e-01  0:00:05   17
   334  1.1096e-03  1.1898e-07  8.8411e-08  4.1097e-07  4.2584e-05 -1.2727e-01  1.8035e-02  2.7149e-01  0:00:04   16
   335  1.0076e-03  1.1133e-07  7.6988e-08  3.7694e-07  3.8198e-05 -1.2737e-01  1.8078e-02  2.7177e-01  0:00:03   15
   336  9.3976e-04  1.0217e-07  6.9414e-08  3.4761e-07  3.3764e-05 -1.2745e-01  1.8109e-02  2.7230e-01  0:00:02   14
   337  8.9358e-04  9.1132e-08  6.2545e-08  3.1921e-07  2.9146e-05 -1.2751e-01  1.8139e-02  2.7294e-01  0:00:02   13
   338  8.5081e-04  8.2424e-08  5.6189e-08  2.9583e-07  2.4739e-05 -1.2758e-01  1.8175e-02  2.7363e-01  0:00:01   12
   339  8.0505e-04  7.4708e-08  5.0170e-08  2.7718e-07  2.0781e-05 -1.2764e-01  1.8206e-02  2.7433e-01  0:00:03   11
   340  7.6142e-04  6.8729e-08  4.4218e-08  2.6224e-07  1.7304e-05 -1.2767e-01  1.8225e-02  2.7500e-01  0:00:02   10
   341  7.1415e-04  6.4725e-08  3.8708e-08  2.4840e-07  1.4486e-05 -1.2768e-01  1.8233e-02  2.7557e-01  0:00:02    9
   342  6.6420e-04  6.2621e-08  3.3982e-08  2.3645e-07  1.2279e-05 -1.2765e-01  1.8227e-02  2.7598e-01  0:00:01    8
   343  6.1583e-04  5.9756e-08  3.0043e-08  2.2523e-07  1.0733e-05 -1.2759e-01  1.8214e-02  2.7619e-01  0:00:01    7

  iter  continuity  x-velocity  y-velocity      energy         nut          mz          cx          cy     time/iter
   344  5.7419e-04  5.7196e-08  2.6866e-08  2.1396e-07  9.7886e-06 -1.2753e-01  1.8196e-02  2.7623e-01  0:00:01    6
   345  5.4201e-04  5.4401e-08  2.3967e-08  2.0282e-07  9.4650e-06 -1.2745e-01  1.8172e-02  2.7609e-01  0:00:01    5
   346  5.0885e-04  5.2067e-08  2.1242e-08  1.9565e-07  9.9212e-06 -1.2737e-01  1.8146e-02  2.7567e-01  0:00:01    4
   347  4.7887e-04  4.9494e-08  1.9584e-08  1.8947e-07  1.1032e-05 -1.2730e-01  1.8119e-02  2.7511e-01  0:00:01    3
   348  4.5673e-04  4.5944e-08  1.9017e-08  1.8093e-07  1.2061e-05 -1.2726e-01  1.8101e-02  2.7451e-01  0:00:00    2
   349  4.3977e-04  4.2437e-08  1.8627e-08  1.6653e-07  1.2796e-05 -1.2724e-01  1.8088e-02  2.7403e-01  0:00:00    1
   350  4.2220e-04  3.8568e-08  1.7687e-08  1.5426e-07  1.3229e-05 -1.2723e-01  1.8081e-02  2.7360e-01  0:00:00    0

  iter  continuity  x-velocity  y-velocity      energy         nut          mz          cx          cy     time/iter
   350  4.2220e-04  3.8568e-08  1.7687e-08  1.5426e-07  1.3229e-05 -1.2723e-01  1.8081e-02  2.7360e-01  0:00:04   50
   351  4.0200e-04  3.5082e-08  1.6926e-08  1.4389e-07  1.3290e-05 -1.2724e-01  1.8077e-02  2.7325e-01  0:00:04   49
   352  3.7956e-04  3.1708e-08  1.5889e-08  1.3412e-07  1.3009e-05 -1.2726e-01  1.8078e-02  2.7301e-01  0:00:03   48
   353  3.5625e-04  2.9173e-08  1.4588e-08  1.2430e-07  1.2462e-05 -1.2729e-01  1.8083e-02  2.7288e-01  0:00:12   47
   354  3.3245e-04  2.7330e-08  1.3016e-08  1.1536e-07  1.1659e-05 -1.2734e-01  1.8091e-02  2.7286e-01  0:00:09   46
   355  3.0911e-04  2.5629e-08  1.1421e-08  1.0777e-07  1.0694e-05 -1.2739e-01  1.8102e-02  2.7295e-01  0:00:07   45
   356  2.8918e-04  2.4212e-08  1.0109e-08  1.0225e-07  9.6991e-06 -1.2744e-01  1.8116e-02  2.7313e-01  0:00:06   44
   357  2.7338e-04  2.3059e-08  9.1186e-09  9.8542e-08  8.7428e-06 -1.2749e-01  1.8129e-02  2.7338e-01  0:00:13   43
   358  2.5920e-04  2.2074e-08  8.5373e-09  9.5604e-08  7.8489e-06 -1.2753e-01  1.8142e-02  2.7368e-01  0:00:10   42
   359  2.4613e-04  2.1176e-08  8.2695e-09  9.2994e-08  7.0455e-06 -1.2757e-01  1.8153e-02  2.7400e-01  0:00:08   41
   360  2.3452e-04  2.0159e-08  8.2175e-09  8.9804e-08  6.3544e-06 -1.2760e-01  1.8162e-02  2.7432e-01  0:00:06   40

  iter  continuity  x-velocity  y-velocity      energy         nut          mz          cx          cy     time/iter
   361  2.2354e-04  1.9066e-08  8.1985e-09  8.6133e-08  5.7511e-06 -1.2761e-01  1.8169e-02  2.7463e-01  0:00:05   39
   362  2.1386e-04  1.8064e-08  8.1008e-09  8.1949e-08  5.2323e-06 -1.2762e-01  1.8174e-02  2.7489e-01  0:00:04   38
   363  2.0377e-04  1.7023e-08  7.8310e-09  7.7668e-08  4.8130e-06 -1.2761e-01  1.8176e-02  2.7510e-01  0:00:10   37
   364  1.9385e-04  1.6031e-08  7.4204e-09  7.3356e-08  4.4784e-06 -1.2759e-01  1.8176e-02  2.7523e-01  0:00:08   36
   365  1.8432e-04  1.5234e-08  6.8548e-09  6.9174e-08  4.1969e-06 -1.2757e-01  1.8174e-02  2.7531e-01  0:00:06   35
   366  1.7440e-04  1.4554e-08  6.1659e-09  6.5403e-08  3.9733e-06 -1.2754e-01  1.8171e-02  2.7531e-01  0:00:05   34
   367  1.6508e-04  1.3919e-08  5.4512e-09  6.2109e-08  3.7764e-06 -1.2751e-01  1.8166e-02  2.7526e-01  0:00:04   33
   368  1.5684e-04  1.3291e-08  4.9183e-09  5.9333e-08  3.5631e-06 -1.2749e-01  1.8162e-02  2.7516e-01  0:00:03   32
   369  1.5005e-04  1.2676e-08  4.6668e-09  5.6952e-08  3.3443e-06 -1.2746e-01  1.8157e-02  2.7503e-01  0:00:08   31
   370  1.4461e-04  1.2056e-08  4.5344e-09  5.4573e-08  3.1156e-06 -1.2744e-01  1.8154e-02  2.7489e-01  0:00:07   30
   371  1.4000e-04  1.1416e-08  4.4322e-09  5.2083e-08  2.8809e-06 -1.2742e-01  1.8151e-02  2.7474e-01  0:00:05   29

  iter  continuity  x-velocity  y-velocity      energy         nut          mz          cx          cy     time/iter
   372  1.3461e-04  1.0752e-08  4.3604e-09  4.9483e-08  2.6471e-06 -1.2741e-01  1.8150e-02  2.7460e-01  0:00:04   28
   373  1.2921e-04  1.0089e-08  4.3128e-09  4.6839e-08  2.4156e-06 -1.2741e-01  1.8149e-02  2.7449e-01  0:00:03   27
   374  1.2338e-04  9.4296e-09  4.2076e-09  4.4206e-08  2.1924e-06 -1.2741e-01  1.8149e-02  2.7439e-01  0:00:02   26
   375  1.1738e-04  8.8451e-09  4.0535e-09  4.1597e-08  1.9806e-06 -1.2742e-01  1.8150e-02  2.7434e-01  0:00:07   25
   376  1.1123e-04  8.4703e-09  3.7868e-09  3.9307e-08  1.7975e-06 -1.2743e-01  1.8151e-02  2.7432e-01  0:00:05   24
   377  1.0520e-04  8.1709e-09  3.4752e-09  3.7239e-08  1.6652e-06 -1.2744e-01  1.8153e-02  2.7432e-01  0:00:04   23
   378  9.9492e-05  7.8808e-09  3.1353e-09  3.5441e-08  1.5696e-06 -1.2745e-01  1.8155e-02  2.7435e-01  0:00:03   22
   379  9.3991e-05  7.6297e-09  2.8244e-09  3.3877e-08  1.5133e-06 -1.2747e-01  1.8157e-02  2.7439e-01  0:00:02   21
   380  8.9275e-05  7.3496e-09  2.6389e-09  3.2325e-08  1.4876e-06 -1.2748e-01  1.8158e-02  2.7443e-01  0:00:02   20
   381  8.5480e-05  7.0488e-09  2.5600e-09  3.0776e-08  1.4852e-06 -1.2749e-01  1.8159e-02  2.7448e-01  0:00:05   19
   382  8.2373e-05  6.7038e-09  2.4869e-09  2.8798e-08  1.4822e-06 -1.2749e-01  1.8160e-02  2.7452e-01  0:00:04   18

  iter  continuity  x-velocity  y-velocity      energy         nut          mz          cx          cy     time/iter
   383  7.9496e-05  6.2711e-09  2.3622e-09  2.6999e-08  1.4850e-06 -1.2750e-01  1.8160e-02  2.7456e-01  0:00:03   17
   384  7.6678e-05  5.8555e-09  2.2862e-09  2.5975e-08  1.4966e-06 -1.2751e-01  1.8160e-02  2.7460e-01  0:00:02   16
   385  7.3107e-05  5.5420e-09  2.2262e-09  2.4932e-08  1.4993e-06 -1.2751e-01  1.8160e-02  2.7463e-01  0:00:05   15
   386  6.9820e-05  5.2643e-09  2.1162e-09  2.3792e-08  1.4966e-06 -1.2752e-01  1.8159e-02  2.7465e-01  0:00:03   14
   387  6.6620e-05  5.0453e-09  1.9801e-09  2.2607e-08  1.4951e-06 -1.2752e-01  1.8158e-02  2.7466e-01  0:00:03   13
   388  6.3419e-05  4.8579e-09  1.8401e-09  2.1484e-08  1.4974e-06 -1.2752e-01  1.8156e-02  2.7466e-01  0:00:02   12
   389  6.0227e-05  4.6902e-09  1.6989e-09  2.0474e-08  1.5006e-06 -1.2752e-01  1.8155e-02  2.7466e-01  0:00:01   11
   390  5.7457e-05  4.5345e-09  1.5702e-09  1.9669e-08  1.4981e-06 -1.2752e-01  1.8154e-02  2.7464e-01  0:00:01   10
   391  5.4896e-05  4.3781e-09  1.4737e-09  1.8931e-08  1.4849e-06 -1.2752e-01  1.8153e-02  2.7463e-01  0:00:01    9
   392  5.2662e-05  4.2099e-09  1.4182e-09  1.8175e-08  1.4515e-06 -1.2751e-01  1.8153e-02  2.7461e-01  0:00:02    8
   393  5.0639e-05  4.0291e-09  1.3602e-09  1.7387e-08  1.4033e-06 -1.2751e-01  1.8153e-02  2.7460e-01  0:00:01    7

  iter  continuity  x-velocity  y-velocity      energy         nut          mz          cx          cy     time/iter
   394  4.8639e-05  3.8326e-09  1.2948e-09  1.6539e-08  1.3372e-06 -1.2752e-01  1.8153e-02  2.7459e-01  0:00:01    6
   395  4.6715e-05  3.6193e-09  1.2353e-09  1.5694e-08  1.2596e-06 -1.2752e-01  1.8154e-02  2.7459e-01  0:00:01    5
   396  4.4693e-05  3.4073e-09  1.1798e-09  1.4888e-08  1.1656e-06 -1.2752e-01  1.8154e-02  2.7459e-01  0:00:00    4
   397  4.2577e-05  3.2094e-09  1.1189e-09  1.4199e-08  1.0611e-06 -1.2752e-01  1.8155e-02  2.7459e-01  0:00:00    3
   398  4.0501e-05  3.0678e-09  1.0520e-09  1.3615e-08  9.5301e-07 -1.2752e-01  1.8156e-02  2.7460e-01  0:00:01    2
   399  3.8554e-05  2.9531e-09  9.9024e-10  1.3097e-08  8.4730e-07 -1.2752e-01  1.8157e-02  2.7462e-01  0:00:00    1
   400  3.6757e-05  2.8481e-09  9.3886e-10  1.2609e-08  7.4686e-07 -1.2752e-01  1.8157e-02  2.7463e-01  0:00:00    0

  iter  continuity  x-velocity  y-velocity      energy         nut          mz          cx          cy     time/iter
   400  3.6757e-05  2.8481e-09  9.3886e-10  1.2609e-08  7.4686e-07 -1.2752e-01  1.8157e-02  2.7463e-01  0:00:09   50
   401  2.8526e-02  2.7432e-09  9.0137e-10  3.2308e-06  1.3275e-04 -1.2791e-01  1.8183e-02  2.7879e-01  0:00:07   49
   402  2.9488e-02  8.7700e-07  6.8348e-06  3.8708e-06  4.9264e-04 -1.2928e-01  1.8186e-02  2.8967e-01  0:00:05   48
   403  1.6806e-02  6.5253e-07  8.1634e-06  3.3234e-06  7.9372e-04 -1.3109e-01  1.8287e-02  3.0537e-01  0:00:14   47
   404  9.7680e-03  9.0739e-07  8.3039e-06  2.8832e-06  9.7456e-04 -1.3292e-01  1.8459e-02  3.2354e-01  0:00:11   46
   405  1.1192e-02  1.0132e-06  7.8206e-06  3.3791e-06  1.0387e-03 -1.3443e-01  1.8801e-02  3.4169e-01  0:00:08   45
   406  1.4605e-02  1.0194e-06  6.8857e-06  3.5726e-06  9.9846e-04 -1.3558e-01  1.9189e-02  3.5890e-01  0:00:06   44
   407  1.6157e-02  9.1805e-07  5.6774e-06  3.4679e-06  8.7752e-04 -1.3632e-01  1.9717e-02  3.7341e-01  0:00:05   43
   408  1.5546e-02  7.5072e-07  4.5939e-06  3.2186e-06  7.2128e-04 -1.3677e-01  2.0225e-02  3.8576e-01  0:00:04   42
   409  1.4476e-02  5.7586e-07  3.7651e-06  2.9033e-06  5.5641e-04 -1.3684e-01  2.0696e-02  3.9469e-01  0:00:03   41
   410  1.3328e-02  4.8285e-07  2.9650e-06  2.8054e-06  4.1004e-04 -1.3670e-01  2.1102e-02  4.0074e-01  0:00:10   40

  iter  continuity  x-velocity  y-velocity      energy         nut          mz          cx          cy     time/iter
   411  1.1700e-02  5.0200e-07  2.1212e-06  2.7374e-06  2.9482e-04 -1.3638e-01  2.1392e-02  4.0400e-01  0:00:08   39
   412  9.9839e-03  5.7919e-07  1.4322e-06  2.6481e-06  2.0677e-04 -1.3599e-01  2.1609e-02  4.0501e-01  0:00:06   38
   413  8.1818e-03  6.5179e-07  1.0524e-06  2.5335e-06  1.4780e-04 -1.3551e-01  2.1695e-02  4.0431e-01  0:00:05   37
   414  6.5357e-03  7.1913e-07  1.0965e-06  2.3971e-06  1.2432e-04 -1.3506e-01  2.1705e-02  4.0247e-01  0:00:04   36
   415  5.3499e-03  7.2222e-07  1.1610e-06  2.2213e-06  1.2696e-04 -1.3459e-01  2.1631e-02  3.9978e-01  0:00:03   35
   416  4.8032e-03  6.7230e-07  1.1039e-06  1.9949e-06  1.3310e-04 -1.3418e-01  2.1523e-02  3.9667e-01  0:00:09   34
   417  4.6150e-03  5.9851e-07  9.6917e-07  1.7086e-06  1.3214e-04 -1.3376e-01  2.1371e-02  3.9339e-01  0:00:07   33
   418  4.5522e-03  4.9449e-07  8.2155e-07  1.4383e-06  1.2351e-04 -1.3337e-01  2.1220e-02  3.9006e-01  0:00:05   32
   419  4.1567e-03  3.6629e-07  7.0589e-07  1.1971e-06  1.1009e-04 -1.3303e-01  2.1075e-02  3.8703e-01  0:00:04   31
   420  3.7009e-03  2.5634e-07  5.8963e-07  1.0812e-06  9.3030e-05 -1.3261e-01  2.0892e-02  3.8334e-01  0:00:03   30
   421  3.0670e-03  1.9551e-07  4.7365e-07  9.9637e-07  7.6388e-05 -1.3225e-01  2.0750e-02  3.8004e-01  0:00:03   29

  iter  continuity  x-velocity  y-velocity      energy         nut          mz          cx          cy     time/iter
   422  2.5042e-03  2.1295e-07  3.6167e-07  9.0790e-07  6.2056e-05 -1.3198e-01  2.0646e-02  3.7757e-01  0:00:08   28
   423  2.1202e-03  2.5253e-07  2.7670e-07  8.4098e-07  5.0683e-05 -1.3179e-01  2.0573e-02  3.7573e-01  0:00:06   27
   424  1.9604e-03  2.6186e-07  2.1133e-07  7.8771e-07  4.2133e-05 -1.3166e-01  2.0527e-02  3.7455e-01  0:00:04   26
   425  1.8457e-03  2.6603e-07  1.5783e-07  7.3098e-07  3.6774e-05 -1.3159e-01  2.0492e-02  3.7389e-01  0:00:03   25
   426  1.7680e-03  2.4793e-07  1.1890e-07  6.5858e-07  3.3725e-05 -1.3158e-01  2.0474e-02  3.7370e-01  0:00:07   24
   427  1.6199e-03  2.2262e-07  9.6641e-08  5.7751e-07  3.1827e-05 -1.3161e-01  2.0458e-02  3.7393e-01  0:00:06   23
   428  1.4651e-03  1.8916e-07  8.5388e-08  4.9925e-07  2.9724e-05 -1.3168e-01  2.0458e-02  3.7441e-01  0:00:04   22
   429  1.3141e-03  1.6283e-07  8.2875e-08  4.2672e-07  2.7439e-05 -1.3177e-01  2.0467e-02  3.7506e-01  0:00:03   21
   430  1.1752e-03  1.3121e-07  8.1090e-08  3.6862e-07  2.4969e-05 -1.3188e-01  2.0478e-02  3.7584e-01  0:00:03   20
   431  1.0664e-03  1.0844e-07  7.6692e-08  3.2662e-07  2.2158e-05 -1.3199e-01  2.0488e-02  3.7664e-01  0:00:02   19
   432  9.2715e-04  9.1395e-08  6.9870e-08  2.9731e-07  1.9405e-05 -1.3210e-01  2.0498e-02  3.7742e-01  0:00:01   18

  iter  continuity  x-velocity  y-velocity      energy         nut          mz          cx          cy     time/iter
   433  8.1558e-04  7.9025e-08  6.1673e-08  2.7715e-07  1.6492e-05 -1.3220e-01  2.0509e-02  3.7812e-01  0:00:05   17
   434  7.2486e-04  7.3245e-08  5.3350e-08  2.5851e-07  1.3700e-05 -1.3228e-01  2.0517e-02  3.7870e-01  0:00:03   16
   435  6.5263e-04  6.8958e-08  4.6177e-08  2.3928e-07  1.1098e-05 -1.3235e-01  2.0525e-02  3.7920e-01  0:00:03   15
   436  6.0230e-04  6.4606e-08  4.1074e-08  2.1983e-07  8.8126e-06 -1.3239e-01  2.0531e-02  3.7954e-01  0:00:02   14
   437  5.6377e-04  5.9144e-08  3.6558e-08  2.0128e-07  6.9345e-06 -1.3241e-01  2.0532e-02  3.7972e-01  0:00:01   13
   438  5.2933e-04  5.3615e-08  3.2317e-08  1.8489e-07  5.5619e-06 -1.3241e-01  2.0531e-02  3.7978e-01  0:00:01   12
   439  5.0147e-04  4.8753e-08  2.8521e-08  1.7120e-07  4.6573e-06 -1.3239e-01  2.0529e-02  3.7972e-01  0:00:03   11
   440  4.7422e-04  4.4034e-08  2.4989e-08  1.6140e-07  4.0168e-06 -1.3236e-01  2.0526e-02  3.7959e-01  0:00:02   10
   441  4.4876e-04  4.0566e-08  2.1772e-08  1.5291e-07  3.6228e-06 -1.3233e-01  2.0524e-02  3.7944e-01  0:00:02    9
   442  4.2435e-04  3.8258e-08  1.9003e-08  1.4538e-07  3.4136e-06 -1.3230e-01  2.0522e-02  3.7926e-01  0:00:01    8
   443  3.9961e-04  3.6216e-08  1.6674e-08  1.3812e-07  3.2219e-06 -1.3227e-01  2.0522e-02  3.7909e-01  0:00:01    7

  iter  continuity  x-velocity  y-velocity      energy         nut          mz          cx          cy     time/iter
   444  3.7297e-04  3.3974e-08  1.4876e-08  1.3026e-07  2.9019e-06 -1.3224e-01  2.0524e-02  3.7895e-01  0:00:01    6
   445  3.4913e-04  3.1949e-08  1.3503e-08  1.2207e-07  2.5157e-06 -1.3222e-01  2.0526e-02  3.7885e-01  0:00:00    5
   446  3.2868e-04  2.9887e-08  1.2267e-08  1.1372e-07  2.1373e-06 -1.3221e-01  2.0530e-02  3.7881e-01  0:00:01    4
   447  3.0898e-04  2.7823e-08  1.1156e-08  1.0574e-07  1.8440e-06 -1.3220e-01  2.0534e-02  3.7882e-01  0:00:01    3
   448  2.8965e-04  2.5673e-08  1.0207e-08  9.8662e-08  1.6728e-06 -1.3221e-01  2.0539e-02  3.7887e-01  0:00:00    2
   449  2.7281e-04  2.3606e-08  9.3413e-09  9.2865e-08  1.6441e-06 -1.3221e-01  2.0542e-02  3.7895e-01  0:00:00    1
   450  2.5849e-04  2.1770e-08  8.6010e-09  8.7895e-08  1.6999e-06 -1.3222e-01  2.0545e-02  3.7905e-01  0:00:00    0

  iter  continuity  x-velocity  y-velocity      energy         nut          mz          cx          cy     time/iter
   450  2.5849e-04  2.1770e-08  8.6010e-09  8.7895e-08  1.6999e-06 -1.3222e-01  2.0545e-02  3.7905e-01  0:00:05   50
   451  2.4489e-04  2.0190e-08  8.0194e-09  8.3326e-08  1.7975e-06 -1.3223e-01  2.0547e-02  3.7915e-01  0:00:04   49
   452  2.3155e-04  1.8604e-08  7.5336e-09  7.8974e-08  1.8769e-06 -1.3224e-01  2.0547e-02  3.7924e-01  0:00:13   48
   453  2.1884e-04  1.7172e-08  7.0258e-09  7.4403e-08  1.8714e-06 -1.3224e-01  2.0546e-02  3.7932e-01  0:00:10   47
   454  2.0627e-04  1.6023e-08  6.5044e-09  6.9880e-08  1.7913e-06 -1.3224e-01  2.0544e-02  3.7938e-01  0:00:08   46
   455  1.9383e-04  1.5065e-08  5.9932e-09  6.5599e-08  1.6547e-06 -1.3224e-01  2.0540e-02  3.7940e-01  0:00:06   45
   456  1.8202e-04  1.4272e-08  5.4792e-09  6.1630e-08  1.4849e-06 -1.3224e-01  2.0535e-02  3.7939e-01  0:00:05   44
   457  1.7160e-04  1.3589e-08  4.9922e-09  5.8251e-08  1.2960e-06 -1.3223e-01  2.0529e-02  3.7935e-01  0:00:04   43
   458  1.6278e-04  1.2969e-08  4.5838e-09  5.5679e-08  1.1072e-06 -1.3222e-01  2.0524e-02  3.7928e-01  0:00:03   42
   459  1.5513e-04  1.2451e-08  4.3006e-09  5.3312e-08  9.2660e-07 -1.3221e-01  2.0518e-02  3.7919e-01  0:00:10   41
   460  1.4800e-04  1.1997e-08  4.1086e-09  5.1232e-08  7.7923e-07 -1.3221e-01  2.0512e-02  3.7909e-01  0:00:08   40

  iter  continuity  x-velocity  y-velocity      energy         nut          mz          cx          cy     time/iter
   461  1.4111e-04  1.1546e-08  3.9874e-09  4.9135e-08  6.9082e-07 -1.3220e-01  2.0507e-02  3.7899e-01  0:00:06   39
   462  1.3429e-04  1.1099e-08  3.8995e-09  4.6990e-08  6.5781e-07 -1.3219e-01  2.0503e-02  3.7888e-01  0:00:05   38
   463  1.2766e-04  1.0588e-08  3.8067e-09  4.4667e-08  6.6391e-07 -1.3219e-01  2.0500e-02  3.7880e-01  0:00:04   37
   464  1.2158e-04  1.0076e-08  3.6801e-09  4.2333e-08  6.9494e-07 -1.3218e-01  2.0498e-02  3.7872e-01  0:00:03   36
   465  1.1573e-04  9.5267e-09  3.5064e-09  4.0032e-08  7.1530e-07 -1.3218e-01  2.0497e-02  3.7867e-01  0:00:09   35
   466  1.1016e-04  8.9800e-09  3.2876e-09  3.7797e-08  7.0801e-07 -1.3219e-01  2.0497e-02  3.7864e-01  0:00:07   34
   467  1.0452e-04  8.4768e-09  3.0443e-09  3.5655e-08  6.8505e-07 -1.3219e-01  2.0498e-02  3.7863e-01  0:00:06   33
   468  9.9034e-05  8.0252e-09  2.8193e-09  3.3904e-08  6.5596e-07 -1.3220e-01  2.0499e-02  3.7864e-01  0:00:04   32
   469  9.4103e-05  7.6127e-09  2.6246e-09  3.2322e-08  6.2479e-07 -1.3220e-01  2.0502e-02  3.7867e-01  0:00:03   31
   470  8.9574e-05  7.2336e-09  2.4607e-09  3.1018e-08  6.0245e-07 -1.3221e-01  2.0504e-02  3.7870e-01  0:00:03   30
   471  8.5506e-05  6.8950e-09  2.3502e-09  2.9774e-08  6.0607e-07 -1.3221e-01  2.0506e-02  3.7875e-01  0:00:08   29

  iter  continuity  x-velocity  y-velocity      energy         nut          mz          cx          cy     time/iter
   472  8.1725e-05  6.5780e-09  2.2622e-09  2.8445e-08  6.3805e-07 -1.3222e-01  2.0508e-02  3.7880e-01  0:00:06   28
   473  7.8260e-05  6.2840e-09  2.1916e-09  2.7122e-08  6.7492e-07 -1.3222e-01  2.0510e-02  3.7885e-01  0:00:05   27
   474  7.4869e-05  5.9892e-09  2.1165e-09  2.5754e-08  7.1065e-07 -1.3222e-01  2.0512e-02  3.7889e-01  0:00:04   26
   475  7.1470e-05  5.6791e-09  2.0376e-09  2.4368e-08  7.3861e-07 -1.3222e-01  2.0513e-02  3.7893e-01  0:00:03   25
   476  6.8103e-05  5.3658e-09  1.9402e-09  2.2685e-08  7.4857e-07 -1.3222e-01  2.0514e-02  3.7895e-01  0:00:02   24
   477  6.4989e-05  5.0523e-09  1.8113e-09  2.1296e-08  7.4346e-07 -1.3222e-01  2.0514e-02  3.7897e-01  0:00:06   23
   478  6.1968e-05  4.8243e-09  1.7111e-09  2.0237e-08  7.1974e-07 -1.3222e-01  2.0514e-02  3.7898e-01  0:00:05   22
   479  5.9010e-05  4.6322e-09  1.6162e-09  1.9283e-08  6.8112e-07 -1.3221e-01  2.0514e-02  3.7899e-01  0:00:04   21
   480  5.6421e-05  4.4486e-09  1.5299e-09  1.8372e-08  6.3363e-07 -1.3221e-01  2.0513e-02  3.7899e-01  0:00:03   20
   481  5.4103e-05  4.2720e-09  1.4611e-09  1.7555e-08  5.8456e-07 -1.3220e-01  2.0512e-02  3.7898e-01  0:00:06   19
   482  5.2025e-05  4.1405e-09  1.4092e-09  1.6848e-08  5.3812e-07 -1.3220e-01  2.0511e-02  3.7897e-01  0:00:04   18

  iter  continuity  x-velocity  y-velocity      energy         nut          mz          cx          cy     time/iter
   483  5.0334e-05  4.0277e-09  1.3499e-09  1.6227e-08  4.9694e-07 -1.3219e-01  2.0510e-02  3.7895e-01  0:00:03   17
   484  4.8589e-05  3.9075e-09  1.2602e-09  1.5687e-08  4.6136e-07 -1.3219e-01  2.0508e-02  3.7893e-01  0:00:03   16
   485  4.6815e-05  3.7741e-09  1.2036e-09  1.5142e-08  4.3101e-07 -1.3218e-01  2.0507e-02  3.7890e-01  0:00:02   15
   486  4.5114e-05  3.6361e-09  1.1564e-09  1.4588e-08  4.0444e-07 -1.3218e-01  2.0506e-02  3.7888e-01  0:00:01   14
   487  4.3366e-05  3.5017e-09  1.1210e-09  1.4053e-08  3.8019e-07 -1.3217e-01  2.0505e-02  3.7885e-01  0:00:01   13
   488  4.1663e-05  3.3843e-09  1.0906e-09  1.3527e-08  3.5705e-07 -1.3217e-01  2.0503e-02  3.7883e-01  0:00:03   12
   489  3.9940e-05  3.2712e-09  1.0601e-09  1.2982e-08  3.3453e-07 -1.3217e-01  2.0502e-02  3.7880e-01  0:00:02   11
   490  3.8302e-05  3.1651e-09  1.0279e-09  1.2445e-08  3.1386e-07 -1.3216e-01  2.0501e-02  3.7878e-01  0:00:02   10
   491  3.6775e-05  3.0710e-09  9.8693e-10  1.1925e-08  2.9440e-07 -1.3216e-01  2.0500e-02  3.7876e-01  0:00:01    9
   492  3.5407e-05  2.9944e-09  9.4317e-10  1.1423e-08  2.7504e-07 -1.3216e-01  2.0499e-02  3.7874e-01  0:00:01    8
   493  3.4196e-05  2.9101e-09  9.0174e-10  1.0942e-08  2.5557e-07 -1.3216e-01  2.0499e-02  3.7872e-01  0:00:01    7

  iter  continuity  x-velocity  y-velocity      energy         nut          mz          cx          cy     time/iter
   494  3.2996e-05  2.8133e-09  8.6031e-10  1.0452e-08  2.3555e-07 -1.3216e-01  2.0498e-02  3.7871e-01  0:00:00    6
   495  3.1800e-05  2.7262e-09  8.1557e-10  9.9746e-09  2.1456e-07 -1.3216e-01  2.0497e-02  3.7871e-01  0:00:01    5
   496  3.0658e-05  2.6567e-09  7.6560e-10  9.5935e-09  1.9207e-07 -1.3217e-01  2.0497e-02  3.7870e-01  0:00:01    4
   497  2.9642e-05  2.5871e-09  7.1910e-10  9.2119e-09  1.6879e-07 -1.3217e-01  2.0497e-02  3.7870e-01  0:00:00    3
   498  2.8649e-05  2.5012e-09  6.7441e-10  8.8529e-09  1.4497e-07 -1.3217e-01  2.0497e-02  3.7871e-01  0:00:00    2
   499  2.7654e-05  2.4092e-09  6.4802e-10  8.4741e-09  1.2227e-07 -1.3217e-01  2.0497e-02  3.7871e-01  0:00:00    1
   500  2.6657e-05  2.3166e-09  6.3893e-10  8.1415e-09  1.0215e-07 -1.3218e-01  2.0497e-02  3.7872e-01  0:00:00    0

  iter  continuity  x-velocity  y-velocity      energy         nut          mz          cx          cy     time/iter
   500  2.6657e-05  2.3166e-09  6.3893e-10  8.1415e-09  1.0215e-07 -1.3218e-01  2.0497e-02  3.7872e-01  0:00:04   50
   501  2.1654e-02  2.2228e-09  6.3390e-10  2.3489e-06  5.9213e-05 -1.3184e-01  2.0460e-02  3.7561e-01  0:00:03   49
   502  2.2595e-02  6.9109e-07  5.0154e-06  2.8531e-06  2.2301e-04 -1.3077e-01  2.0452e-02  3.6742e-01  0:00:03   48
   503  1.2783e-02  4.7999e-07  6.0088e-06  2.4118e-06  3.7216e-04 -1.2943e-01  2.0354e-02  3.5584e-01  0:00:02   47
   504  7.4101e-03  7.2015e-07  6.1125e-06  2.0968e-06  4.7783e-04 -1.2797e-01  2.0186e-02  3.4239e-01  0:00:02   46
   505  8.6156e-03  7.8568e-07  5.7583e-06  2.4493e-06  5.3380e-04 -1.2662e-01  1.9918e-02  3.2845e-01  0:00:01   45
   506  1.0935e-02  7.5711e-07  5.0661e-06  2.5733e-06  5.3985e-04 -1.2556e-01  1.9596e-02  3.1540e-01  0:00:10   44
   507  1.2426e-02  6.8793e-07  4.1713e-06  2.5186e-06  5.0685e-04 -1.2489e-01  1.9270e-02  3.0408e-01  0:00:08   43
   508  1.2078e-02  5.7902e-07  3.3801e-06  2.3174e-06  4.4702e-04 -1.2458e-01  1.8946e-02  2.9471e-01  0:00:06   42
   509  1.1256e-02  4.5757e-07  2.7936e-06  2.1448e-06  3.7317e-04 -1.2455e-01  1.8648e-02  2.8756e-01  0:00:05   41
   510  1.0179e-02  3.8254e-07  2.1656e-06  2.0909e-06  2.9450e-04 -1.2482e-01  1.8426e-02  2.8284e-01  0:00:04   40

  iter  continuity  x-velocity  y-velocity      energy         nut          mz          cx          cy     time/iter
   511  8.9966e-03  3.8751e-07  1.5719e-06  2.0428e-06  2.2593e-04 -1.2527e-01  1.8257e-02  2.8017e-01  0:00:03   39
   512  7.6912e-03  4.4441e-07  1.0900e-06  1.9765e-06  1.7340e-04 -1.2585e-01  1.8181e-02  2.7920e-01  0:00:02   38
   513  6.2840e-03  5.0794e-07  7.9582e-07  1.8785e-06  1.3347e-04 -1.2642e-01  1.8120e-02  2.7995e-01  0:00:09   37
   514  5.1038e-03  5.5233e-07  8.1680e-07  1.7794e-06  1.0873e-04 -1.2701e-01  1.8144e-02  2.8158e-01  0:00:07   36
   515  4.2983e-03  5.4646e-07  8.7455e-07  1.6501e-06  9.8400e-05 -1.2755e-01  1.8209e-02  2.8395e-01  0:00:06   35
   516  3.8129e-03  5.1558e-07  8.3870e-07  1.4664e-06  1.0441e-04 -1.2797e-01  1.8276e-02  2.8661e-01  0:00:04   34
   517  3.6558e-03  4.5932e-07  7.3791e-07  1.2562e-06  1.0949e-04 -1.2828e-01  1.8362e-02  2.8927e-01  0:00:03   33
   518  3.5389e-03  3.6679e-07  6.2394e-07  1.0512e-06  1.0566e-04 -1.2852e-01  1.8454e-02  2.9189e-01  0:00:03   32
   519  3.2656e-03  2.7580e-07  5.4170e-07  8.7399e-07  9.6430e-05 -1.2874e-01  1.8543e-02  2.9444e-01  0:00:08   31
   520  2.8748e-03  1.9329e-07  4.5513e-07  7.8415e-07  8.4338e-05 -1.2886e-01  1.8618e-02  2.9675e-01  0:00:06   30
   521  2.4232e-03  1.4719e-07  3.6516e-07  7.4792e-07  7.1547e-05 -1.2890e-01  1.8675e-02  2.9915e-01  0:00:05   29

  iter  continuity  x-velocity  y-velocity      energy         nut          mz          cx          cy     time/iter
   522  1.9781e-03  1.6624e-07  2.8094e-07  6.9892e-07  5.9057e-05 -1.2888e-01  1.8710e-02  3.0091e-01  0:00:04   28
   523  1.6521e-03  2.0305e-07  2.1798e-07  6.5366e-07  4.8239e-05 -1.2882e-01  1.8717e-02  3.0207e-01  0:00:03   27
   524  1.4963e-03  2.0624e-07  1.6587e-07  6.0967e-07  3.9193e-05 -1.2873e-01  1.8703e-02  3.0265e-01  0:00:07   26
   525  1.4369e-03  2.0388e-07  1.2379e-07  5.6449e-07  3.2653e-05 -1.2864e-01  1.8687e-02  3.0281e-01  0:00:06   25
   526  1.3312e-03  1.9538e-07  9.3081e-08  5.1311e-07  2.9269e-05 -1.2854e-01  1.8667e-02  3.0260e-01  0:00:04   24
   527  1.2216e-03  1.7057e-07  7.5182e-08  4.5168e-07  2.7777e-05 -1.2846e-01  1.8650e-02  3.0214e-01  0:00:03   23
   528  1.1063e-03  1.4478e-07  6.7046e-08  3.9280e-07  2.6743e-05 -1.2837e-01  1.8631e-02  3.0148e-01  0:00:03   22
   529  9.9944e-04  1.2302e-07  6.4652e-08  3.4241e-07  2.5510e-05 -1.2832e-01  1.8625e-02  3.0073e-01  0:00:02   21
   530  8.9348e-04  1.0014e-07  6.3278e-08  2.9692e-07  2.4059e-05 -1.2829e-01  1.8623e-02  3.0007e-01  0:00:06   20
   531  7.9034e-04  8.0388e-08  5.8967e-08  2.6429e-07  2.2299e-05 -1.2828e-01  1.8629e-02  2.9949e-01  0:00:04   19
   532  6.8940e-04  6.8661e-08  5.3379e-08  2.4084e-07  2.0318e-05 -1.2828e-01  1.8636e-02  2.9910e-01  0:00:03   18

  iter  continuity  x-velocity  y-velocity      energy         nut          mz          cx          cy     time/iter
   533  5.9635e-04  6.1898e-08  4.7426e-08  2.2182e-07  1.8085e-05 -1.2830e-01  1.8649e-02  2.9886e-01  0:00:06   17
   534  5.3054e-04  5.7775e-08  4.1436e-08  2.0324e-07  1.5714e-05 -1.2832e-01  1.8664e-02  2.9878e-01  0:00:04   16
   535  4.8726e-04  5.3872e-08  3.6070e-08  1.8509e-07  1.3292e-05 -1.2835e-01  1.8680e-02  2.9884e-01  0:00:03   15
   536  4.5617e-04  4.8395e-08  3.2724e-08  1.6850e-07  1.0921e-05 -1.2838e-01  1.8697e-02  2.9901e-01  0:00:05   14
   537  4.3419e-04  4.3355e-08  2.9691e-08  1.5546e-07  8.7571e-06 -1.2841e-01  1.8712e-02  2.9926e-01  0:00:04   13
   538  4.1416e-04  3.9398e-08  2.7020e-08  1.4574e-07  6.9705e-06 -1.2843e-01  1.8725e-02  2.9955e-01  0:00:03   12
   539  3.9276e-04  3.6383e-08  2.4379e-08  1.3852e-07  5.5952e-06 -1.2845e-01  1.8734e-02  2.9987e-01  0:00:02   11
   540  3.7233e-04  3.3951e-08  2.1867e-08  1.3156e-07  4.6363e-06 -1.2846e-01  1.8739e-02  3.0016e-01  0:00:04   10
   541  3.5165e-04  3.2007e-08  1.9330e-08  1.2504e-07  4.0858e-06 -1.2846e-01  1.8739e-02  3.0040e-01  0:00:03    9
   542  3.3094e-04  3.0857e-08  1.6928e-08  1.1890e-07  3.7740e-06 -1.2845e-01  1.8736e-02  3.0057e-01  0:00:02    8
   543  3.1049e-04  2.9972e-08  1.4966e-08  1.1254e-07  3.5210e-06 -1.2843e-01  1.8730e-02  3.0064e-01  0:00:01    7

  iter  continuity  x-velocity  y-velocity      energy         nut          mz          cx          cy     time/iter
   544  2.9266e-04  2.8809e-08  1.3321e-08  1.0717e-07  3.2532e-06 -1.2841e-01  1.8722e-02  3.0064e-01  0:00:02    6
   545  2.7473e-04  2.7588e-08  1.1956e-08  1.0172e-07  2.9978e-06 -1.2839e-01  1.8713e-02  3.0058e-01  0:00:01    5
   546  2.5821e-04  2.6080e-08  1.0713e-08  9.6898e-08  2.8800e-06 -1.2836e-01  1.8703e-02  3.0045e-01  0:00:01    4
   547  2.4271e-04  2.4515e-08  9.7818e-09  9.2060e-08  3.0593e-06 -1.2834e-01  1.8694e-02  3.0028e-01  0:00:01    3
   548  2.3035e-04  2.2717e-08  9.2431e-09  8.6785e-08  3.5541e-06 -1.2833e-01  1.8686e-02  3.0010e-01  0:00:01    2
   549  2.2060e-04  2.0778e-08  8.7803e-09  8.1042e-08  3.9957e-06 -1.2832e-01  1.8680e-02  2.9992e-01  0:00:00    1
   550  2.1114e-04  1.8948e-08  8.3056e-09  7.5637e-08  4.2614e-06 -1.2832e-01  1.8677e-02  2.9976e-01  0:00:00    0

  iter  continuity  x-velocity  y-velocity      energy         nut          mz          cx          cy     time/iter
   550  2.1114e-04  1.8948e-08  8.3056e-09  7.5637e-08  4.2614e-06 -1.2832e-01  1.8677e-02  2.9976e-01  0:00:11   50
   551  2.0113e-04  1.7228e-08  7.8494e-09  7.0720e-08  4.3660e-06 -1.2832e-01  1.8675e-02  2.9962e-01  0:00:09   49
   552  1.9020e-04  1.5600e-08  7.3432e-09  6.6192e-08  4.3421e-06 -1.2833e-01  1.8675e-02  2.9953e-01  0:00:07   48
   553  1.7924e-04  1.4415e-08  6.7683e-09  6.1797e-08  4.2282e-06 -1.2834e-01  1.8678e-02  2.9947e-01  0:00:05   47
   554  1.6794e-04  1.3568e-08  6.1268e-09  5.7865e-08  4.0439e-06 -1.2836e-01  1.8682e-02  2.9946e-01  0:00:04   46
   555  1.5688e-04  1.2754e-08  5.4718e-09  5.4133e-08  3.8160e-06 -1.2838e-01  1.8687e-02  2.9951e-01  0:00:12   45
   556  1.4743e-04  1.2001e-08  4.8444e-09  5.1606e-08  3.5561e-06 -1.2840e-01  1.8693e-02  2.9959e-01  0:00:10   44
   557  1.3889e-04  1.1384e-08  4.4204e-09  4.9688e-08  3.2766e-06 -1.2842e-01  1.8700e-02  2.9970e-01  0:00:07   43
   558  1.3139e-04  1.0856e-08  4.1676e-09  4.8157e-08  2.9831e-06 -1.2844e-01  1.8706e-02  2.9984e-01  0:00:06   42
   559  1.2442e-04  1.0370e-08  4.0347e-09  4.6649e-08  2.6921e-06 -1.2846e-01  1.8712e-02  2.9997e-01  0:00:05   41
   560  1.1778e-04  9.9722e-09  3.9494e-09  4.5171e-08  2.4183e-06 -1.2847e-01  1.8718e-02  3.0011e-01  0:00:04   40

  iter  continuity  x-velocity  y-velocity      energy         nut          mz          cx          cy     time/iter
   561  1.1154e-04  9.5675e-09  3.9014e-09  4.3402e-08  2.1637e-06 -1.2848e-01  1.8722e-02  3.0024e-01  0:00:11   39
   562  1.0615e-04  9.1163e-09  3.8467e-09  4.1350e-08  1.9190e-06 -1.2848e-01  1.8726e-02  3.0036e-01  0:00:08   38
   563  1.0117e-04  8.6267e-09  3.7070e-09  3.9064e-08  1.7273e-06 -1.2848e-01  1.8728e-02  3.0045e-01  0:00:06   37
   564  9.6437e-05  8.1377e-09  3.5163e-09  3.6951e-08  1.5732e-06 -1.2848e-01  1.8730e-02  3.0053e-01  0:00:05   36
   565  9.1863e-05  7.6891e-09  3.2895e-09  3.4831e-08  1.4560e-06 -1.2848e-01  1.8731e-02  3.0058e-01  0:00:04   35
   566  8.7464e-05  7.3023e-09  3.0069e-09  3.2750e-08  1.3628e-06 -1.2847e-01  1.8730e-02  3.0060e-01  0:00:03   34
   567  8.3137e-05  6.9324e-09  2.7049e-09  3.0929e-08  1.2994e-06 -1.2846e-01  1.8729e-02  3.0059e-01  0:00:09   33
   568  7.9010e-05  6.5863e-09  2.4495e-09  2.9353e-08  1.2689e-06 -1.2845e-01  1.8727e-02  3.0055e-01  0:00:07   32
   569  7.5436e-05  6.2833e-09  2.2767e-09  2.8093e-08  1.2508e-06 -1.2844e-01  1.8725e-02  3.0050e-01  0:00:05   31
   570  7.2495e-05  5.9835e-09  2.1895e-09  2.6919e-08  1.2269e-06 -1.2843e-01  1.8723e-02  3.0045e-01  0:00:04   30
   571  7.0021e-05  5.6867e-09  2.1430e-09  2.5749e-08  1.1905e-06 -1.2842e-01  1.8721e-02  3.0039e-01  0:00:09   29

  iter  continuity  x-velocity  y-velocity      energy         nut          mz          cx          cy     time/iter
   572  6.7428e-05  5.3961e-09  2.1272e-09  2.4571e-08  1.1456e-06 -1.2841e-01  1.8720e-02  3.0033e-01  0:00:07   28
   573  6.4764e-05  5.0953e-09  2.0930e-09  2.2893e-08  1.0767e-06 -1.2841e-01  1.8719e-02  3.0029e-01  0:00:05   27
   574  6.2287e-05  4.7755e-09  1.9813e-09  2.1548e-08  1.0057e-06 -1.2841e-01  1.8718e-02  3.0025e-01  0:00:04   26
   575  5.9766e-05  4.5397e-09  1.8905e-09  2.0526e-08  9.3225e-07 -1.2841e-01  1.8718e-02  3.0022e-01  0:00:03   25
   576  5.7242e-05  4.4107e-09  1.7947e-09  1.9609e-08  8.5965e-07 -1.2841e-01  1.8717e-02  3.0019e-01  0:00:02   24
   577  5.4657e-05  4.3178e-09  1.6912e-09  1.8739e-08  7.9165e-07 -1.2841e-01  1.8717e-02  3.0017e-01  0:00:02   23
   578  5.2315e-05  4.2570e-09  1.5764e-09  1.7969e-08  7.3048e-07 -1.2841e-01  1.8717e-02  3.0016e-01  0:00:06   22
   579  4.9908e-05  4.1635e-09  1.4544e-09  1.7204e-08  6.7793e-07 -1.2842e-01  1.8717e-02  3.0015e-01  0:00:04   21
   580  4.7681e-05  4.0607e-09  1.3340e-09  1.6472e-08  6.3464e-07 -1.2842e-01  1.8717e-02  3.0015e-01  0:00:03   20
   581  4.5804e-05  3.9387e-09  1.2293e-09  1.5772e-08  6.0613e-07 -1.2843e-01  1.8718e-02  3.0015e-01  0:00:03   19
   582  4.4267e-05  3.7933e-09  1.1586e-09  1.5102e-08  5.9025e-07 -1.2843e-01  1.8718e-02  3.0016e-01  0:00:02   18

  iter  continuity  x-velocity  y-velocity      energy         nut          mz          cx          cy     time/iter
   583  4.2694e-05  3.6154e-09  1.1092e-09  1.4452e-08  5.8433e-07 -1.2844e-01  1.8719e-02  3.0017e-01  0:00:01   17
   584  4.1068e-05  3.4311e-09  1.0848e-09  1.3815e-08  5.8526e-07 -1.2844e-01  1.8719e-02  3.0019e-01  0:00:01   16
   585  3.9409e-05  3.2501e-09  1.0639e-09  1.3208e-08  5.9019e-07 -1.2845e-01  1.8720e-02  3.0020e-01  0:00:04   15
   586  3.7682e-05  3.0852e-09  1.0386e-09  1.2873e-08  6.0442e-07 -1.2845e-01  1.8720e-02  3.0023e-01  0:00:03   14
   587  3.5842e-05  2.9539e-09  1.0309e-09  1.2459e-08  6.2199e-07 -1.2846e-01  1.8721e-02  3.0026e-01  0:00:02   13
   588  3.4183e-05  2.8330e-09  1.0085e-09  1.1744e-08  6.3911e-07 -1.2846e-01  1.8721e-02  3.0027e-01  0:00:02   12
   589  3.2646e-05  2.6847e-09  9.4598e-10  1.1065e-08  6.5699e-07 -1.2846e-01  1.8722e-02  3.0029e-01  0:00:01   11
   590  3.1223e-05  2.5697e-09  8.9529e-10  1.0525e-08  6.7008e-07 -1.2846e-01  1.8722e-02  3.0030e-01  0:00:01   10
   591  2.9802e-05  2.4575e-09  8.5208e-10  1.0208e-08  6.8449e-07 -1.2847e-01  1.8722e-02  3.0032e-01  0:00:02    9
   592  2.8257e-05  2.3650e-09  8.2596e-10  9.7793e-09  6.9433e-07 -1.2847e-01  1.8722e-02  3.0033e-01  0:00:02    8
   593  2.6901e-05  2.2563e-09  7.9753e-10  9.2968e-09  6.9916e-07 -1.2847e-01  1.8722e-02  3.0034e-01  0:00:01    7

  iter  continuity  x-velocity  y-velocity      energy         nut          mz          cx          cy     time/iter
   594  2.5621e-05  2.1300e-09  7.5910e-10  8.7762e-09  6.9872e-07 -1.2846e-01  1.8722e-02  3.0034e-01  0:00:01    6
   595  2.4411e-05  2.0017e-09  7.2164e-10  8.2845e-09  6.9319e-07 -1.2846e-01  1.8722e-02  3.0034e-01  0:00:01    5
   596  2.3339e-05  1.8825e-09  6.9977e-10  7.8423e-09  6.7574e-07 -1.2846e-01  1.8722e-02  3.0034e-01  0:00:00    4
   597  2.2362e-05  1.7750e-09  6.6960e-10  7.4502e-09  6.4543e-07 -1.2846e-01  1.8722e-02  3.0033e-01  0:00:00    3
   598  2.1443e-05  1.6772e-09  6.3228e-10  7.0147e-09  5.9985e-07 -1.2846e-01  1.8722e-02  3.0033e-01  0:00:01    2
   599  2.0644e-05  1.5958e-09  5.9157e-10  6.6690e-09  5.4670e-07 -1.2846e-01  1.8722e-02  3.0032e-01  0:00:00    1
   600  1.9908e-05  1.5409e-09  5.5949e-10  6.4167e-09  4.8674e-07 -1.2846e-01  1.8722e-02  3.0032e-01  0:00:00    0

Writing Settings file "C:\Users\vova1\AppData\Local\Temp\9"...
	writing rp variables ... Done.
	writing domain variables ... Done.
	writing solid (type fluid) (mixture) ... Done.
	writing inlet (type pressure-far-field) (mixture) ... Done.
	writing int_solid (type interior) (mixture) ... Done.
	writing wall (type wall) (mixture) ... Done.
	writing outlet (type pressure-outlet) (mixture) ... Done.
	writing zones map name-id ... Done.
Multicore SMT processors detected. Processor affinity set!
Reading "e:\tsagi_dipl\Diploma_bac\optimisation_working_folder\geom.msh"...
Buffering for file scan...


       Clearing partially read grid.
   71320 nodes.
   70807 quadrilateral cells, zone  7.
  141101 2D interior faces, zone  8.
     261 2D wall faces, zone  9.
     451 2D velocity-inlet faces, zone 10.
     314 2D pressure-outlet faces, zone 11.

Building...
     mesh
	auto partitioning mesh by Metis (fast),
	distributing mesh
		parts..........,
		faces..........,
		nodes..........,
		cells..........,
        bandwidth reduction using Reverse Cuthill-McKee: 5341/98 = 54.5
     materials,
     interface,
     domains,
     zones,
	outlet
	inlet
	wall
	int_solid
	solid
     parallel,
Done.
 Setting zone id of solid to 7.
 Setting zone id of int_solid to 8.
 Setting zone id of wall to 9.
 Setting zone id of inlet to 10.
 Setting zone id of outlet to 11.
Done.

Setting solid (mixture) ... Done.
Setting inlet (mixture) (zone type changed to pressure-far-field) ... Done.
Setting int_solid (mixture) ... Done.
Setting wall (mixture) ... Done.
Setting outlet (mixture) ... Done.



Following contexts active in the case file have been de-activated because of their current context control conditions:
"coupled-pseudo-transient"

Initialize using the hybrid initialization method.

Checking case topology... 
-This case combines farfield, inlets and outlets 
-Pressure information is available at the boundaries

	iter		scalar-0		scalar-1

        Stabilizing ads-0 to enhance linear solver robustness.
        Stabilizing ads-1 to enhance linear solver robustness.
	1		1.000000e+00	1.000000e+00
	2		6.683271e-08	1.712257e-16
        Stabilizing ads-1 to enhance linear solver robustness.
	3		7.066822e-08	1.621112e-16
        Stabilizing ads-1 to enhance linear solver robustness.
	4		5.334042e-08	9.865208e-17
	5		4.430724e-08	1.399211e-16
	6		3.811836e-08	1.677817e-16
	7		3.319405e-08	2.003522e-16
	8		2.970839e-08	2.035068e-16
	9		2.712726e-08	1.427802e-16
	10		2.516894e-08	1.645028e-16

Hybrid initialization is done.

  iter  continuity  x-velocity  y-velocity      energy         nut          mz          cx          cy     time/iter
     1  1.0000e+00  2.6779e-04  2.5950e-04  2.8323e-04  2.5602e-03  2.6533e-01  4.5071e-01 -5.6856e-01  0:00:00   99
     2  6.9078e-01  2.1049e-04  2.0804e-04  2.4511e-04  1.4750e-03  4.1827e-01  1.8922e-01 -1.1244e+00  0:04:54   98
     3  4.5805e-01  1.7193e-04  1.4709e-04  2.4927e-04  1.1303e-03  3.6166e-01  7.0591e-02 -1.0238e+00  0:03:53   97
     4  3.0760e-01  1.6137e-04  1.3335e-04  2.2651e-04  1.0357e-03  3.3671e-01  5.1530e-03 -9.5888e-01  0:03:04   96
     5  2.3946e-01  1.4716e-04  1.1896e-04  1.6311e-04  2.1429e-04  3.1693e-01 -2.7721e-02 -9.0464e-01  0:02:26   95
     6  2.1227e-01  1.1907e-04  8.3571e-05  1.0260e-04  8.3955e-05  2.9913e-01 -4.1608e-02 -8.5524e-01  0:01:56   94
     7  2.0542e-01  8.7104e-05  4.7325e-05  6.7424e-05  6.6294e-05  2.8245e-01 -4.3930e-02 -8.1451e-01  0:01:31   93
     8  2.0997e-01  6.2002e-05  2.5679e-05  4.5850e-05  5.9025e-05  2.6261e-01 -4.0511e-02 -7.7300e-01  0:01:31   92
     9  2.1121e-01  4.2425e-05  1.3173e-05  3.1776e-05  4.7842e-05  2.4371e-01 -3.2285e-02 -7.4569e-01  0:01:12   91
    10  1.9805e-01  2.8544e-05  7.2267e-06  2.2887e-05  3.7702e-05  2.2594e-01 -2.2836e-02 -7.4416e-01  0:00:57   90
    11  1.8924e-01  1.9162e-05  5.0908e-06  1.6951e-05  3.0344e-05  1.9990e-01 -1.6180e-02 -7.1850e-01  0:00:45   89

  iter  continuity  x-velocity  y-velocity      energy         nut          mz          cx          cy     time/iter
    12  1.7373e-01  1.2916e-05  4.2325e-06  1.3121e-05  2.5207e-05  1.5823e-01 -1.3784e-02 -6.4290e-01  0:00:36   88
    13  1.5585e-01  8.7705e-06  3.8703e-06  1.0915e-05  2.1893e-05  1.0952e-01 -1.2690e-02 -5.3516e-01  0:00:28   87
    14  1.3633e-01  6.8853e-06  3.6108e-06  9.6248e-06  1.9798e-05  6.5730e-02 -1.1349e-02 -4.3022e-01  0:00:39   86
    15  1.1574e-01  5.8345e-06  3.3730e-06  8.7001e-06  1.8531e-05  3.4440e-02 -8.9065e-03 -3.4830e-01  0:00:31   85
    16  1.0351e-01  5.1903e-06  3.1486e-06  8.1242e-06  1.8081e-05  1.1338e-02 -6.1222e-03 -2.8299e-01  0:00:25   84
    17  9.9573e-02  4.7608e-06  2.9867e-06  7.7361e-06  1.8515e-05 -1.0228e-02 -2.2009e-03 -2.2534e-01  0:00:36   83
    18  9.4006e-02  4.4419e-06  2.8420e-06  7.3674e-06  1.9651e-05 -3.0432e-02  1.7170e-03 -1.7389e-01  0:00:29   82
    19  9.0218e-02  4.2076e-06  2.6907e-06  7.0891e-06  2.1230e-05 -4.6361e-02  4.6498e-03 -1.2594e-01  0:00:23   81
    20  8.3388e-02  4.0521e-06  2.4954e-06  6.7576e-06  2.2763e-05 -5.5709e-02  6.5995e-03 -9.2075e-02  0:00:18   80
    21  7.6843e-02  3.9168e-06  2.3219e-06  6.3528e-06  2.4781e-05 -6.1317e-02  7.7520e-03 -6.3528e-02  0:00:14   79
    22  7.3221e-02  3.7866e-06  2.0993e-06  5.9221e-06  2.5640e-05 -6.4762e-02  8.5562e-03 -3.7087e-02  0:00:11   78

  iter  continuity  x-velocity  y-velocity      energy         nut          mz          cx          cy     time/iter
    23  7.0462e-02  3.5472e-06  1.8501e-06  5.5494e-06  2.4537e-05 -7.0315e-02  9.1806e-03  5.0002e-03  0:00:09   77
    24  6.7172e-02  3.2837e-06  1.6028e-06  5.2818e-06  2.2425e-05 -8.3182e-02  1.0318e-02  7.9428e-02  0:00:22   76
    25  6.4716e-02  3.0035e-06  1.4074e-06  5.0679e-06  2.0544e-05 -9.6396e-02  1.1676e-02  1.7120e-01  0:00:17   75
    26  6.1628e-02  2.8020e-06  1.2612e-06  4.8530e-06  1.9922e-05 -1.0433e-01  1.2749e-02  2.4763e-01  0:00:14   74
    27  5.8080e-02  2.6473e-06  1.1434e-06  4.6921e-06  2.0747e-05 -1.0910e-01  1.3506e-02  3.0627e-01  0:00:11   73
    28  5.4718e-02  2.5398e-06  1.0743e-06  4.6743e-06  2.2723e-05 -1.1342e-01  1.4186e-02  3.5617e-01  0:00:09   72
    29  5.1016e-02  2.3992e-06  1.0266e-06  4.6092e-06  2.3664e-05 -1.1755e-01  1.4859e-02  3.9808e-01  0:00:21   71
    30  4.6811e-02  2.2494e-06  1.0008e-06  4.6376e-06  2.4414e-05 -1.2085e-01  1.5489e-02  4.3204e-01  0:00:17   70
    31  4.2680e-02  2.1151e-06  9.9587e-07  4.6910e-06  2.4649e-05 -1.2366e-01  1.6094e-02  4.5853e-01  0:00:13   69
    32  3.9296e-02  1.9936e-06  9.9448e-07  4.6816e-06  2.4268e-05 -1.2610e-01  1.6733e-02  4.7912e-01  0:00:10   68
    33  3.6460e-02  1.8695e-06  9.9112e-07  4.5849e-06  2.3494e-05 -1.2833e-01  1.7378e-02  4.9509e-01  0:00:08   67

  iter  continuity  x-velocity  y-velocity      energy         nut          mz          cx          cy     time/iter
    34  3.3997e-02  1.7599e-06  9.7919e-07  4.4261e-06  2.2311e-05 -1.3030e-01  1.7974e-02  5.0741e-01  0:00:20   66
    35  3.1673e-02  1.6566e-06  9.6202e-07  4.2375e-06  2.1278e-05 -1.3201e-01  1.8547e-02  5.1665e-01  0:00:15   65
    36  2.9516e-02  1.5801e-06  9.4541e-07  4.0386e-06  2.0175e-05 -1.3345e-01  1.9026e-02  5.2319e-01  0:00:12   64
    37  2.7613e-02  1.5196e-06  9.2317e-07  3.8366e-06  1.9093e-05 -1.3451e-01  1.9408e-02  5.2739e-01  0:00:10   63
    38  2.5716e-02  1.4714e-06  8.9855e-07  3.6507e-06  1.8039e-05 -1.3524e-01  1.9687e-02  5.2955e-01  0:00:08   62
    39  2.3864e-02  1.4434e-06  8.7372e-07  3.4782e-06  1.6892e-05 -1.3569e-01  1.9885e-02  5.3022e-01  0:00:18   61
    40  2.2088e-02  1.4295e-06  8.5106e-07  3.3335e-06  1.5577e-05 -1.3597e-01  2.0025e-02  5.2996e-01  0:00:14   60
    41  2.0448e-02  1.4208e-06  8.2748e-07  3.2129e-06  1.4258e-05 -1.3612e-01  2.0122e-02  5.2914e-01  0:00:11   59
    42  1.8914e-02  1.4122e-06  8.0374e-07  3.0922e-06  1.2759e-05 -1.3624e-01  2.0199e-02  5.2816e-01  0:00:09   58
    43  1.7591e-02  1.3981e-06  7.7574e-07  2.9856e-06  1.1267e-05 -1.3633e-01  2.0262e-02  5.2716e-01  0:00:07   57
    44  1.6394e-02  1.3785e-06  7.4904e-07  2.8778e-06  9.8659e-06 -1.3641e-01  2.0316e-02  5.2633e-01  0:00:05   56

  iter  continuity  x-velocity  y-velocity      energy         nut          mz          cx          cy     time/iter
    45  1.5301e-02  1.3542e-06  7.2467e-07  2.7729e-06  8.5048e-06 -1.3651e-01  2.0366e-02  5.2572e-01  0:00:15   55
    46  1.4301e-02  1.3208e-06  6.9733e-07  2.6676e-06  7.2376e-06 -1.3662e-01  2.0418e-02  5.2535e-01  0:00:12   54
    47  1.3389e-02  1.2816e-06  6.7357e-07  2.5623e-06  6.1613e-06 -1.3676e-01  2.0474e-02  5.2522e-01  0:00:09   53
    48  1.2608e-02  1.2398e-06  6.4881e-07  2.4525e-06  5.1602e-06 -1.3691e-01  2.0539e-02  5.2524e-01  0:00:18   52
    49  1.1954e-02  1.2048e-06  6.2579e-07  2.3523e-06  4.4023e-06 -1.3709e-01  2.0610e-02  5.2547e-01  0:00:14   51
    50  1.1347e-02  1.1688e-06  6.0304e-07  2.2495e-06  3.7980e-06 -1.3728e-01  2.0689e-02  5.2584e-01  0:00:11   50
    51  1.0756e-02  1.1273e-06  5.8054e-07  2.1488e-06  3.2718e-06 -1.3749e-01  2.0776e-02  5.2634e-01  0:00:09   49
    52  1.0130e-02  1.0842e-06  5.5770e-07  2.0510e-06  2.8284e-06 -1.3773e-01  2.0868e-02  5.2697e-01  0:00:07   48
    53  9.5193e-03  1.0438e-06  5.3455e-07  1.9572e-06  2.4562e-06 -1.3797e-01  2.0966e-02  5.2765e-01  0:00:05   47
    54  9.0145e-03  1.0042e-06  5.1166e-07  1.8694e-06  2.1421e-06 -1.3822e-01  2.1067e-02  5.2831e-01  0:00:13   46
    55  8.5240e-03  9.6390e-07  4.8979e-07  1.7868e-06  1.8643e-06 -1.3847e-01  2.1171e-02  5.2898e-01  0:00:10   45

  iter  continuity  x-velocity  y-velocity      energy         nut          mz          cx          cy     time/iter
    56  8.0809e-03  9.2316e-07  4.6735e-07  1.7110e-06  1.6383e-06 -1.3874e-01  2.1276e-02  5.2965e-01  0:00:08   44
    57  7.6483e-03  8.8525e-07  4.4819e-07  1.6427e-06  1.4515e-06 -1.3898e-01  2.1382e-02  5.3022e-01  0:00:06   43
    58  7.2664e-03  8.5052e-07  4.2850e-07  1.5798e-06  1.3093e-06 -1.3926e-01  2.1490e-02  5.3089e-01  0:00:05   42
    59  6.8900e-03  8.1817e-07  4.1040e-07  1.5207e-06  1.1786e-06 -1.3951e-01  2.1594e-02  5.3142e-01  0:00:04   41
    60  6.5664e-03  7.8823e-07  3.8941e-07  1.4686e-06  1.0935e-06 -1.3979e-01  2.1703e-02  5.3202e-01  0:00:11   40
    61  6.2685e-03  7.5885e-07  3.7080e-07  1.4175e-06  1.0028e-06 -1.4004e-01  2.1805e-02  5.3248e-01  0:00:09   39
    62  6.0047e-03  7.2783e-07  3.5209e-07  1.3669e-06  9.2498e-07 -1.4028e-01  2.1907e-02  5.3289e-01  0:00:07   38
    63  5.7518e-03  6.9726e-07  3.3564e-07  1.3182e-06  8.6001e-07 -1.4053e-01  2.2004e-02  5.3333e-01  0:00:05   37
    64  5.5144e-03  6.6910e-07  3.2086e-07  1.2706e-06  7.7380e-07 -1.4076e-01  2.2097e-02  5.3366e-01  0:00:04   36
    65  5.2875e-03  6.4048e-07  3.0518e-07  1.2247e-06  7.0961e-07 -1.4097e-01  2.2186e-02  5.3395e-01  0:00:03   35
    66  5.0627e-03  6.1094e-07  2.8928e-07  1.1806e-06  6.5555e-07 -1.4117e-01  2.2268e-02  5.3417e-01  0:00:09   34

  iter  continuity  x-velocity  y-velocity      energy         nut          mz          cx          cy     time/iter
    67  4.8528e-03  5.8201e-07  2.7518e-07  1.1369e-06  6.1447e-07 -1.4136e-01  2.2346e-02  5.3435e-01  0:00:07   33
    68  4.6632e-03  5.5325e-07  2.6179e-07  1.0922e-06  5.8601e-07 -1.4153e-01  2.2418e-02  5.3445e-01  0:00:06   32
    69  4.4780e-03  5.2559e-07  2.4888e-07  1.0465e-06  5.6934e-07 -1.4169e-01  2.2486e-02  5.3451e-01  0:00:04   31
    70  4.2921e-03  4.9833e-07  2.3604e-07  1.0020e-06  5.7310e-07 -1.4184e-01  2.2552e-02  5.3454e-01  0:00:03   30
    71  4.1092e-03  4.7176e-07  2.2411e-07  9.5826e-07  5.9774e-07 -1.4199e-01  2.2615e-02  5.3456e-01  0:00:03   29
    72  3.9370e-03  4.4572e-07  2.1292e-07  9.1510e-07  6.4400e-07 -1.4213e-01  2.2675e-02  5.3459e-01  0:00:08   28
    73  3.7685e-03  4.2124e-07  2.0211e-07  8.7183e-07  7.1349e-07 -1.4226e-01  2.2732e-02  5.3460e-01  0:00:06   27
    74  3.6076e-03  3.9813e-07  1.9114e-07  8.3044e-07  7.8149e-07 -1.4238e-01  2.2786e-02  5.3459e-01  0:00:05   26
    75  3.4493e-03  3.7557e-07  1.8067e-07  7.9143e-07  8.0923e-07 -1.4250e-01  2.2836e-02  5.3456e-01  0:00:08   25
    76  3.2925e-03  3.5427e-07  1.7144e-07  7.5380e-07  8.1673e-07 -1.4260e-01  2.2884e-02  5.3453e-01  0:00:07   24
    77  3.1399e-03  3.3387e-07  1.6269e-07  7.1594e-07  8.1164e-07 -1.4270e-01  2.2929e-02  5.3450e-01  0:00:05   23

  iter  continuity  x-velocity  y-velocity      energy         nut          mz          cx          cy     time/iter
    78  2.9888e-03  3.1450e-07  1.5427e-07  6.7943e-07  8.0416e-07 -1.4280e-01  2.2972e-02  5.3448e-01  0:00:04   22
    79  2.8462e-03  2.9619e-07  1.4633e-07  6.4438e-07  8.0440e-07 -1.4289e-01  2.3012e-02  5.3445e-01  0:00:03   21
    80  2.7057e-03  2.7861e-07  1.3870e-07  6.1093e-07  8.1221e-07 -1.4297e-01  2.3050e-02  5.3444e-01  0:00:02   20
    81  2.5705e-03  2.6186e-07  1.3172e-07  5.7920e-07  8.1753e-07 -1.4305e-01  2.3086e-02  5.3442e-01  0:00:05   19
    82  2.4392e-03  2.4588e-07  1.2499e-07  5.4872e-07  8.2507e-07 -1.4313e-01  2.3122e-02  5.3442e-01  0:00:04   18
    83  2.3106e-03  2.3121e-07  1.1918e-07  5.1908e-07  8.2553e-07 -1.4320e-01  2.3154e-02  5.3441e-01  0:00:03   17
    84  2.1962e-03  2.1695e-07  1.1286e-07  4.9089e-07  8.2964e-07 -1.4327e-01  2.3185e-02  5.3439e-01  0:00:02   16
    85  2.0922e-03  2.0361e-07  1.0652e-07  4.6407e-07  8.3156e-07 -1.4333e-01  2.3212e-02  5.3436e-01  0:00:02   15
    86  1.9920e-03  1.9116e-07  1.0007e-07  4.3876e-07  8.2625e-07 -1.4339e-01  2.3238e-02  5.3432e-01  0:00:01   14
    87  1.8931e-03  1.7935e-07  9.3680e-08  4.1481e-07  8.2154e-07 -1.4344e-01  2.3263e-02  5.3429e-01  0:00:04   13
    88  1.7860e-03  1.6818e-07  8.8249e-08  3.9184e-07  8.0931e-07 -1.4349e-01  2.3285e-02  5.3424e-01  0:00:03   12

  iter  continuity  x-velocity  y-velocity      energy         nut          mz          cx          cy     time/iter
    89  1.6918e-03  1.5766e-07  8.2858e-08  3.6997e-07  8.0405e-07 -1.4354e-01  2.3306e-02  5.3419e-01  0:00:02   11
    90  1.6017e-03  1.4784e-07  7.8228e-08  3.4871e-07  7.9675e-07 -1.4357e-01  2.3325e-02  5.3413e-01  0:00:01   10
    91  1.5124e-03  1.3856e-07  7.3452e-08  3.2838e-07  7.8970e-07 -1.4361e-01  2.3342e-02  5.3406e-01  0:00:01    9
    92  1.4327e-03  1.2995e-07  6.9057e-08  3.0956e-07  7.8321e-07 -1.4364e-01  2.3358e-02  5.3397e-01  0:00:01    8
    93  1.3564e-03  1.2204e-07  6.5271e-08  2.9188e-07  7.7301e-07 -1.4366e-01  2.3372e-02  5.3389e-01  0:00:02    7
    94  1.2863e-03  1.1455e-07  6.1470e-08  2.7492e-07  7.6158e-07 -1.4369e-01  2.3385e-02  5.3381e-01  0:00:01    6
    95  1.2203e-03  1.0753e-07  5.7924e-08  2.5897e-07  7.5171e-07 -1.4371e-01  2.3396e-02  5.3373e-01  0:00:01    5
    96  1.1542e-03  1.0104e-07  5.4875e-08  2.4372e-07  7.4424e-07 -1.4374e-01  2.3407e-02  5.3366e-01  0:00:01    4
    97  1.0926e-03  9.4919e-08  5.1742e-08  2.2959e-07  7.3727e-07 -1.4376e-01  2.3417e-02  5.3359e-01  0:00:00    3
    98  1.0311e-03  8.9295e-08  4.9000e-08  2.1622e-07  7.2946e-07 -1.4378e-01  2.3426e-02  5.3353e-01  0:00:00    2
    99  9.7580e-04  8.4050e-08  4.6206e-08  2.0383e-07  7.2187e-07 -1.4379e-01  2.3435e-02  5.3347e-01  0:00:00    1

  iter  continuity  x-velocity  y-velocity      energy         nut          mz          cx          cy     time/iter
   100  9.2299e-04  7.9285e-08  4.3607e-08  1.9245e-07  7.0180e-07 -1.4381e-01  2.3442e-02  5.3341e-01  0:00:00    0

  iter  continuity  x-velocity  y-velocity      energy         nut          mz          cx          cy     time/iter
   100  9.2299e-04  7.9285e-08  4.3607e-08  1.9245e-07  7.0180e-07 -1.4381e-01  2.3442e-02  5.3341e-01  0:00:22  100
   101  8.6949e-04  7.4807e-08  4.1276e-08  1.8144e-07  6.8009e-07 -1.4382e-01  2.3449e-02  5.3335e-01  0:00:17   99
   102  8.2262e-04  7.0557e-08  3.8926e-08  1.7118e-07  6.5793e-07 -1.4383e-01  2.3454e-02  5.3330e-01  0:00:14   98
   103  7.7623e-04  6.6698e-08  3.6888e-08  1.6153e-07  6.3350e-07 -1.4384e-01  2.3459e-02  5.3324e-01  0:00:11   97
   104  7.3504e-04  6.3010e-08  3.4787e-08  1.5247e-07  6.0863e-07 -1.4384e-01  2.3464e-02  5.3319e-01  0:00:28   96
   105  6.9492e-04  5.9613e-08  3.3079e-08  1.4409e-07  5.8827e-07 -1.4385e-01  2.3468e-02  5.3315e-01  0:00:22   95
   106  6.5788e-04  5.6332e-08  3.1500e-08  1.3614e-07  5.6302e-07 -1.4386e-01  2.3472e-02  5.3310e-01  0:00:17   94
   107  6.2332e-04  5.3379e-08  3.0120e-08  1.2886e-07  5.3802e-07 -1.4386e-01  2.3475e-02  5.3307e-01  0:00:14   93
   108  5.9109e-04  5.0707e-08  2.8907e-08  1.2206e-07  5.0981e-07 -1.4386e-01  2.3478e-02  5.3303e-01  0:00:29   92
   109  5.5906e-04  4.8196e-08  2.7441e-08  1.1563e-07  4.8364e-07 -1.4387e-01  2.3481e-02  5.3300e-01  0:00:23   91
   110  5.3092e-04  4.5875e-08  2.5949e-08  1.0956e-07  4.6199e-07 -1.4387e-01  2.3484e-02  5.3297e-01  0:00:18   90

  iter  continuity  x-velocity  y-velocity      energy         nut          mz          cx          cy     time/iter
   111  5.0407e-04  4.3647e-08  2.4629e-08  1.0387e-07  4.4032e-07 -1.4387e-01  2.3487e-02  5.3295e-01  0:00:15   89
   112  4.7813e-04  4.1528e-08  2.3366e-08  9.8663e-08  4.2111e-07 -1.4388e-01  2.3490e-02  5.3294e-01  0:00:29   88
   113  4.5359e-04  3.9502e-08  2.2140e-08  9.3656e-08  4.0323e-07 -1.4389e-01  2.3493e-02  5.3293e-01  0:00:23   87
   114  4.2981e-04  3.7581e-08  2.0883e-08  8.9031e-08  3.8518e-07 -1.4389e-01  2.3496e-02  5.3293e-01  0:00:18   86
   115  4.0832e-04  3.5873e-08  1.9730e-08  8.4803e-08  3.6902e-07 -1.4390e-01  2.3499e-02  5.3293e-01  0:00:14   85
   116  3.8760e-04  3.4260e-08  1.8727e-08  8.0799e-08  3.5375e-07 -1.4391e-01  2.3502e-02  5.3293e-01  0:00:28   84
   117  3.6788e-04  3.2713e-08  1.7815e-08  7.7025e-08  3.3707e-07 -1.4391e-01  2.3505e-02  5.3293e-01  0:00:22   83
   118  3.4945e-04  3.1246e-08  1.6980e-08  7.3492e-08  3.2099e-07 -1.4392e-01  2.3508e-02  5.3294e-01  0:00:18   82
   119  3.3181e-04  2.9858e-08  1.6188e-08  7.0182e-08  3.0739e-07 -1.4393e-01  2.3511e-02  5.3295e-01  0:00:14   81
   120  3.1550e-04  2.8541e-08  1.5433e-08  6.7000e-08  2.9396e-07 -1.4393e-01  2.3514e-02  5.3295e-01  0:00:27   80
   121  3.0065e-04  2.7294e-08  1.4747e-08  6.4034e-08  2.8117e-07 -1.4394e-01  2.3517e-02  5.3296e-01  0:00:21   79

  iter  continuity  x-velocity  y-velocity      energy         nut          mz          cx          cy     time/iter
   122  2.8711e-04  2.6109e-08  1.4068e-08  6.1226e-08  2.6709e-07 -1.4395e-01  2.3520e-02  5.3297e-01  0:00:17   78
   123  2.7409e-04  2.4980e-08  1.3415e-08  5.8580e-08  2.5170e-07 -1.4395e-01  2.3522e-02  5.3298e-01  0:00:13   77
   124  2.6166e-04  2.3896e-08  1.2790e-08  5.6118e-08  2.3527e-07 -1.4396e-01  2.3525e-02  5.3298e-01  0:00:11   76
   125  2.5015e-04  2.2870e-08  1.2226e-08  5.3779e-08  2.1861e-07 -1.4397e-01  2.3527e-02  5.3299e-01  0:00:23   75
   126  2.3909e-04  2.1892e-08  1.1661e-08  5.1434e-08  2.0289e-07 -1.4397e-01  2.3529e-02  5.3299e-01  0:00:18   74
   127  2.2782e-04  2.0990e-08  1.1127e-08  4.9256e-08  1.8804e-07 -1.4397e-01  2.3530e-02  5.3299e-01  0:00:15   73
   128  2.1679e-04  2.0126e-08  1.0606e-08  4.7281e-08  1.7438e-07 -1.4397e-01  2.3531e-02  5.3298e-01  0:00:11   72
   129  2.0593e-04  1.9294e-08  1.0082e-08  4.5355e-08  1.6141e-07 -1.4397e-01  2.3531e-02  5.3297e-01  0:00:23   71
   130  1.9584e-04  1.8507e-08  9.5912e-09  4.3424e-08  1.4881e-07 -1.4397e-01  2.3531e-02  5.3296e-01  0:00:18   70
   131  1.8623e-04  1.7722e-08  9.1338e-09  4.1552e-08  1.3638e-07 -1.4397e-01  2.3530e-02  5.3294e-01  0:00:14   69
   132  1.7784e-04  1.6942e-08  8.7105e-09  3.9723e-08  1.2447e-07 -1.4397e-01  2.3530e-02  5.3293e-01  0:00:11   68

  iter  continuity  x-velocity  y-velocity      energy         nut          mz          cx          cy     time/iter
   133  1.6983e-04  1.6172e-08  8.3075e-09  3.7921e-08  1.1289e-07 -1.4396e-01  2.3529e-02  5.3291e-01  0:00:09   67
   134  1.6237e-04  1.5413e-08  7.9443e-09  3.6214e-08  1.0165e-07 -1.4396e-01  2.3529e-02  5.3290e-01  0:00:20   66
   135  1.5545e-04  1.4678e-08  7.5758e-09  3.4467e-08  9.0928e-08 -1.4396e-01  2.3529e-02  5.3288e-01  0:00:16   65
   136  1.4851e-04  1.3985e-08  7.2589e-09  3.2868e-08  8.0793e-08 -1.4396e-01  2.3528e-02  5.3287e-01  0:00:13   64
   137  1.4149e-04  1.3320e-08  6.8875e-09  3.1300e-08  7.1566e-08 -1.4396e-01  2.3528e-02  5.3285e-01  0:00:10   63
   138  1.3518e-04  1.2691e-08  6.5912e-09  2.9782e-08  6.2860e-08 -1.4396e-01  2.3528e-02  5.3284e-01  0:00:08   62
   139  1.2883e-04  1.2081e-08  6.2585e-09  2.8343e-08  5.5033e-08 -1.4396e-01  2.3528e-02  5.3283e-01  0:00:06   61
   140  1.2310e-04  1.1506e-08  5.9975e-09  2.6966e-08  4.7999e-08 -1.4395e-01  2.3528e-02  5.3282e-01  0:00:17   60
   141  1.1742e-04  1.0952e-08  5.7035e-09  2.5649e-08  4.1958e-08 -1.4395e-01  2.3528e-02  5.3281e-01  0:00:13   59
   142  1.1242e-04  1.0421e-08  5.4426e-09  2.4392e-08  3.7352e-08 -1.4395e-01  2.3528e-02  5.3279e-01  0:00:10   58
   143  1.0721e-04  9.9248e-09  5.2288e-09  2.3212e-08  3.3665e-08 -1.4395e-01  2.3528e-02  5.3278e-01  0:00:08   57

  iter  continuity  x-velocity  y-velocity      energy         nut          mz          cx          cy     time/iter
   144  1.0222e-04  9.4450e-09  4.9798e-09  2.2090e-08  3.1087e-08 -1.4395e-01  2.3529e-02  5.3277e-01  0:00:06   56
   145  9.7801e-05  8.9869e-09  4.7495e-09  2.1016e-08  2.9479e-08 -1.4395e-01  2.3529e-02  5.3276e-01  0:00:16   55
   146  9.3342e-05  8.5571e-09  4.5288e-09  1.9990e-08  2.8801e-08 -1.4395e-01  2.3529e-02  5.3275e-01  0:00:13   54
   147  8.8816e-05  8.1530e-09  4.3420e-09  1.9019e-08  2.8702e-08 -1.4395e-01  2.3529e-02  5.3274e-01  0:00:10   53
   148  8.4406e-05  7.7612e-09  4.1286e-09  1.8093e-08  2.9049e-08 -1.4395e-01  2.3530e-02  5.3273e-01  0:00:08   52
   149  8.0548e-05  7.3871e-09  3.9343e-09  1.7221e-08  2.9512e-08 -1.4395e-01  2.3530e-02  5.3272e-01  0:00:06   51
   150  7.6804e-05  7.0337e-09  3.7727e-09  1.6388e-08  2.9953e-08 -1.4396e-01  2.3530e-02  5.3272e-01  0:00:05   50
   151  7.2969e-05  6.6901e-09  3.5863e-09  1.5596e-08  3.0230e-08 -1.4396e-01  2.3530e-02  5.3271e-01  0:00:14   49
   152  6.9246e-05  6.3643e-09  3.4127e-09  1.4846e-08  3.0384e-08 -1.4396e-01  2.3531e-02  5.3270e-01  0:00:11   48
   153  6.5916e-05  6.0590e-09  3.2686e-09  1.4128e-08  3.0485e-08 -1.4396e-01  2.3531e-02  5.3270e-01  0:00:08   47
   154  6.2589e-05  5.7627e-09  3.1046e-09  1.3460e-08  3.0484e-08 -1.4396e-01  2.3531e-02  5.3269e-01  0:00:07   46

  iter  continuity  x-velocity  y-velocity      energy         nut          mz          cx          cy     time/iter
   155  5.9675e-05  5.4850e-09  2.9697e-09  1.2819e-08  3.0467e-08 -1.4396e-01  2.3532e-02  5.3269e-01  0:00:05   45
   156  5.6476e-05  5.2168e-09  2.8168e-09  1.2209e-08  3.0224e-08 -1.4396e-01  2.3532e-02  5.3268e-01  0:00:13   44
   157  5.3807e-05  4.9679e-09  2.6924e-09  1.1621e-08  3.0031e-08 -1.4396e-01  2.3532e-02  5.3267e-01  0:00:10   43
   158  5.1088e-05  4.7265e-09  2.5520e-09  1.1075e-08  2.9866e-08 -1.4396e-01  2.3532e-02  5.3267e-01  0:00:08   42
   159  4.8696e-05  4.5005e-09  2.4385e-09  1.0545e-08  2.9736e-08 -1.4396e-01  2.3532e-02  5.3266e-01  0:00:06   41
   160  4.6201e-05  4.2809e-09  2.3123e-09  1.0037e-08  2.9413e-08 -1.4396e-01  2.3533e-02  5.3266e-01  0:00:13   40
   161  4.4098e-05  4.0737e-09  2.2116e-09  9.5559e-09  2.8981e-08 -1.4396e-01  2.3533e-02  5.3266e-01  0:00:10   39
   162  4.2018e-05  3.8752e-09  2.1105e-09  9.0915e-09  2.8460e-08 -1.4396e-01  2.3533e-02  5.3265e-01  0:00:08   38
   163  3.9982e-05  3.6837e-09  1.9998e-09  8.6605e-09  2.7993e-08 -1.4396e-01  2.3533e-02  5.3265e-01  0:00:06   37
   164  3.8114e-05  3.5045e-09  1.9106e-09  8.2482e-09  2.7490e-08 -1.4396e-01  2.3533e-02  5.3265e-01  0:00:05   36
   165  3.6254e-05  3.3326e-09  1.8219e-09  7.8540e-09  2.7056e-08 -1.4396e-01  2.3534e-02  5.3265e-01  0:00:04   35

  iter  continuity  x-velocity  y-velocity      energy         nut          mz          cx          cy     time/iter
   166  3.4525e-05  3.1678e-09  1.7250e-09  7.4802e-09  2.6508e-08 -1.4396e-01  2.3534e-02  5.3265e-01  0:00:10   34
   167  3.2878e-05  3.0143e-09  1.6458e-09  7.1249e-09  2.5852e-08 -1.4396e-01  2.3534e-02  5.3265e-01  0:00:07   33
   168  3.1259e-05  2.8681e-09  1.5681e-09  6.7895e-09  2.5126e-08 -1.4396e-01  2.3534e-02  5.3265e-01  0:00:06   32
   169  2.9722e-05  2.7293e-09  1.4930e-09  6.4708e-09  2.4416e-08 -1.4396e-01  2.3535e-02  5.3264e-01  0:00:05   31
   170  2.8268e-05  2.5957e-09  1.4138e-09  6.1744e-09  2.3615e-08 -1.4397e-01  2.3535e-02  5.3264e-01  0:00:03   30
   171  2.6866e-05  2.4720e-09  1.3506e-09  5.8894e-09  2.2738e-08 -1.4397e-01  2.3535e-02  5.3264e-01  0:00:03   29
   172  2.5525e-05  2.3558e-09  1.2878e-09  5.6211e-09  2.1907e-08 -1.4397e-01  2.3535e-02  5.3264e-01  0:00:08   28
   173  2.4299e-05  2.2454e-09  1.2271e-09  5.3640e-09  2.1139e-08 -1.4397e-01  2.3535e-02  5.3264e-01  0:00:06   27
   174  2.3223e-05  2.1404e-09  1.1692e-09  5.1138e-09  2.0378e-08 -1.4397e-01  2.3536e-02  5.3264e-01  0:00:05   26
   175  2.2217e-05  2.0392e-09  1.1079e-09  4.8809e-09  1.9536e-08 -1.4397e-01  2.3536e-02  5.3264e-01  0:00:04   25
   176  2.1243e-05  1.9451e-09  1.0581e-09  4.6540e-09  1.8629e-08 -1.4397e-01  2.3536e-02  5.3264e-01  0:00:03   24

  iter  continuity  x-velocity  y-velocity      energy         nut          mz          cx          cy     time/iter
   177  2.0321e-05  1.8543e-09  1.0043e-09  4.4428e-09  1.7709e-08 -1.4397e-01  2.3536e-02  5.3264e-01  0:00:07   23
   178  1.9403e-05  1.7692e-09  9.6019e-10  4.2385e-09  1.6792e-08 -1.4397e-01  2.3536e-02  5.3264e-01  0:00:05   22
   179  1.8508e-05  1.6881e-09  9.1630e-10  4.0419e-09  1.5885e-08 -1.4397e-01  2.3537e-02  5.3264e-01  0:00:04   21
   180  1.7686e-05  1.6090e-09  8.6887e-10  3.8577e-09  1.5004e-08 -1.4397e-01  2.3537e-02  5.3264e-01  0:00:03   20
   181  1.6903e-05  1.5352e-09  8.3098e-10  3.6770e-09  1.4162e-08 -1.4397e-01  2.3537e-02  5.3264e-01  0:00:02   19
   182  1.6145e-05  1.4635e-09  7.8932e-10  3.5076e-09  1.3384e-08 -1.4397e-01  2.3537e-02  5.3264e-01  0:00:02   18
   183  1.5435e-05  1.3960e-09  7.5531e-10  3.3425e-09  1.2636e-08 -1.4397e-01  2.3537e-02  5.3264e-01  0:00:05   17
   184  1.4726e-05  1.3303e-09  7.1730e-10  3.1873e-09  1.1919e-08 -1.4397e-01  2.3537e-02  5.3265e-01  0:00:04   16
   185  1.4071e-05  1.2686e-09  6.8629e-10  3.0359e-09  1.1239e-08 -1.4397e-01  2.3538e-02  5.3265e-01  0:00:03   15
   186  1.3410e-05  1.2086e-09  6.5157e-10  2.8935e-09  1.0600e-08 -1.4397e-01  2.3538e-02  5.3265e-01  0:00:02   14
   187  1.2809e-05  1.1522e-09  6.2340e-10  2.7551e-09  9.9895e-09 -1.4397e-01  2.3538e-02  5.3265e-01  0:00:04   13

  iter  continuity  x-velocity  y-velocity      energy         nut          mz          cx          cy     time/iter
   188  1.2194e-05  1.0974e-09  5.9147e-10  2.6236e-09  9.4047e-09 -1.4398e-01  2.3538e-02  5.3265e-01  0:00:03   12
   189  1.1639e-05  1.0459e-09  5.6558e-10  2.4979e-09  8.8376e-09 -1.4398e-01  2.3538e-02  5.3265e-01  0:00:02   11
   190  1.1073e-05  9.9634e-10  5.3632e-10  2.3784e-09  8.3285e-09 -1.4398e-01  2.3538e-02  5.3265e-01  0:00:02   10
   191  1.0561e-05  9.4979e-10  5.1255e-10  2.2626e-09  7.8660e-09 -1.4398e-01  2.3538e-02  5.3265e-01  0:00:01    9
   192  1.0034e-05  9.0466e-10  4.8598e-10  2.1542e-09  7.4606e-09 -1.4398e-01  2.3539e-02  5.3265e-01  0:00:01    8
   193  9.5669e-06  8.6224e-10  4.6448e-10  2.0482e-09  7.0982e-09 -1.4398e-01  2.3539e-02  5.3265e-01  0:00:02    7
   194  9.0906e-06  8.2115e-10  4.4047e-10  1.9492e-09  6.7795e-09 -1.4398e-01  2.3539e-02  5.3265e-01  0:00:01    6
   195  8.6660e-06  7.8263e-10  4.2095e-10  1.8532e-09  6.4888e-09 -1.4398e-01  2.3539e-02  5.3265e-01  0:00:01    5
   196  8.2331e-06  7.4548e-10  3.9906e-10  1.7631e-09  6.2283e-09 -1.4398e-01  2.3539e-02  5.3265e-01  0:00:01    4
   197  7.8463e-06  7.1087e-10  3.8135e-10  1.6755e-09  5.9749e-09 -1.4398e-01  2.3539e-02  5.3265e-01  0:00:00    3
   198  7.4483e-06  6.7734e-10  3.6136e-10  1.5941e-09  5.7374e-09 -1.4398e-01  2.3539e-02  5.3265e-01  0:00:01    2

  iter  continuity  x-velocity  y-velocity      energy         nut          mz          cx          cy     time/iter
   199  7.0959e-06  6.4597e-10  3.4524e-10  1.5158e-09  5.5178e-09 -1.4398e-01  2.3539e-02  5.3265e-01  0:00:00    1
   200  6.7302e-06  6.1559e-10  3.2616e-10  1.4418e-09  5.3244e-09 -1.4398e-01  2.3540e-02  5.3265e-01  0:00:00    0

  iter  continuity  x-velocity  y-velocity      energy         nut          mz          cx          cy     time/iter
   200  6.7302e-06  6.1559e-10  3.2616e-10  1.4418e-09  5.3244e-09 -1.4398e-01  2.3540e-02  5.3265e-01  0:00:09   50
   201  2.8928e-02  5.8705e-10  3.1087e-10  1.6960e-06  6.6824e-06 -1.4349e-01  2.3466e-02  5.2855e-01  0:00:07   49
   202  3.0648e-02  5.5807e-07  4.0428e-06  2.0867e-06  2.6613e-05 -1.4213e-01  2.3448e-02  5.1823e-01  0:00:15   48
   203  1.7248e-02  4.0923e-07  4.9486e-06  1.8297e-06  4.9465e-05 -1.4030e-01  2.3330e-02  5.0395e-01  0:00:12   47
   204  1.0074e-02  6.5064e-07  5.2410e-06  1.6727e-06  7.4874e-05 -1.3839e-01  2.3101e-02  4.8813e-01  0:00:09   46
   205  1.1303e-02  7.4542e-07  5.2105e-06  2.0747e-06  1.0205e-04 -1.3647e-01  2.2728e-02  4.7202e-01  0:00:07   45
   206  1.4541e-02  7.6443e-07  4.8485e-06  2.3294e-06  1.2519e-04 -1.3482e-01  2.2284e-02  4.5708e-01  0:00:06   44
   207  1.6705e-02  7.3919e-07  4.2008e-06  2.4196e-06  1.3645e-04 -1.3348e-01  2.1855e-02  4.4394e-01  0:00:05   43
   208  1.6163e-02  6.5528e-07  3.5182e-06  2.3063e-06  1.3071e-04 -1.3253e-01  2.1408e-02  4.3358e-01  0:00:04   42
   209  1.5214e-02  5.4182e-07  2.9792e-06  2.1683e-06  1.1418e-04 -1.3201e-01  2.1024e-02  4.2591e-01  0:00:11   41
   210  1.3935e-02  4.6365e-07  2.3501e-06  2.1524e-06  9.3763e-05 -1.3184e-01  2.0712e-02  4.2077e-01  0:00:09   40

  iter  continuity  x-velocity  y-velocity      energy         nut          mz          cx          cy     time/iter
   211  1.2215e-02  4.6218e-07  1.7179e-06  2.1172e-06  7.3765e-05 -1.3196e-01  2.0507e-02  4.1798e-01  0:00:07   39
   212  1.0436e-02  5.1381e-07  1.1943e-06  2.0546e-06  5.7764e-05 -1.3227e-01  2.0396e-02  4.1706e-01  0:00:05   38
   213  8.5604e-03  5.8008e-07  8.8310e-07  1.9619e-06  4.6691e-05 -1.3277e-01  2.0397e-02  4.1797e-01  0:00:04   37
   214  6.9009e-03  6.2666e-07  9.0082e-07  1.8595e-06  3.8606e-05 -1.3334e-01  2.0468e-02  4.2006e-01  0:00:03   36
   215  5.8618e-03  6.2341e-07  9.6612e-07  1.7316e-06  3.3724e-05 -1.3391e-01  2.0592e-02  4.2287e-01  0:00:02   35
   216  5.1524e-03  5.9386e-07  9.3363e-07  1.5437e-06  3.3318e-05 -1.3444e-01  2.0742e-02  4.2606e-01  0:00:09   34
   217  4.9209e-03  5.2458e-07  8.2647e-07  1.3161e-06  3.4528e-05 -1.3491e-01  2.0909e-02  4.2923e-01  0:00:07   33
   218  4.7813e-03  4.2484e-07  7.0099e-07  1.0917e-06  3.4499e-05 -1.3534e-01  2.1077e-02  4.3220e-01  0:00:05   32
   219  4.4152e-03  3.2157e-07  6.1049e-07  8.9481e-07  3.3245e-05 -1.3571e-01  2.1235e-02  4.3494e-01  0:00:04   31
   220  3.8693e-03  2.2851e-07  5.1549e-07  7.9328e-07  3.0862e-05 -1.3602e-01  2.1380e-02  4.3730e-01  0:00:03   30
   221  3.2547e-03  1.7030e-07  4.1571e-07  7.2776e-07  2.7492e-05 -1.3626e-01  2.1497e-02  4.3933e-01  0:00:02   29

  iter  continuity  x-velocity  y-velocity      energy         nut          mz          cx          cy     time/iter
   222  2.6986e-03  1.8549e-07  3.1958e-07  6.8785e-07  2.4203e-05 -1.3651e-01  2.1613e-02  4.4144e-01  0:00:02   28
   223  2.2051e-03  2.2820e-07  2.4745e-07  6.4959e-07  2.0916e-05 -1.3672e-01  2.1698e-02  4.4307e-01  0:00:07   27
   224  1.9744e-03  2.3209e-07  1.8939e-07  6.1357e-07  1.7909e-05 -1.3687e-01  2.1749e-02  4.4426e-01  0:00:05   26
   225  1.8429e-03  2.3191e-07  1.4050e-07  5.7136e-07  1.5683e-05 -1.3698e-01  2.1782e-02  4.4504e-01  0:00:04   25
   226  1.6907e-03  2.2408e-07  1.0446e-07  5.2002e-07  1.4390e-05 -1.3707e-01  2.1806e-02  4.4548e-01  0:00:03   24
   227  1.5388e-03  1.9691e-07  8.4152e-08  4.5655e-07  1.3792e-05 -1.3708e-01  2.1817e-02  4.4558e-01  0:00:07   23
   228  1.3891e-03  1.6714e-07  7.5712e-08  3.9264e-07  1.3265e-05 -1.3707e-01  2.1821e-02  4.4547e-01  0:00:05   22
   229  1.2398e-03  1.4352e-07  7.3439e-08  3.3667e-07  1.2764e-05 -1.3703e-01  2.1817e-02  4.4517e-01  0:00:04   21
   230  1.1132e-03  1.1823e-07  7.3109e-08  2.9050e-07  1.2124e-05 -1.3696e-01  2.1808e-02  4.4475e-01  0:00:03   20
   231  9.8588e-04  9.5655e-08  6.8990e-08  2.5628e-07  1.1533e-05 -1.3689e-01  2.1802e-02  4.4425e-01  0:00:02   19
   232  8.6234e-04  8.1210e-08  6.3332e-08  2.3366e-07  1.0759e-05 -1.3683e-01  2.1793e-02  4.4385e-01  0:00:02   18

  iter  continuity  x-velocity  y-velocity      energy         nut          mz          cx          cy     time/iter
   233  7.5129e-04  7.3030e-08  5.6337e-08  2.1596e-07  9.9677e-06 -1.3678e-01  2.1785e-02  4.4356e-01  0:00:01   17
   234  6.7671e-04  6.7734e-08  4.9225e-08  1.9893e-07  9.2258e-06 -1.3674e-01  2.1779e-02  4.4339e-01  0:00:04   16
   235  6.3076e-04  6.3652e-08  4.2780e-08  1.8102e-07  8.4393e-06 -1.3673e-01  2.1775e-02  4.4335e-01  0:00:03   15
   236  5.8324e-04  5.7609e-08  3.8052e-08  1.6485e-07  7.7428e-06 -1.3673e-01  2.1777e-02  4.4341e-01  0:00:02   14
   237  5.5751e-04  5.2702e-08  3.4168e-08  1.5287e-07  7.3947e-06 -1.3676e-01  2.1784e-02  4.4358e-01  0:00:02   13
   238  5.3682e-04  4.8223e-08  3.0492e-08  1.4411e-07  6.9425e-06 -1.3680e-01  2.1795e-02  4.4383e-01  0:00:01   12
   239  5.0278e-04  4.5068e-08  2.6763e-08  1.3692e-07  6.7860e-06 -1.3685e-01  2.1808e-02  4.4413e-01  0:00:01   11
   240  4.6622e-04  4.1624e-08  2.3349e-08  1.2793e-07  6.4605e-06 -1.3689e-01  2.1819e-02  4.4435e-01  0:00:03   10
   241  4.3722e-04  3.8490e-08  2.0090e-08  1.2381e-07  6.1973e-06 -1.3694e-01  2.1829e-02  4.4466e-01  0:00:02    9
   242  4.0427e-04  3.6683e-08  1.7548e-08  1.1938e-07  6.0235e-06 -1.3698e-01  2.1840e-02  4.4492e-01  0:00:01    8
   243  3.8199e-04  3.5071e-08  1.5467e-08  1.1455e-07  5.9039e-06 -1.3702e-01  2.1848e-02  4.4513e-01  0:00:01    7

  iter  continuity  x-velocity  y-velocity      energy         nut          mz          cx          cy     time/iter
   244  3.5522e-04  3.3403e-08  1.3785e-08  1.0889e-07  5.8654e-06 -1.3705e-01  2.1855e-02  4.4528e-01  0:00:01    6
   245  3.3098e-04  3.1464e-08  1.2372e-08  1.0263e-07  5.8111e-06 -1.3707e-01  2.1860e-02  4.4537e-01  0:00:00    5
   246  3.1059e-04  2.9469e-08  1.1045e-08  9.5948e-08  5.6828e-06 -1.3708e-01  2.1864e-02  4.4542e-01  0:00:00    4
   247  2.8997e-04  2.7318e-08  9.8810e-09  8.9141e-08  5.5205e-06 -1.3709e-01  2.1865e-02  4.4542e-01  0:00:01    3
   248  2.6981e-04  2.5142e-08  8.9472e-09  8.2856e-08  5.3458e-06 -1.3709e-01  2.1867e-02  4.4538e-01  0:00:00    2
   249  2.5457e-04  2.3074e-08  8.1874e-09  7.7123e-08  5.1647e-06 -1.3709e-01  2.1868e-02  4.4533e-01  0:00:00    1
   250  2.4070e-04  2.1052e-08  7.5650e-09  7.2317e-08  4.9340e-06 -1.3709e-01  2.1869e-02  4.4527e-01  0:00:00    0

  iter  continuity  x-velocity  y-velocity      energy         nut          mz          cx          cy     time/iter
   250  2.4070e-04  2.1052e-08  7.5650e-09  7.2317e-08  4.9340e-06 -1.3709e-01  2.1869e-02  4.4527e-01  0:00:07   50
   251  2.2800e-04  1.9138e-08  7.0661e-09  6.7757e-08  4.8324e-06 -1.3709e-01  2.1870e-02  4.4522e-01  0:00:05   49
   252  2.1489e-04  1.7369e-08  6.5753e-09  6.3737e-08  4.6902e-06 -1.3709e-01  2.1873e-02  4.4518e-01  0:00:04   48
   253  2.0134e-04  1.5978e-08  6.0296e-09  5.9486e-08  4.5290e-06 -1.3710e-01  2.1877e-02  4.4516e-01  0:00:03   47
   254  1.8762e-04  1.4966e-08  5.4551e-09  5.5446e-08  4.2617e-06 -1.3710e-01  2.1881e-02  4.4517e-01  0:00:12   46
   255  1.7392e-04  1.4055e-08  4.9077e-09  5.1866e-08  4.0232e-06 -1.3712e-01  2.1887e-02  4.4521e-01  0:00:09   45
   256  1.6142e-04  1.3216e-08  4.3994e-09  4.9013e-08  3.8569e-06 -1.3713e-01  2.1894e-02  4.4527e-01  0:00:07   44
   257  1.5041e-04  1.2506e-08  3.9772e-09  4.6486e-08  3.6558e-06 -1.3715e-01  2.1901e-02  4.4536e-01  0:00:06   43
   258  1.4053e-04  1.1843e-08  3.6651e-09  4.4340e-08  3.5100e-06 -1.3717e-01  2.1908e-02  4.4546e-01  0:00:04   42
   259  1.3159e-04  1.1190e-08  3.4432e-09  4.2284e-08  3.3556e-06 -1.3719e-01  2.1916e-02  4.4556e-01  0:00:03   41
   260  1.2330e-04  1.0602e-08  3.2693e-09  4.0204e-08  3.1485e-06 -1.3721e-01  2.1923e-02  4.4567e-01  0:00:11   40

  iter  continuity  x-velocity  y-velocity      energy         nut          mz          cx          cy     time/iter
   261  1.1579e-04  1.0040e-08  3.1202e-09  3.8236e-08  2.9598e-06 -1.3723e-01  2.1930e-02  4.4578e-01  0:00:08   39
   262  1.0932e-04  9.5037e-09  2.9878e-09  3.6302e-08  2.7922e-06 -1.3725e-01  2.1936e-02  4.4587e-01  0:00:06   38
   263  1.0287e-04  8.9930e-09  2.8700e-09  3.4347e-08  2.6445e-06 -1.3726e-01  2.1942e-02  4.4596e-01  0:00:05   37
   264  9.7094e-05  8.5165e-09  2.7537e-09  3.2529e-08  2.4788e-06 -1.3728e-01  2.1946e-02  4.4602e-01  0:00:04   36
   265  9.1956e-05  8.0720e-09  2.6174e-09  3.0749e-08  2.3460e-06 -1.3729e-01  2.1950e-02  4.4606e-01  0:00:03   35
   266  8.6905e-05  7.6581e-09  2.4559e-09  2.9016e-08  2.2211e-06 -1.3729e-01  2.1952e-02  4.4609e-01  0:00:02   34
   267  8.2178e-05  7.2812e-09  2.2932e-09  2.7337e-08  2.1219e-06 -1.3730e-01  2.1954e-02  4.4610e-01  0:00:08   33
   268  7.7779e-05  6.9304e-09  2.1229e-09  2.5705e-08  2.0361e-06 -1.3730e-01  2.1955e-02  4.4609e-01  0:00:07   32
   269  7.3990e-05  6.5802e-09  1.9854e-09  2.4195e-08  1.9515e-06 -1.3730e-01  2.1955e-02  4.4607e-01  0:00:05   31
   270  7.0419e-05  6.2530e-09  1.8725e-09  2.2854e-08  1.8871e-06 -1.3729e-01  2.1955e-02  4.4605e-01  0:00:04   30
   271  6.7167e-05  5.9274e-09  1.7709e-09  2.1596e-08  1.8243e-06 -1.3729e-01  2.1955e-02  4.4602e-01  0:00:03   29

  iter  continuity  x-velocity  y-velocity      energy         nut          mz          cx          cy     time/iter
   272  6.3991e-05  5.5986e-09  1.6765e-09  2.0385e-08  1.7562e-06 -1.3729e-01  2.1955e-02  4.4599e-01  0:00:02   28
   273  6.0846e-05  5.2660e-09  1.5817e-09  1.9294e-08  1.6788e-06 -1.3729e-01  2.1955e-02  4.4596e-01  0:00:02   27
   274  5.7712e-05  4.9350e-09  1.4875e-09  1.8146e-08  1.6042e-06 -1.3729e-01  2.1955e-02  4.4593e-01  0:00:07   26
   275  5.4278e-05  4.6211e-09  1.4021e-09  1.7003e-08  1.5306e-06 -1.3729e-01  2.1956e-02  4.4592e-01  0:00:05   25
   276  5.1156e-05  4.3169e-09  1.3052e-09  1.5858e-08  1.4590e-06 -1.3729e-01  2.1957e-02  4.4591e-01  0:00:04   24
   277  4.8126e-05  4.0433e-09  1.2057e-09  1.4767e-08  1.3929e-06 -1.3729e-01  2.1958e-02  4.4591e-01  0:00:03   23
   278  4.5297e-05  3.7822e-09  1.1117e-09  1.3830e-08  1.3283e-06 -1.3730e-01  2.1960e-02  4.4592e-01  0:00:07   22
   279  4.2677e-05  3.5420e-09  1.0331e-09  1.2992e-08  1.2646e-06 -1.3730e-01  2.1961e-02  4.4594e-01  0:00:05   21
   280  4.0304e-05  3.3205e-09  9.7449e-10  1.2230e-08  1.2077e-06 -1.3731e-01  2.1963e-02  4.4595e-01  0:00:04   20
   281  3.8117e-05  3.1160e-09  9.3438e-10  1.1517e-08  1.1569e-06 -1.3731e-01  2.1964e-02  4.4596e-01  0:00:03   19
   282  3.6018e-05  2.9277e-09  9.0476e-10  1.0865e-08  1.1090e-06 -1.3731e-01  2.1965e-02  4.4597e-01  0:00:02   18

  iter  continuity  x-velocity  y-velocity      energy         nut          mz          cx          cy     time/iter
   283  3.4187e-05  2.7490e-09  8.6747e-10  1.0216e-08  1.0512e-06 -1.3731e-01  2.1966e-02  4.4597e-01  0:00:05   17
   284  3.2444e-05  2.5879e-09  8.1982e-10  9.6015e-09  9.9794e-07 -1.3731e-01  2.1967e-02  4.4598e-01  0:00:04   16
   285  3.0856e-05  2.4349e-09  7.6627e-10  9.0438e-09  9.4482e-07 -1.3731e-01  2.1967e-02  4.4597e-01  0:00:03   15
   286  2.9289e-05  2.3062e-09  7.2185e-10  8.5525e-09  8.8647e-07 -1.3731e-01  2.1968e-02  4.4597e-01  0:00:02   14
   287  2.7708e-05  2.1817e-09  6.7239e-10  8.0973e-09  8.2419e-07 -1.3731e-01  2.1968e-02  4.4597e-01  0:00:02   13
   288  2.6293e-05  2.0698e-09  6.2604e-10  7.6781e-09  7.5843e-07 -1.3731e-01  2.1968e-02  4.4596e-01  0:00:01   12
   289  2.4924e-05  1.9658e-09  5.8355e-10  7.2785e-09  6.9097e-07 -1.3731e-01  2.1969e-02  4.4596e-01  0:00:03   11
   290  2.3575e-05  1.8680e-09  5.4471e-10  6.9012e-09  6.2429e-07 -1.3731e-01  2.1969e-02  4.4596e-01  0:00:02   10
   291  2.2347e-05  1.7777e-09  5.0917e-10  6.5397e-09  5.6207e-07 -1.3731e-01  2.1969e-02  4.4596e-01  0:00:02    9
   292  2.1200e-05  1.6905e-09  4.7527e-10  6.2311e-09  5.0673e-07 -1.3731e-01  2.1970e-02  4.4596e-01  0:00:01    8
   293  2.0082e-05  1.6101e-09  4.4920e-10  5.9061e-09  4.5633e-07 -1.3731e-01  2.1970e-02  4.4596e-01  0:00:01    7

  iter  continuity  x-velocity  y-velocity      energy         nut          mz          cx          cy     time/iter
   294  1.9075e-05  1.5311e-09  4.1927e-10  5.6214e-09  4.1195e-07 -1.3731e-01  2.1971e-02  4.4597e-01  0:00:01    6
   295  1.8128e-05  1.4633e-09  3.9883e-10  5.3755e-09  3.7256e-07 -1.3732e-01  2.1971e-02  4.4597e-01  0:00:01    5
   296  1.7247e-05  1.4067e-09  3.8048e-10  5.1163e-09  3.3836e-07 -1.3732e-01  2.1971e-02  4.4598e-01  0:00:01    4
   297  1.6483e-05  1.3544e-09  3.5727e-10  4.8965e-09  3.0676e-07 -1.3732e-01  2.1972e-02  4.4598e-01  0:00:01    3
   298  1.5781e-05  1.3139e-09  3.4072e-10  4.6814e-09  2.7683e-07 -1.3732e-01  2.1972e-02  4.4598e-01  0:00:00    2
   299  1.5190e-05  1.2759e-09  3.2253e-10  4.5406e-09  2.4976e-07 -1.3732e-01  2.1973e-02  4.4599e-01  0:00:00    1
   300  1.4648e-05  1.2461e-09  3.1052e-10  4.3754e-09  2.2563e-07 -1.3732e-01  2.1973e-02  4.4599e-01  0:00:00    0

  iter  continuity  x-velocity  y-velocity      energy         nut          mz          cx          cy     time/iter
   300  1.4648e-05  1.2461e-09  3.1052e-10  4.3754e-09  2.2563e-07 -1.3732e-01  2.1973e-02  4.4599e-01  0:00:14   50
   301  4.8868e-02  1.2209e-09  2.9587e-10  4.7649e-06  7.3018e-05 -1.3654e-01  2.1863e-02  4.3903e-01  0:00:11   49
   302  5.0719e-02  1.4150e-06  1.0461e-05  5.8385e-06  2.8083e-04 -1.3415e-01  2.1799e-02  4.2115e-01  0:00:09   48
   303  2.8907e-02  1.0200e-06  1.2624e-05  5.0521e-06  4.8003e-04 -1.3093e-01  2.1594e-02  3.9563e-01  0:00:07   47
   304  1.6815e-02  1.5094e-06  1.2948e-05  4.4891e-06  6.0220e-04 -1.2764e-01  2.1241e-02  3.6661e-01  0:00:05   46
   305  1.9323e-02  1.6641e-06  1.2302e-05  5.2858e-06  6.3959e-04 -1.2457e-01  2.0738e-02  3.3705e-01  0:00:13   45
   306  2.4811e-02  1.6195e-06  1.0889e-05  5.5443e-06  5.8805e-04 -1.2227e-01  2.0104e-02  3.0944e-01  0:00:10   44
   307  2.8144e-02  1.4563e-06  8.9984e-06  5.3990e-06  4.9468e-04 -1.2077e-01  1.9396e-02  2.8504e-01  0:00:08   43
   308  2.7142e-02  1.2112e-06  7.3005e-06  4.9213e-06  4.1101e-04 -1.1993e-01  1.8698e-02  2.6492e-01  0:00:06   42
   309  2.5081e-02  9.4644e-07  6.0488e-06  4.5024e-06  3.4854e-04 -1.2006e-01  1.8199e-02  2.5000e-01  0:00:05   41
   310  2.2667e-02  7.9080e-07  4.7252e-06  4.3614e-06  2.9694e-04 -1.2072e-01  1.7783e-02  2.3972e-01  0:00:04   40

  iter  continuity  x-velocity  y-velocity      energy         nut          mz          cx          cy     time/iter
   311  1.9907e-02  8.0240e-07  3.4290e-06  4.2497e-06  2.5146e-04 -1.2166e-01  1.7416e-02  2.3364e-01  0:00:03   39
   312  1.7004e-02  9.2257e-07  2.3445e-06  4.1043e-06  2.1277e-04 -1.2291e-01  1.7204e-02  2.3126e-01  0:00:10   38
   313  1.3859e-02  1.0640e-06  1.7043e-06  3.9186e-06  1.8403e-04 -1.2422e-01  1.7117e-02  2.3191e-01  0:00:08   37
   314  1.1072e-02  1.1667e-06  1.7763e-06  3.7301e-06  1.6788e-04 -1.2550e-01  1.7155e-02  2.3490e-01  0:00:06   36
   315  9.2658e-03  1.1610e-06  1.9082e-06  3.4375e-06  1.8078e-04 -1.2660e-01  1.7255e-02  2.3927e-01  0:00:05   35
   316  8.2339e-03  1.0982e-06  1.8303e-06  3.0425e-06  1.9795e-04 -1.2749e-01  1.7381e-02  2.4437e-01  0:00:04   34
   317  7.8383e-03  9.7906e-07  1.6081e-06  2.6017e-06  2.0423e-04 -1.2824e-01  1.7551e-02  2.5006e-01  0:00:03   33
   318  7.6831e-03  7.8052e-07  1.3550e-06  2.1720e-06  1.9778e-04 -1.2872e-01  1.7712e-02  2.5549e-01  0:00:02   32
   319  7.0053e-03  5.8028e-07  1.1849e-06  1.7948e-06  1.8444e-04 -1.2909e-01  1.7882e-02  2.6070e-01  0:00:08   31
   320  6.1265e-03  4.0157e-07  9.8908e-07  1.5933e-06  1.6368e-04 -1.2933e-01  1.8024e-02  2.6534e-01  0:00:06   30
   321  5.1007e-03  2.9986e-07  7.9311e-07  1.5053e-06  1.4078e-04 -1.2933e-01  1.8126e-02  2.7015e-01  0:00:05   29

  iter  continuity  x-velocity  y-velocity      energy         nut          mz          cx          cy     time/iter
   322  4.0916e-03  3.3907e-07  6.0955e-07  1.4080e-06  1.1545e-04 -1.2916e-01  1.8190e-02  2.7364e-01  0:00:04   28
   323  3.3957e-03  4.1729e-07  4.7522e-07  1.3273e-06  9.2737e-05 -1.2897e-01  1.8206e-02  2.7585e-01  0:00:03   27
   324  3.0797e-03  4.3274e-07  3.6308e-07  1.2613e-06  7.4947e-05 -1.2875e-01  1.8169e-02  2.7714e-01  0:00:07   26
   325  2.8915e-03  4.3649e-07  2.6821e-07  1.1725e-06  6.1874e-05 -1.2855e-01  1.8116e-02  2.7752e-01  0:00:06   25
   326  2.7462e-03  4.2155e-07  2.0021e-07  1.0656e-06  5.4380e-05 -1.2840e-01  1.8083e-02  2.7722e-01  0:00:04   24
   327  2.6096e-03  3.6514e-07  1.6021e-07  9.3144e-07  5.2028e-05 -1.2825e-01  1.8030e-02  2.7653e-01  0:00:03   23
   328  2.3327e-03  3.1559e-07  1.3899e-07  8.1150e-07  5.0808e-05 -1.2814e-01  1.8000e-02  2.7542e-01  0:00:03   22
   329  2.0858e-03  2.6170e-07  1.3720e-07  6.9674e-07  5.0193e-05 -1.2807e-01  1.7988e-02  2.7415e-01  0:00:02   21
   330  1.8692e-03  2.1280e-07  1.3620e-07  5.9607e-07  4.9837e-05 -1.2802e-01  1.7983e-02  2.7303e-01  0:00:05   20
   331  1.6601e-03  1.7243e-07  1.2763e-07  5.3338e-07  4.9599e-05 -1.2802e-01  1.8009e-02  2.7206e-01  0:00:04   19
   332  1.4445e-03  1.4517e-07  1.1617e-07  4.8660e-07  4.8064e-05 -1.2807e-01  1.8041e-02  2.7140e-01  0:00:03   18

  iter  continuity  x-velocity  y-velocity      energy         nut          mz          cx          cy     time/iter
   333  1.2630e-03  1.2934e-07  1.0304e-07  4.4973e-07  4.6198e-05 -1.2813e-01  1.8071e-02  2.7112e-01  0:00:02   17
   334  1.1279e-03  1.2054e-07  8.9502e-08  4.1396e-07  4.2879e-05 -1.2821e-01  1.8111e-02  2.7109e-01  0:00:02   16
   335  1.0347e-03  1.1280e-07  7.8125e-08  3.8029e-07  3.8879e-05 -1.2831e-01  1.8152e-02  2.7137e-01  0:00:01   15
   336  9.7713e-04  1.0351e-07  7.0584e-08  3.5138e-07  3.4599e-05 -1.2838e-01  1.8183e-02  2.7190e-01  0:00:01   14
   337  9.3440e-04  9.2538e-08  6.3643e-08  3.2338e-07  3.0163e-05 -1.2843e-01  1.8213e-02  2.7253e-01  0:00:03   13
   338  8.8339e-04  8.3602e-08  5.7119e-08  2.9969e-07  2.5783e-05 -1.2849e-01  1.8248e-02  2.7319e-01  0:00:02   12
   339  8.3247e-04  7.5891e-08  5.0862e-08  2.8105e-07  2.1807e-05 -1.2854e-01  1.8277e-02  2.7387e-01  0:00:02   11
   340  7.8769e-04  6.9781e-08  4.4810e-08  2.6556e-07  1.8291e-05 -1.2857e-01  1.8296e-02  2.7452e-01  0:00:01   10
   341  7.3935e-04  6.5763e-08  3.9099e-08  2.5163e-07  1.5311e-05 -1.2857e-01  1.8305e-02  2.7506e-01  0:00:01    9
   342  6.8638e-04  6.3693e-08  3.4251e-08  2.3995e-07  1.2972e-05 -1.2853e-01  1.8299e-02  2.7543e-01  0:00:01    8
   343  6.3942e-04  6.0798e-08  3.0256e-08  2.2874e-07  1.1296e-05 -1.2847e-01  1.8287e-02  2.7563e-01  0:00:02    7

  iter  continuity  x-velocity  y-velocity      energy         nut          mz          cx          cy     time/iter
   344  5.9725e-04  5.8120e-08  2.7036e-08  2.1752e-07  1.0351e-05 -1.2840e-01  1.8270e-02  2.7566e-01  0:00:01    6
   345  5.6392e-04  5.5352e-08  2.4161e-08  2.0635e-07  1.0046e-05 -1.2832e-01  1.8249e-02  2.7551e-01  0:00:01    5
   346  5.2901e-04  5.2980e-08  2.1488e-08  1.9913e-07  1.0512e-05 -1.2824e-01  1.8223e-02  2.7508e-01  0:00:01    4
   347  4.9665e-04  5.0157e-08  1.9857e-08  1.9233e-07  1.1481e-05 -1.2818e-01  1.8196e-02  2.7453e-01  0:00:00    3
   348  4.7250e-04  4.6501e-08  1.9256e-08  1.8343e-07  1.2356e-05 -1.2814e-01  1.8178e-02  2.7394e-01  0:00:01    2
   349  4.5422e-04  4.2905e-08  1.8851e-08  1.6891e-07  1.2923e-05 -1.2811e-01  1.8166e-02  2.7347e-01  0:00:00    1
   350  4.3551e-04  3.9048e-08  1.7887e-08  1.5653e-07  1.3191e-05 -1.2811e-01  1.8160e-02  2.7305e-01  0:00:00    0

  iter  continuity  x-velocity  y-velocity      energy         nut          mz          cx          cy     time/iter
   350  4.3551e-04  3.9048e-08  1.7887e-08  1.5653e-07  1.3191e-05 -1.2811e-01  1.8160e-02  2.7305e-01  0:00:09   50
   351  4.1479e-04  3.5571e-08  1.7099e-08  1.4658e-07  1.3087e-05 -1.2811e-01  1.8156e-02  2.7270e-01  0:00:07   49
   352  3.9240e-04  3.2214e-08  1.6082e-08  1.3675e-07  1.2709e-05 -1.2813e-01  1.8157e-02  2.7244e-01  0:00:06   48
   353  3.6910e-04  2.9714e-08  1.4765e-08  1.2700e-07  1.2106e-05 -1.2817e-01  1.8160e-02  2.7230e-01  0:00:04   47
   354  3.4476e-04  2.7815e-08  1.3204e-08  1.1801e-07  1.1317e-05 -1.2821e-01  1.8168e-02  2.7226e-01  0:00:03   46
   355  3.2075e-04  2.6156e-08  1.1622e-08  1.1033e-07  1.0438e-05 -1.2827e-01  1.8179e-02  2.7235e-01  0:00:03   45
   356  3.0016e-04  2.4725e-08  1.0237e-08  1.0448e-07  9.5397e-06 -1.2832e-01  1.8192e-02  2.7253e-01  0:00:02   44
   357  2.8376e-04  2.3551e-08  9.2371e-09  1.0066e-07  8.7128e-06 -1.2837e-01  1.8205e-02  2.7279e-01  0:00:10   43
   358  2.6897e-04  2.2528e-08  8.6444e-09  9.7553e-08  7.9435e-06 -1.2842e-01  1.8219e-02  2.7309e-01  0:00:08   42
   359  2.5488e-04  2.1570e-08  8.3701e-09  9.4865e-08  7.2566e-06 -1.2846e-01  1.8231e-02  2.7342e-01  0:00:06   41
   360  2.4205e-04  2.0548e-08  8.3040e-09  9.1635e-08  6.6409e-06 -1.2849e-01  1.8241e-02  2.7375e-01  0:00:05   40

  iter  continuity  x-velocity  y-velocity      energy         nut          mz          cx          cy     time/iter
   361  2.3065e-04  1.9411e-08  8.2936e-09  8.8240e-08  6.0906e-06 -1.2850e-01  1.8248e-02  2.7407e-01  0:00:04   39
   362  2.2039e-04  1.8443e-08  8.2369e-09  8.4079e-08  5.5781e-06 -1.2851e-01  1.8253e-02  2.7434e-01  0:00:03   38
   363  2.0976e-04  1.7417e-08  7.9834e-09  7.9685e-08  5.1021e-06 -1.2850e-01  1.8255e-02  2.7455e-01  0:00:10   37
   364  1.9995e-04  1.6400e-08  7.5693e-09  7.5486e-08  4.6814e-06 -1.2848e-01  1.8255e-02  2.7469e-01  0:00:08   36
   365  1.9011e-04  1.5595e-08  6.9953e-09  7.1301e-08  4.3092e-06 -1.2846e-01  1.8253e-02  2.7477e-01  0:00:06   35
   366  1.8049e-04  1.4903e-08  6.2904e-09  6.7417e-08  3.9571e-06 -1.2843e-01  1.8250e-02  2.7478e-01  0:00:05   34
   367  1.7133e-04  1.4265e-08  5.5774e-09  6.3916e-08  3.6806e-06 -1.2840e-01  1.8246e-02  2.7473e-01  0:00:04   33
   368  1.6347e-04  1.3619e-08  5.0193e-09  6.0948e-08  3.4206e-06 -1.2837e-01  1.8241e-02  2.7464e-01  0:00:03   32
   369  1.5662e-04  1.2977e-08  4.7537e-09  5.8489e-08  3.1642e-06 -1.2834e-01  1.8237e-02  2.7451e-01  0:00:02   31
   370  1.5109e-04  1.2323e-08  4.6314e-09  5.5859e-08  2.8952e-06 -1.2832e-01  1.8233e-02  2.7436e-01  0:00:08   30
   371  1.4621e-04  1.1665e-08  4.5280e-09  5.3185e-08  2.6438e-06 -1.2831e-01  1.8230e-02  2.7421e-01  0:00:06   29

  iter  continuity  x-velocity  y-velocity      energy         nut          mz          cx          cy     time/iter
   372  1.4066e-04  1.0996e-08  4.4611e-09  5.0550e-08  2.4130e-06 -1.2830e-01  1.8228e-02  2.7407e-01  0:00:05   28
   373  1.3481e-04  1.0325e-08  4.4151e-09  4.7863e-08  2.1858e-06 -1.2829e-01  1.8227e-02  2.7395e-01  0:00:04   27
   374  1.2888e-04  9.6523e-09  4.3172e-09  4.5141e-08  1.9765e-06 -1.2829e-01  1.8226e-02  2.7385e-01  0:00:08   26
   375  1.2270e-04  9.0607e-09  4.1598e-09  4.2665e-08  1.7939e-06 -1.2830e-01  1.8227e-02  2.7378e-01  0:00:06   25
   376  1.1655e-04  8.6959e-09  3.9289e-09  4.0357e-08  1.6445e-06 -1.2831e-01  1.8228e-02  2.7375e-01  0:00:05   24
   377  1.1033e-04  8.3862e-09  3.6177e-09  3.8282e-08  1.5515e-06 -1.2832e-01  1.8229e-02  2.7375e-01  0:00:04   23
   378  1.0444e-04  8.0904e-09  3.2659e-09  3.6361e-08  1.5194e-06 -1.2834e-01  1.8231e-02  2.7377e-01  0:00:03   22
   379  9.8735e-05  7.8291e-09  2.9420e-09  3.4762e-08  1.5246e-06 -1.2835e-01  1.8232e-02  2.7380e-01  0:00:02   21
   380  9.3525e-05  7.5481e-09  2.7172e-09  3.3239e-08  1.5460e-06 -1.2836e-01  1.8234e-02  2.7385e-01  0:00:06   20
   381  8.9456e-05  7.2514e-09  2.6351e-09  3.1775e-08  1.5725e-06 -1.2837e-01  1.8234e-02  2.7390e-01  0:00:04   19
   382  8.6101e-05  6.9266e-09  2.5651e-09  3.0293e-08  1.5922e-06 -1.2838e-01  1.8235e-02  2.7396e-01  0:00:03   18

  iter  continuity  x-velocity  y-velocity      energy         nut          mz          cx          cy     time/iter
   383  8.2840e-05  6.5537e-09  2.5041e-09  2.8701e-08  1.6065e-06 -1.2839e-01  1.8235e-02  2.7400e-01  0:00:02   17
   384  7.9726e-05  6.1489e-09  2.4613e-09  2.7247e-08  1.6163e-06 -1.2840e-01  1.8235e-02  2.7404e-01  0:00:02   16
   385  7.6479e-05  5.7863e-09  2.3799e-09  2.5902e-08  1.6241e-06 -1.2840e-01  1.8234e-02  2.7407e-01  0:00:01   15
   386  7.3303e-05  5.4848e-09  2.2563e-09  2.4632e-08  1.6280e-06 -1.2840e-01  1.8233e-02  2.7409e-01  0:00:01   14
   387  7.0057e-05  5.2511e-09  2.1040e-09  2.3431e-08  1.6269e-06 -1.2840e-01  1.8232e-02  2.7410e-01  0:00:03   13
   388  6.6772e-05  5.0692e-09  1.9476e-09  2.2345e-08  1.6202e-06 -1.2840e-01  1.8231e-02  2.7410e-01  0:00:02   12
   389  6.3606e-05  4.9067e-09  1.7909e-09  2.1388e-08  1.6041e-06 -1.2840e-01  1.8230e-02  2.7409e-01  0:00:02   11
   390  6.0881e-05  4.7614e-09  1.6485e-09  2.0534e-08  1.5750e-06 -1.2840e-01  1.8229e-02  2.7408e-01  0:00:01   10
   391  5.8199e-05  4.6000e-09  1.5436e-09  1.9743e-08  1.5355e-06 -1.2840e-01  1.8229e-02  2.7406e-01  0:00:01    9
   392  5.5800e-05  4.4220e-09  1.4780e-09  1.8903e-08  1.4807e-06 -1.2840e-01  1.8228e-02  2.7404e-01  0:00:01    8
   393  5.3554e-05  4.2256e-09  1.4134e-09  1.8050e-08  1.4108e-06 -1.2840e-01  1.8228e-02  2.7403e-01  0:00:00    7

  iter  continuity  x-velocity  y-velocity      energy         nut          mz          cx          cy     time/iter
   394  5.1435e-05  4.0174e-09  1.3413e-09  1.7154e-08  1.3283e-06 -1.2840e-01  1.8228e-02  2.7402e-01  0:00:02    6
   395  4.9409e-05  3.7996e-09  1.2813e-09  1.6268e-08  1.2371e-06 -1.2840e-01  1.8229e-02  2.7402e-01  0:00:01    5
   396  4.7278e-05  3.5765e-09  1.2222e-09  1.5432e-08  1.1395e-06 -1.2840e-01  1.8229e-02  2.7402e-01  0:00:01    4
   397  4.5071e-05  3.3703e-09  1.1552e-09  1.4740e-08  1.0362e-06 -1.2840e-01  1.8230e-02  2.7403e-01  0:00:00    3
   398  4.2865e-05  3.2258e-09  1.0849e-09  1.4129e-08  9.3564e-07 -1.2840e-01  1.8231e-02  2.7404e-01  0:00:00    2
   399  4.0807e-05  3.1010e-09  1.0235e-09  1.3585e-08  8.4022e-07 -1.2841e-01  1.8232e-02  2.7405e-01  0:00:00    1
   400  3.8871e-05  2.9848e-09  9.7670e-10  1.3070e-08  7.5213e-07 -1.2841e-01  1.8233e-02  2.7407e-01  0:00:00    0

  iter  continuity  x-velocity  y-velocity      energy         nut          mz          cx          cy     time/iter
   400  3.8871e-05  2.9848e-09  9.7670e-10  1.3070e-08  7.5213e-07 -1.2841e-01  1.8233e-02  2.7407e-01  0:00:11   50
   401  2.8955e-02  2.8721e-09  9.4456e-10  3.2328e-06  1.3375e-04 -1.2880e-01  1.8257e-02  2.7822e-01  0:00:09   49
   402  2.9918e-02  8.7701e-07  6.8375e-06  3.8731e-06  4.9735e-04 -1.3019e-01  1.8261e-02  2.8910e-01  0:00:07   48
   403  1.7053e-02  6.5284e-07  8.1664e-06  3.3200e-06  8.0286e-04 -1.3193e-01  1.8334e-02  3.0454e-01  0:00:05   47
   404  9.9038e-03  9.0732e-07  8.3077e-06  2.8824e-06  9.8264e-04 -1.3376e-01  1.8502e-02  3.2264e-01  0:00:13   46
   405  1.1378e-02  1.0135e-06  7.8241e-06  3.3887e-06  1.0502e-03 -1.3531e-01  1.8808e-02  3.4108e-01  0:00:11   45
   406  1.4824e-02  1.0200e-06  6.8875e-06  3.5805e-06  1.0091e-03 -1.3641e-01  1.9210e-02  3.5820e-01  0:00:08   44
   407  1.6410e-02  9.1879e-07  5.6789e-06  3.4721e-06  8.8662e-04 -1.3722e-01  1.9707e-02  3.7276e-01  0:00:06   43
   408  1.5782e-02  7.5143e-07  4.5946e-06  3.2247e-06  7.2628e-04 -1.3765e-01  2.0235e-02  3.8515e-01  0:00:05   42
   409  1.4701e-02  5.7648e-07  3.7663e-06  2.9101e-06  5.6190e-04 -1.3772e-01  2.0704e-02  3.9418e-01  0:00:04   41
   410  1.3528e-02  4.8370e-07  2.9656e-06  2.8134e-06  4.1451e-04 -1.3759e-01  2.1102e-02  4.0033e-01  0:00:03   40

  iter  continuity  x-velocity  y-velocity      energy         nut          mz          cx          cy     time/iter
   411  1.1882e-02  5.0277e-07  2.1213e-06  2.7456e-06  2.9775e-04 -1.3723e-01  2.1411e-02  4.0358e-01  0:00:10   39
   412  1.0135e-02  5.8027e-07  1.4320e-06  2.6541e-06  2.0665e-04 -1.3685e-01  2.1635e-02  4.0460e-01  0:00:08   38
   413  8.3143e-03  6.5295e-07  1.0525e-06  2.5360e-06  1.4824e-04 -1.3636e-01  2.1730e-02  4.0394e-01  0:00:06   37
   414  6.6398e-03  7.1991e-07  1.0972e-06  2.3993e-06  1.2442e-04 -1.3591e-01  2.1752e-02  4.0215e-01  0:00:05   36
   415  5.4361e-03  7.2271e-07  1.1617e-06  2.2227e-06  1.2741e-04 -1.3544e-01  2.1691e-02  3.9954e-01  0:00:11   35
   416  4.8759e-03  6.7262e-07  1.1044e-06  1.9977e-06  1.3344e-04 -1.3500e-01  2.1587e-02  3.9638e-01  0:00:08   34
   417  4.6887e-03  5.9892e-07  9.6937e-07  1.7121e-06  1.3269e-04 -1.3458e-01  2.1442e-02  3.9307e-01  0:00:06   33
   418  4.6228e-03  4.9489e-07  8.2133e-07  1.4398e-06  1.2317e-04 -1.3422e-01  2.1293e-02  3.8980e-01  0:00:05   32
   419  4.2212e-03  3.6664e-07  7.0565e-07  1.1981e-06  1.0855e-04 -1.3388e-01  2.1152e-02  3.8677e-01  0:00:04   31
   420  3.7721e-03  2.5672e-07  5.8947e-07  1.0838e-06  9.1710e-05 -1.3347e-01  2.0962e-02  3.8306e-01  0:00:03   30
   421  3.1242e-03  1.9628e-07  4.7353e-07  9.9777e-07  7.5862e-05 -1.3313e-01  2.0810e-02  3.7981e-01  0:00:02   29

  iter  continuity  x-velocity  y-velocity      energy         nut          mz          cx          cy     time/iter
   422  2.5423e-03  2.1376e-07  3.6159e-07  9.0950e-07  6.1644e-05 -1.3288e-01  2.0704e-02  3.7737e-01  0:00:07   28
   423  2.1600e-03  2.5324e-07  2.7687e-07  8.4281e-07  4.9943e-05 -1.3270e-01  2.0636e-02  3.7557e-01  0:00:06   27
   424  1.9903e-03  2.6245e-07  2.1141e-07  7.9030e-07  4.1676e-05 -1.3258e-01  2.0592e-02  3.7441e-01  0:00:04   26
   425  1.8841e-03  2.6647e-07  1.5795e-07  7.3338e-07  3.6215e-05 -1.3251e-01  2.0560e-02  3.7374e-01  0:00:03   25
   426  1.8056e-03  2.4828e-07  1.1904e-07  6.6125e-07  3.3104e-05 -1.3249e-01  2.0541e-02  3.7355e-01  0:00:03   24
   427  1.6534e-03  2.2305e-07  9.6875e-08  5.8002e-07  3.0875e-05 -1.3252e-01  2.0523e-02  3.7378e-01  0:00:02   23
   428  1.4989e-03  1.8953e-07  8.5683e-08  5.0166e-07  2.8674e-05 -1.3259e-01  2.0520e-02  3.7427e-01  0:00:02   22
   429  1.3341e-03  1.6326e-07  8.3080e-08  4.2907e-07  2.6603e-05 -1.3267e-01  2.0530e-02  3.7493e-01  0:00:05   21
   430  1.2183e-03  1.3165e-07  8.1494e-08  3.7096e-07  2.4197e-05 -1.3278e-01  2.0542e-02  3.7572e-01  0:00:04   20
   431  1.0803e-03  1.0883e-07  7.6894e-08  3.2860e-07  2.1690e-05 -1.3288e-01  2.0551e-02  3.7651e-01  0:00:03   19
   432  9.4181e-04  9.1763e-08  7.0013e-08  2.9904e-07  1.9035e-05 -1.3298e-01  2.0560e-02  3.7727e-01  0:00:02   18

  iter  continuity  x-velocity  y-velocity      energy         nut          mz          cx          cy     time/iter
   433  8.3194e-04  7.9390e-08  6.1820e-08  2.7871e-07  1.6287e-05 -1.3308e-01  2.0570e-02  3.7794e-01  0:00:02   17
   434  7.4075e-04  7.3573e-08  5.3545e-08  2.5981e-07  1.3622e-05 -1.3316e-01  2.0577e-02  3.7850e-01  0:00:01   16
   435  6.6727e-04  6.9266e-08  4.6361e-08  2.4059e-07  1.1030e-05 -1.3323e-01  2.0584e-02  3.7898e-01  0:00:04   15
   436  6.1615e-04  6.4882e-08  4.1256e-08  2.2094e-07  8.8056e-06 -1.3327e-01  2.0587e-02  3.7931e-01  0:00:03   14
   437  5.7566e-04  5.9450e-08  3.6769e-08  2.0210e-07  6.9594e-06 -1.3329e-01  2.0588e-02  3.7949e-01  0:00:02   13
   438  5.4328e-04  5.3871e-08  3.2535e-08  1.8540e-07  5.5213e-06 -1.3329e-01  2.0587e-02  3.7953e-01  0:00:02   12
   439  5.1602e-04  4.9068e-08  2.8725e-08  1.7208e-07  4.6423e-06 -1.3328e-01  2.0585e-02  3.7947e-01  0:00:01   11
   440  4.8791e-04  4.4400e-08  2.5213e-08  1.6320e-07  4.0872e-06 -1.3324e-01  2.0578e-02  3.7931e-01  0:00:03   10
   441  4.6305e-04  4.0938e-08  2.1986e-08  1.5486e-07  3.7739e-06 -1.3321e-01  2.0576e-02  3.7913e-01  0:00:02    9
   442  4.3866e-04  3.8593e-08  1.9173e-08  1.4703e-07  3.6730e-06 -1.3318e-01  2.0575e-02  3.7896e-01  0:00:01    8
   443  4.1220e-04  3.6574e-08  1.6796e-08  1.3970e-07  3.5292e-06 -1.3315e-01  2.0575e-02  3.7879e-01  0:00:01    7

  iter  continuity  x-velocity  y-velocity      energy         nut          mz          cx          cy     time/iter
   444  3.8472e-04  3.4384e-08  1.4948e-08  1.3176e-07  3.2180e-06 -1.3313e-01  2.0577e-02  3.7866e-01  0:00:01    6
   445  3.6009e-04  3.2342e-08  1.3569e-08  1.2343e-07  2.7929e-06 -1.3311e-01  2.0580e-02  3.7858e-01  0:00:00    5
   446  3.3873e-04  3.0263e-08  1.2356e-08  1.1508e-07  2.3547e-06 -1.3310e-01  2.0584e-02  3.7855e-01  0:00:01    4
   447  3.1810e-04  2.8158e-08  1.1296e-08  1.0710e-07  2.0113e-06 -1.3310e-01  2.0588e-02  3.7858e-01  0:00:01    3
   448  2.9808e-04  2.5984e-08  1.0320e-08  1.0012e-07  1.7921e-06 -1.3310e-01  2.0592e-02  3.7864e-01  0:00:00    2
   449  2.8095e-04  2.3884e-08  9.4540e-09  9.4058e-08  1.7632e-06 -1.3311e-01  2.0596e-02  3.7872e-01  0:00:00    1
   450  2.6607e-04  2.1987e-08  8.7155e-09  8.9082e-08  1.8329e-06 -1.3312e-01  2.0599e-02  3.7883e-01  0:00:00    0

  iter  continuity  x-velocity  y-velocity      energy         nut          mz          cx          cy     time/iter
   450  2.6607e-04  2.1987e-08  8.7155e-09  8.9082e-08  1.8329e-06 -1.3312e-01  2.0599e-02  3.7883e-01  0:00:06   50
   451  2.5220e-04  2.0343e-08  8.1628e-09  8.4456e-08  1.9557e-06 -1.3312e-01  2.0601e-02  3.7894e-01  0:00:04   49
   452  2.3853e-04  1.8786e-08  7.6838e-09  8.0056e-08  2.0488e-06 -1.3313e-01  2.0601e-02  3.7904e-01  0:00:03   48
   453  2.2568e-04  1.7393e-08  7.1700e-09  7.5578e-08  2.0432e-06 -1.3314e-01  2.0599e-02  3.7912e-01  0:00:12   47
   454  2.1252e-04  1.6275e-08  6.6398e-09  7.0929e-08  1.9515e-06 -1.3314e-01  2.0596e-02  3.7918e-01  0:00:09   46
   455  1.9973e-04  1.5325e-08  6.1027e-09  6.6538e-08  1.7995e-06 -1.3313e-01  2.0592e-02  3.7919e-01  0:00:07   45
   456  1.8771e-04  1.4512e-08  5.5758e-09  6.2541e-08  1.6087e-06 -1.3313e-01  2.0586e-02  3.7918e-01  0:00:06   44
   457  1.7711e-04  1.3825e-08  5.0776e-09  5.9253e-08  1.4003e-06 -1.3312e-01  2.0581e-02  3.7913e-01  0:00:05   43
   458  1.6798e-04  1.3212e-08  4.6715e-09  5.6717e-08  1.1938e-06 -1.3311e-01  2.0574e-02  3.7906e-01  0:00:12   42
   459  1.6007e-04  1.2700e-08  4.3836e-09  5.4350e-08  1.0025e-06 -1.3310e-01  2.0568e-02  3.7896e-01  0:00:09   41
   460  1.5269e-04  1.2251e-08  4.1946e-09  5.2254e-08  8.4230e-07 -1.3309e-01  2.0563e-02  3.7886e-01  0:00:07   40

  iter  continuity  x-velocity  y-velocity      energy         nut          mz          cx          cy     time/iter
   461  1.4548e-04  1.1790e-08  4.0691e-09  5.0083e-08  7.3450e-07 -1.3309e-01  2.0558e-02  3.7875e-01  0:00:13   39
   462  1.3852e-04  1.1316e-08  3.9845e-09  4.7944e-08  6.9388e-07 -1.3308e-01  2.0553e-02  3.7865e-01  0:00:18   38
   463  1.3172e-04  1.0780e-08  3.8962e-09  4.5540e-08  6.9822e-07 -1.3307e-01  2.0550e-02  3.7855e-01  0:00:14   37
   464  1.2536e-04  1.0223e-08  3.7712e-09  4.3105e-08  7.2332e-07 -1.3307e-01  2.0548e-02  3.7848e-01  0:00:11   36
   465  1.1946e-04  9.6801e-09  3.5943e-09  4.0745e-08  7.4144e-07 -1.3307e-01  2.0547e-02  3.7842e-01  0:00:09   35
   466  1.1347e-04  9.1156e-09  3.3683e-09  3.8471e-08  7.3464e-07 -1.3307e-01  2.0547e-02  3.7839e-01  0:00:07   34
   467  1.0766e-04  8.6109e-09  3.1265e-09  3.6338e-08  7.1276e-07 -1.3308e-01  2.0548e-02  3.7837e-01  0:00:12   33
   468  1.0214e-04  8.1674e-09  2.8870e-09  3.4583e-08  6.7753e-07 -1.3308e-01  2.0550e-02  3.7838e-01  0:00:09   32
   469  9.7313e-05  7.7941e-09  2.6844e-09  3.2996e-08  6.4329e-07 -1.3309e-01  2.0552e-02  3.7841e-01  0:00:07   31
   470  9.2854e-05  7.4227e-09  2.5160e-09  3.1647e-08  6.1373e-07 -1.3310e-01  2.0555e-02  3.7845e-01  0:00:05   30
   471  8.8812e-05  7.0844e-09  2.3999e-09  3.0353e-08  6.0069e-07 -1.3310e-01  2.0557e-02  3.7850e-01  0:00:04   29

  iter  continuity  x-velocity  y-velocity      energy         nut          mz          cx          cy     time/iter
   472  8.5056e-05  6.7722e-09  2.3178e-09  2.9064e-08  6.2089e-07 -1.3311e-01  2.0559e-02  3.7855e-01  0:00:03   28
   473  8.1576e-05  6.4877e-09  2.2553e-09  2.7730e-08  6.5403e-07 -1.3311e-01  2.0561e-02  3.7860e-01  0:00:08   27
   474  7.8146e-05  6.1921e-09  2.1890e-09  2.6366e-08  6.8648e-07 -1.3311e-01  2.0562e-02  3.7865e-01  0:00:06   26
   475  7.4702e-05  5.8811e-09  2.1082e-09  2.4987e-08  7.1304e-07 -1.3311e-01  2.0563e-02  3.7868e-01  0:00:05   25
   476  7.1188e-05  5.5584e-09  2.0106e-09  2.3271e-08  7.2290e-07 -1.3311e-01  2.0564e-02  3.7871e-01  0:00:04   24
   477  6.7942e-05  5.2391e-09  1.8634e-09  2.1858e-08  7.1865e-07 -1.3311e-01  2.0564e-02  3.7872e-01  0:00:03   23
   478  6.4722e-05  4.9963e-09  1.7584e-09  2.0737e-08  6.9677e-07 -1.3311e-01  2.0564e-02  3.7873e-01  0:00:02   22
   479  6.1554e-05  4.8009e-09  1.6596e-09  1.9756e-08  6.6128e-07 -1.3310e-01  2.0564e-02  3.7874e-01  0:00:02   21
   480  5.8909e-05  4.6231e-09  1.5711e-09  1.8865e-08  6.1856e-07 -1.3310e-01  2.0563e-02  3.7874e-01  0:00:05   20
   481  5.6667e-05  4.4654e-09  1.4937e-09  1.8042e-08  5.7444e-07 -1.3309e-01  2.0562e-02  3.7873e-01  0:00:04   19
   482  5.4604e-05  4.3488e-09  1.4365e-09  1.7327e-08  5.3277e-07 -1.3309e-01  2.0561e-02  3.7871e-01  0:00:03   18

  iter  continuity  x-velocity  y-velocity      energy         nut          mz          cx          cy     time/iter
   483  5.2922e-05  4.2600e-09  1.3980e-09  1.6744e-08  4.9573e-07 -1.3308e-01  2.0560e-02  3.7870e-01  0:00:02   17
   484  5.1216e-05  4.1578e-09  1.3536e-09  1.6151e-08  4.6577e-07 -1.3308e-01  2.0559e-02  3.7867e-01  0:00:02   16
   485  4.9561e-05  4.0397e-09  1.3050e-09  1.5594e-08  4.3917e-07 -1.3307e-01  2.0557e-02  3.7865e-01  0:00:01   15
   486  4.7931e-05  3.9255e-09  1.2319e-09  1.5059e-08  4.1607e-07 -1.3307e-01  2.0556e-02  3.7862e-01  0:00:01   14
   487  4.6340e-05  3.8399e-09  1.1774e-09  1.4597e-08  3.9537e-07 -1.3306e-01  2.0555e-02  3.7860e-01  0:00:03   13
   488  4.5040e-05  3.8205e-09  1.1453e-09  1.4210e-08  3.7774e-07 -1.3306e-01  2.0554e-02  3.7857e-01  0:00:02   12
   489  4.3687e-05  3.7819e-09  1.1235e-09  1.3795e-08  3.6092e-07 -1.3306e-01  2.0553e-02  3.7855e-01  0:00:02   11
   490  4.2266e-05  3.7282e-09  1.0986e-09  1.3331e-08  3.4297e-07 -1.3305e-01  2.0551e-02  3.7853e-01  0:00:01   10
   491  4.0728e-05  3.6607e-09  1.0646e-09  1.2825e-08  3.2456e-07 -1.3305e-01  2.0550e-02  3.7851e-01  0:00:03    9
   492  3.9247e-05  3.5767e-09  1.0246e-09  1.2319e-08  3.0479e-07 -1.3305e-01  2.0550e-02  3.7849e-01  0:00:02    8
   493  3.7754e-05  3.4837e-09  9.7882e-10  1.1798e-08  2.8264e-07 -1.3305e-01  2.0549e-02  3.7848e-01  0:00:01    7

  iter  continuity  x-velocity  y-velocity      energy         nut          mz          cx          cy     time/iter
   494  3.6402e-05  3.3929e-09  9.3114e-10  1.1327e-08  2.5723e-07 -1.3305e-01  2.0548e-02  3.7847e-01  0:00:01    6
   495  3.5217e-05  3.3216e-09  8.7934e-10  1.0927e-08  2.2805e-07 -1.3305e-01  2.0548e-02  3.7847e-01  0:00:01    5
   496  3.4197e-05  3.2649e-09  8.2725e-10  1.0562e-08  1.9647e-07 -1.3306e-01  2.0548e-02  3.7847e-01  0:00:00    4
   497  3.3155e-05  3.1652e-09  7.8208e-10  1.0181e-08  1.6475e-07 -1.3306e-01  2.0547e-02  3.7847e-01  0:00:00    3
   498  3.1968e-05  3.0271e-09  7.4145e-10  9.7323e-09  1.3690e-07 -1.3306e-01  2.0547e-02  3.7847e-01  0:00:01    2
   499  3.0713e-05  2.8806e-09  7.1894e-10  9.2800e-09  1.1524e-07 -1.3306e-01  2.0547e-02  3.7848e-01  0:00:00    1
   500  2.9331e-05  2.7280e-09  7.0466e-10  8.8587e-09  1.0159e-07 -1.3307e-01  2.0547e-02  3.7848e-01  0:00:00    0

  iter  continuity  x-velocity  y-velocity      energy         nut          mz          cx          cy     time/iter
   500  2.9331e-05  2.7280e-09  7.0466e-10  8.8587e-09  1.0159e-07 -1.3307e-01  2.0547e-02  3.7848e-01  0:00:08   50
   501  2.1846e-02  2.5738e-09  7.0047e-10  2.3391e-06  5.9437e-05 -1.3274e-01  2.0511e-02  3.7537e-01  0:00:07   49
   502  2.2798e-02  6.8780e-07  4.9892e-06  2.8401e-06  2.2389e-04 -1.3169e-01  2.0501e-02  3.6720e-01  0:00:05   48
   503  1.2895e-02  4.7771e-07  5.9772e-06  2.3986e-06  3.7378e-04 -1.3033e-01  2.0419e-02  3.5573e-01  0:00:13   47
   504  7.4711e-03  7.1663e-07  6.0797e-06  2.0872e-06  4.7978e-04 -1.2888e-01  2.0258e-02  3.4235e-01  0:00:11   46
   505  8.6933e-03  7.8133e-07  5.7277e-06  2.4375e-06  5.3711e-04 -1.2755e-01  1.9999e-02  3.2852e-01  0:00:08   45
   506  1.1038e-02  7.5271e-07  5.0389e-06  2.5608e-06  5.4385e-04 -1.2650e-01  1.9684e-02  3.1555e-01  0:00:06   44
   507  1.2536e-02  6.8437e-07  4.1499e-06  2.5093e-06  5.1247e-04 -1.2583e-01  1.9358e-02  3.0424e-01  0:00:05   43
   508  1.2195e-02  5.7591e-07  3.3623e-06  2.3079e-06  4.5114e-04 -1.2552e-01  1.9044e-02  2.9492e-01  0:00:04   42
   509  1.1363e-02  4.5482e-07  2.7786e-06  2.1325e-06  3.7539e-04 -1.2550e-01  1.8760e-02  2.8793e-01  0:00:03   41
   510  1.0264e-02  3.8031e-07  2.1535e-06  2.0812e-06  2.9646e-04 -1.2576e-01  1.8533e-02  2.8319e-01  0:00:10   40

  iter  continuity  x-velocity  y-velocity      energy         nut          mz          cx          cy     time/iter
   511  9.0643e-03  3.8567e-07  1.5635e-06  2.0326e-06  2.2793e-04 -1.2621e-01  1.8369e-02  2.8050e-01  0:00:08   39
   512  7.7584e-03  4.4246e-07  1.0843e-06  1.9671e-06  1.7464e-04 -1.2678e-01  1.8290e-02  2.7948e-01  0:00:06   38
   513  6.3387e-03  5.0558e-07  7.9208e-07  1.8704e-06  1.3462e-04 -1.2733e-01  1.8222e-02  2.8014e-01  0:00:05   37
   514  5.1342e-03  5.4913e-07  8.1281e-07  1.7716e-06  1.0928e-04 -1.2790e-01  1.8238e-02  2.8176e-01  0:00:04   36
   515  4.3418e-03  5.4294e-07  8.7011e-07  1.6428e-06  9.8920e-05 -1.2842e-01  1.8286e-02  2.8411e-01  0:00:03   35
   516  3.8432e-03  5.1180e-07  8.3402e-07  1.4594e-06  1.0474e-04 -1.2883e-01  1.8342e-02  2.8673e-01  0:00:02   34
   517  3.6878e-03  4.5561e-07  7.3336e-07  1.2499e-06  1.0952e-04 -1.2914e-01  1.8412e-02  2.8938e-01  0:00:08   33
   518  3.5737e-03  3.6365e-07  6.2029e-07  1.0436e-06  1.0579e-04 -1.2937e-01  1.8494e-02  2.9190e-01  0:00:07   32
   519  3.3005e-03  2.7286e-07  5.3870e-07  8.6582e-07  9.6094e-05 -1.2955e-01  1.8582e-02  2.9425e-01  0:00:05   31
   520  2.8998e-03  1.9124e-07  4.5261e-07  7.7609e-07  8.3746e-05 -1.2968e-01  1.8651e-02  2.9642e-01  0:00:04   30
   521  2.4557e-03  1.4621e-07  3.6357e-07  7.3882e-07  7.0401e-05 -1.2973e-01  1.8711e-02  2.9871e-01  0:00:03   29

  iter  continuity  x-velocity  y-velocity      energy         nut          mz          cx          cy     time/iter
   522  2.0016e-03  1.6513e-07  2.7968e-07  6.9193e-07  5.7771e-05 -1.2973e-01  1.8747e-02  3.0050e-01  0:00:02   28
   523  1.6710e-03  2.0192e-07  2.1701e-07  6.4700e-07  4.6707e-05 -1.2970e-01  1.8763e-02  3.0165e-01  0:00:07   27
   524  1.5111e-03  2.0545e-07  1.6514e-07  6.0474e-07  3.7728e-05 -1.2961e-01  1.8754e-02  3.0228e-01  0:00:06   26
   525  1.4447e-03  2.0327e-07  1.2305e-07  5.5945e-07  3.1330e-05 -1.2953e-01  1.8741e-02  3.0247e-01  0:00:04   25
   526  1.3443e-03  1.9449e-07  9.2457e-08  5.0795e-07  2.7854e-05 -1.2946e-01  1.8727e-02  3.0235e-01  0:00:03   24
   527  1.2501e-03  1.6974e-07  7.4753e-08  4.4688e-07  2.6371e-05 -1.2938e-01  1.8712e-02  3.0195e-01  0:00:03   23
   528  1.1237e-03  1.4393e-07  6.6595e-08  3.8805e-07  2.5560e-05 -1.2932e-01  1.8701e-02  3.0140e-01  0:00:02   22
   529  1.0127e-03  1.2231e-07  6.4247e-08  3.3708e-07  2.4705e-05 -1.2927e-01  1.8697e-02  3.0076e-01  0:00:06   21
   530  9.0418e-04  9.9318e-08  6.2879e-08  2.9209e-07  2.3465e-05 -1.2925e-01  1.8696e-02  3.0017e-01  0:00:04   20
   531  7.9887e-04  7.9838e-08  5.8848e-08  2.6037e-07  2.1934e-05 -1.2923e-01  1.8701e-02  2.9965e-01  0:00:03   19
   532  6.9639e-04  6.8018e-08  5.3254e-08  2.3764e-07  2.0030e-05 -1.2923e-01  1.8709e-02  2.9929e-01  0:00:02   18

  iter  continuity  x-velocity  y-velocity      energy         nut          mz          cx          cy     time/iter
   533  6.0243e-04  6.1399e-08  4.7308e-08  2.1913e-07  1.7825e-05 -1.2924e-01  1.8721e-02  2.9905e-01  0:00:02   17
   534  5.3608e-04  5.7282e-08  4.1351e-08  2.0125e-07  1.5491e-05 -1.2925e-01  1.8735e-02  2.9896e-01  0:00:05   16
   535  4.9271e-04  5.3578e-08  3.5978e-08  1.8356e-07  1.3104e-05 -1.2928e-01  1.8751e-02  2.9899e-01  0:00:03   15
   536  4.6173e-04  4.8433e-08  3.2546e-08  1.6728e-07  1.0752e-05 -1.2930e-01  1.8767e-02  2.9913e-01  0:00:03   14
   537  4.3975e-04  4.3299e-08  2.9414e-08  1.5420e-07  8.5955e-06 -1.2932e-01  1.8781e-02  2.9934e-01  0:00:02   13
   538  4.1883e-04  3.9238e-08  2.6657e-08  1.4447e-07  6.8141e-06 -1.2934e-01  1.8793e-02  2.9959e-01  0:00:01   12
   539  3.9728e-04  3.6193e-08  2.3950e-08  1.3701e-07  5.4410e-06 -1.2936e-01  1.8801e-02  2.9985e-01  0:00:01   11
   540  3.7687e-04  3.3690e-08  2.1362e-08  1.3010e-07  4.4668e-06 -1.2936e-01  1.8805e-02  3.0011e-01  0:00:03   10
   541  3.5548e-04  3.1767e-08  1.8863e-08  1.2405e-07  3.8949e-06 -1.2937e-01  1.8805e-02  3.0034e-01  0:00:02    9
   542  3.3417e-04  3.0569e-08  1.6566e-08  1.1770e-07  3.5717e-06 -1.2936e-01  1.8803e-02  3.0049e-01  0:00:01    8
   543  3.1384e-04  2.9506e-08  1.4661e-08  1.1201e-07  3.3170e-06 -1.2935e-01  1.8798e-02  3.0057e-01  0:00:01    7

  iter  continuity  x-velocity  y-velocity      energy         nut          mz          cx          cy     time/iter
   544  2.9620e-04  2.8305e-08  1.3105e-08  1.0660e-07  3.0704e-06 -1.2933e-01  1.8791e-02  3.0059e-01  0:00:01    6
   545  2.7827e-04  2.6937e-08  1.1774e-08  1.0098e-07  2.8562e-06 -1.2931e-01  1.8782e-02  3.0054e-01  0:00:00    5
   546  2.6238e-04  2.5525e-08  1.0594e-08  9.5622e-08  2.7825e-06 -1.2929e-01  1.8774e-02  3.0044e-01  0:00:00    4
   547  2.4673e-04  2.3998e-08  9.6292e-09  9.0672e-08  2.9739e-06 -1.2927e-01  1.8766e-02  3.0030e-01  0:00:01    3
   548  2.3449e-04  2.2339e-08  9.0064e-09  8.5785e-08  3.4668e-06 -1.2926e-01  1.8759e-02  3.0014e-01  0:00:00    2
   549  2.2465e-04  2.0547e-08  8.5129e-09  8.0539e-08  3.8893e-06 -1.2925e-01  1.8753e-02  2.9997e-01  0:00:00    1
   550  2.1482e-04  1.8876e-08  8.0721e-09  7.5539e-08  4.1537e-06 -1.2925e-01  1.8750e-02  2.9981e-01  0:00:00    0

  iter  continuity  x-velocity  y-velocity      energy         nut          mz          cx          cy     time/iter
   550  2.1482e-04  1.8876e-08  8.0721e-09  7.5539e-08  4.1537e-06 -1.2925e-01  1.8750e-02  2.9981e-01  0:00:07   50
   551  2.0447e-04  1.7248e-08  7.6331e-09  7.1068e-08  4.2805e-06 -1.2925e-01  1.8749e-02  2.9968e-01  0:00:05   49
   552  1.9341e-04  1.5685e-08  7.1382e-09  6.6670e-08  4.2768e-06 -1.2926e-01  1.8749e-02  2.9959e-01  0:00:04   48
   553  1.8261e-04  1.4459e-08  6.6125e-09  6.2204e-08  4.1862e-06 -1.2927e-01  1.8752e-02  2.9954e-01  0:00:03   47
   554  1.7124e-04  1.3550e-08  6.0070e-09  5.8289e-08  4.0243e-06 -1.2929e-01  1.8756e-02  2.9952e-01  0:00:12   46
   555  1.6016e-04  1.2676e-08  5.3962e-09  5.4442e-08  3.8098e-06 -1.2931e-01  1.8760e-02  2.9957e-01  0:00:09   45
   556  1.5040e-04  1.1904e-08  4.7984e-09  5.1757e-08  3.5592e-06 -1.2933e-01  1.8766e-02  2.9964e-01  0:00:07   44
   557  1.4180e-04  1.1274e-08  4.3851e-09  4.9685e-08  3.2824e-06 -1.2935e-01  1.8773e-02  2.9974e-01  0:00:06   43
   558  1.3406e-04  1.0770e-08  4.1278e-09  4.8067e-08  2.9892e-06 -1.2936e-01  1.8779e-02  2.9987e-01  0:00:04   42
   559  1.2713e-04  1.0352e-08  3.9693e-09  4.6510e-08  2.6950e-06 -1.2938e-01  1.8785e-02  3.0000e-01  0:00:03   41
   560  1.2035e-04  9.9452e-09  3.8663e-09  4.4919e-08  2.4165e-06 -1.2939e-01  1.8790e-02  3.0013e-01  0:00:11   40

  iter  continuity  x-velocity  y-velocity      energy         nut          mz          cx          cy     time/iter
   561  1.1416e-04  9.5193e-09  3.8044e-09  4.3142e-08  2.1590e-06 -1.2940e-01  1.8794e-02  3.0026e-01  0:00:08   39
   562  1.0887e-04  9.0663e-09  3.7469e-09  4.1108e-08  1.9246e-06 -1.2940e-01  1.8798e-02  3.0037e-01  0:00:06   38
   563  1.0398e-04  8.5878e-09  3.6276e-09  3.8948e-08  1.7288e-06 -1.2940e-01  1.8800e-02  3.0046e-01  0:00:05   37
   564  9.9324e-05  8.1304e-09  3.4480e-09  3.6724e-08  1.5781e-06 -1.2940e-01  1.8802e-02  3.0053e-01  0:00:04   36
   565  9.4675e-05  7.7043e-09  3.2150e-09  3.4635e-08  1.4588e-06 -1.2940e-01  1.8802e-02  3.0057e-01  0:00:03   35
   566  9.0087e-05  7.3477e-09  2.9327e-09  3.2682e-08  1.3651e-06 -1.2939e-01  1.8801e-02  3.0058e-01  0:00:02   34
   567  8.5653e-05  7.0163e-09  2.6442e-09  3.0938e-08  1.3135e-06 -1.2938e-01  1.8800e-02  3.0057e-01  0:00:08   33
   568  8.1454e-05  6.7071e-09  2.4009e-09  2.9426e-08  1.2787e-06 -1.2937e-01  1.8799e-02  3.0054e-01  0:00:07   32
   569  7.7995e-05  6.4175e-09  2.2260e-09  2.8230e-08  1.2405e-06 -1.2936e-01  1.8797e-02  3.0049e-01  0:00:05   31
   570  7.5090e-05  6.1354e-09  2.1313e-09  2.6978e-08  1.1923e-06 -1.2935e-01  1.8796e-02  3.0045e-01  0:00:04   30
   571  7.2536e-05  5.8545e-09  2.0575e-09  2.5797e-08  1.1361e-06 -1.2934e-01  1.8795e-02  3.0040e-01  0:00:03   29

  iter  continuity  x-velocity  y-velocity      energy         nut          mz          cx          cy     time/iter
   572  6.9770e-05  5.5584e-09  2.0166e-09  2.4615e-08  1.0784e-06 -1.2934e-01  1.8794e-02  3.0035e-01  0:00:02   28
   573  6.6797e-05  5.2426e-09  1.9850e-09  2.3007e-08  1.0103e-06 -1.2934e-01  1.8793e-02  3.0032e-01  0:00:07   27
   574  6.3944e-05  4.8744e-09  1.8872e-09  2.1599e-08  9.4640e-07 -1.2934e-01  1.8793e-02  3.0029e-01  0:00:06   26
   575  6.1109e-05  4.5787e-09  1.8025e-09  2.0387e-08  8.8456e-07 -1.2934e-01  1.8792e-02  3.0027e-01  0:00:04   25
   576  5.8186e-05  4.3762e-09  1.7123e-09  1.9354e-08  8.2566e-07 -1.2934e-01  1.8792e-02  3.0025e-01  0:00:03   24
   577  5.5323e-05  4.2128e-09  1.6097e-09  1.8387e-08  7.6999e-07 -1.2934e-01  1.8792e-02  3.0023e-01  0:00:03   23
   578  5.2723e-05  4.0587e-09  1.4958e-09  1.7478e-08  7.1760e-07 -1.2934e-01  1.8792e-02  3.0022e-01  0:00:02   22
   579  5.0260e-05  3.9027e-09  1.3770e-09  1.6643e-08  6.7127e-07 -1.2935e-01  1.8792e-02  3.0022e-01  0:00:01   21
   580  4.7982e-05  3.7590e-09  1.2665e-09  1.5878e-08  6.3565e-07 -1.2935e-01  1.8792e-02  3.0022e-01  0:00:05   20
   581  4.5991e-05  3.6124e-09  1.1750e-09  1.5128e-08  6.1177e-07 -1.2935e-01  1.8792e-02  3.0022e-01  0:00:04   19
   582  4.4214e-05  3.4566e-09  1.1111e-09  1.4437e-08  5.9762e-07 -1.2936e-01  1.8793e-02  3.0023e-01  0:00:03   18

  iter  continuity  x-velocity  y-velocity      energy         nut          mz          cx          cy     time/iter
   583  4.2524e-05  3.3074e-09  1.0634e-09  1.4057e-08  6.0260e-07 -1.2936e-01  1.8793e-02  3.0024e-01  0:00:02   17
   584  4.0659e-05  3.2030e-09  1.0675e-09  1.3604e-08  6.1633e-07 -1.2937e-01  1.8793e-02  3.0026e-01  0:00:05   16
   585  3.9052e-05  3.0802e-09  1.0633e-09  1.2893e-08  6.3495e-07 -1.2937e-01  1.8793e-02  3.0027e-01  0:00:04   15
   586  3.7639e-05  2.9328e-09  1.0162e-09  1.2248e-08  6.5325e-07 -1.2938e-01  1.8793e-02  3.0028e-01  0:00:03   14
   587  3.6242e-05  2.8086e-09  9.7106e-10  1.1693e-08  6.6729e-07 -1.2938e-01  1.8794e-02  3.0029e-01  0:00:02   13
   588  3.4778e-05  2.6971e-09  9.3189e-10  1.1250e-08  6.7407e-07 -1.2938e-01  1.8794e-02  3.0031e-01  0:00:01   12
   589  3.3280e-05  2.5894e-09  8.9326e-10  1.0973e-08  6.8252e-07 -1.2938e-01  1.8793e-02  3.0032e-01  0:00:01   11
   590  3.1626e-05  2.5033e-09  8.6562e-10  1.0606e-08  6.8768e-07 -1.2939e-01  1.8793e-02  3.0033e-01  0:00:01   10
   591  3.0204e-05  2.4115e-09  8.3212e-10  1.0161e-08  6.9165e-07 -1.2939e-01  1.8793e-02  3.0034e-01  0:00:02    9
   592  2.8804e-05  2.3088e-09  7.8927e-10  9.6801e-09  6.9414e-07 -1.2939e-01  1.8793e-02  3.0035e-01  0:00:02    8
   593  2.7449e-05  2.1997e-09  7.3709e-10  9.2165e-09  6.9063e-07 -1.2939e-01  1.8793e-02  3.0035e-01  0:00:01    7

  iter  continuity  x-velocity  y-velocity      energy         nut          mz          cx          cy     time/iter
   594  2.6212e-05  2.0832e-09  6.8089e-10  8.7682e-09  6.7826e-07 -1.2939e-01  1.8793e-02  3.0035e-01  0:00:01    6
   595  2.5028e-05  1.9632e-09  6.3252e-10  8.3291e-09  6.5425e-07 -1.2938e-01  1.8793e-02  3.0035e-01  0:00:01    5
   596  2.3938e-05  1.8502e-09  5.9988e-10  7.9195e-09  6.1783e-07 -1.2938e-01  1.8794e-02  3.0035e-01  0:00:00    4
   597  2.2938e-05  1.7421e-09  5.7428e-10  7.4575e-09  5.6849e-07 -1.2938e-01  1.8794e-02  3.0034e-01  0:00:00    3
   598  2.2079e-05  1.6312e-09  5.4044e-10  7.0279e-09  5.1227e-07 -1.2938e-01  1.8794e-02  3.0034e-01  0:00:01    2
   599  2.1285e-05  1.5400e-09  5.1923e-10  6.6885e-09  4.5085e-07 -1.2938e-01  1.8794e-02  3.0034e-01  0:00:00    1
   600  2.0475e-05  1.4628e-09  4.9860e-10  6.4804e-09  3.9063e-07 -1.2938e-01  1.8794e-02  3.0034e-01  0:00:00    0

Writing Settings file "C:\Users\vova1\AppData\Local\Temp\10"...
	writing rp variables ... Done.
	writing domain variables ... Done.
	writing solid (type fluid) (mixture) ... Done.
	writing inlet (type pressure-far-field) (mixture) ... Done.
	writing int_solid (type interior) (mixture) ... Done.
	writing wall (type wall) (mixture) ... Done.
	writing outlet (type pressure-outlet) (mixture) ... Done.
	writing zones map name-id ... Done.
Multicore SMT processors detected. Processor affinity set!
Reading "e:\tsagi_dipl\Diploma_bac\optimisation_working_folder\geom.msh"...
Buffering for file scan...


       Clearing partially read grid.
   71320 nodes.
   70807 quadrilateral cells, zone  7.
  141101 2D interior faces, zone  8.
     261 2D wall faces, zone  9.
     451 2D velocity-inlet faces, zone 10.
     314 2D pressure-outlet faces, zone 11.

Building...
     mesh
	auto partitioning mesh by Metis (fast),
	distributing mesh
		parts..........,
		faces..........,
		nodes..........,
		cells..........,
        bandwidth reduction using Reverse Cuthill-McKee: 5341/98 = 54.5
       Clearing partially read grid.

Error at host: Build Grid: Aborted due to critical error.

==============================================================================

Node 3: Process 109764: Received signal SIGSEGV.

==============================================================================

===================================================================================
=   BAD TERMINATION OF ONE OF YOUR APPLICATION PROCESSES
=   RANK 3 PID 109764 RUNNING AT VVCh
=   EXIT STATUS: -1 (ffffffff)
===================================================================================

