%eval_id interface x1             x2             x3             x4             x5             x6             obj_fn         
1        NO_ID      0.5815320784   0.6880044421   -0.1684689854  0.5560274298   -0.697268433   0.3381335705   2007.860952    
2        NO_ID      0.5048202874   -0.3023863366  -0.5230078197  0.0444370265   0.3835264182   0.7161442949   2120.789533    
3        NO_ID      0.9147973009   -0.1582403077  -0.2803926883  -0.5283426075  0.17821228     0.8306609949   1905.392986    
4        NO_ID      0.8575131925   0.4466917716   0.7549428086   0.7795802703   -0.582104291   0.5616385989   811.5514727    
5        NO_ID      0.3976809814   -0.9147499194  -0.3417205831  0.1232725685   -0.3688014856  0.6377735138   2072.307762    
6        NO_ID      0.1263757188   -0.8248359773  -0.4078841819  0.4458378834   0.5667429487   0.8925952068   2996.075086    
7        NO_ID      0.2361810153   -0.7674602309  -0.306132552   -0.9953508166  0.2627570309   0.2287901851   1918.514817    
8        NO_ID      0.1858437063   0.4032824959   0.140097163    0.07955073169  -0.3191969955  0.7418170864   484.9718017    
9        NO_ID      0.7673654297   -0.7696513144  -0.6916469135  -0.9453131189  0.8658638051   0.7722631764   2053.851418    
10       NO_ID      0.101673309    -0.9942596763  -0.7460447793  -0.4246599437  -0.3618203411  0.3228062474   2801.726645    
11       NO_ID      0.4835498244   -0.9995835821  -0.5730184441  -0.9065206252  0.7163304395   0.3628780808   1931.064264    
12       NO_ID      0.4806159831   -0.7860538984  0.4454245      -0.4972752575  0.4654388286   0.5715560282   2972.625204    
13       NO_ID      0.9418675976   -0.8447061276  -0.3468324929  0.3675599822   -0.456944721   0.3489150734   1900.063347    
14       NO_ID      0.7425203796   0.2155006283   0.7081358512   -0.4006701656  0.1824578437   0.5394294484   2416.058139    
15       NO_ID      0.8100223651   -0.9702741859  -0.4762527786  -0.3674848595  -0.6139208325  0.5342279418   2737.003466    
16       NO_ID      0.5273758723   -0.9236449748  0.9817639473   -0.5121411549  -0.4918923464  0.27761464     2816.034813    
17       NO_ID      0.4583779321   0.09224660564  -0.9234314279  0.2645974135   -0.426351315   0.2493246689   2486.480147    
18       NO_ID      0.7948426665   -0.1434608593  0.2408443225   0.9499609483   -0.2869277694  0.4858118733   3253.674283    
19       NO_ID      0.1090715671   -0.8944739979  0.03085150083  0.7393492697   0.2757210505   0.04408521896  4603.923334    
20       NO_ID      0.656498552    0.8750048931   -0.5983767405  -0.9400985611  0.09238821431  0.2005365192   9092.638351    
21       NO_ID      0.4290073068   0.7798822937   -0.8127599216  -0.3004939288  0.2772260445   0.6028829536   1523.185905    
22       NO_ID      0.8174229104   -0.5828208868  0.1986497465   -0.3121380212  -0.08667234289 0.4920816323   1960.689436    
23       NO_ID      0.3535991591   -0.06505764333 0.02175046493  0.02837804325  -0.5062878438  0.2202919591   1809.496665    
24       NO_ID      0.3058792209   -0.9175864374  0.7479345691   -0.8517508689  -0.1195905984  0.1995075899   2731.955574    
25       NO_ID      0.7543325774   -0.2014080957  0.02684355605  -0.1763471352  0.8789001391   0.9662326884   3079.179396    
26       NO_ID      0.4972800087   -0.04811249245 0.2857564407   -0.2830064521  0.3894876447   0.3148552306   2824.817397    
27       NO_ID      0.3076763688   -0.7622233643  0.9354354686   -0.872822964   0.6762281604   0.1053192473   4846.170897    
28       NO_ID      0.9989296843   -0.7568087811  0.1032122367   0.09996867743  0.2535088502   0.2717108768   2787.050681    
29       NO_ID      0.5336676823   -0.6901488871  -0.3289048011  -0.4061194747  -0.5016357376  0.1190395888   2024.545645    
30       NO_ID      0.9579248391   -0.01136849433 0.1708954152   0.3309365177   0.7504427627   0.5198935732   4646.193267    
31       NO_ID      0.8825191536   0.41792987     0.9914630758   -0.3531944821  0.1591131578   0.9303278803   2337.57862     
32       NO_ID      0.1312730581   0.9470384994   -0.5386276711  0.07400025063  0.5444431897   0.3324953028   2720.586473    
33       NO_ID      0.2384111611   0.1672249976   -0.4817145157  0.1452666424   0.8802014123   0.7122030512   3167.926386    
34       NO_ID      0.4409883417   0.5009034583   -0.8266522742  -0.7588593159  0.7340031269   0.8004943448   1236.946908    
35       NO_ID      0.8121790299   -0.209278925   -0.2246699264  -0.181801082   -0.8046876816  0.2910858407   2099.479207    
36       NO_ID      0.6991099583   0.1088106746   0.06195378495  -0.8896337608  0.355468456    0.3808786325   2166.571237    
37       NO_ID      0.8679901588   -0.9423455562  0.9225988397   0.7498729145   0.7121806383   0.354744914    8566.85199     
38       NO_ID      0.5711305109   0.3168599791   0.9362986067   0.5055253294   -0.6491737947  0.945028749    597.9984094    
39       NO_ID      0.2294379239   -0.9090112011  0.3846587034   -0.1508719089  -0.4952188154  0.1822417538   2253.847416    
40       NO_ID      0.5416830633   -0.5888059397  0.1204740714   -0.7607961504  -0.1859764216  0.783226106    1935.2022      
41       NO_ID      0.2740771176   0.9799604445   0.9005062242   -0.2214485527  -0.6673012529  0.2629814744   360.8674921    
42       NO_ID      0.9654035104   -0.08543134509 0.5373707684   -0.2921646704  -0.0815453727  0.3190563133   455.4231841    
43       NO_ID      0.892488093    -0.8905280687  -0.4006264511  -0.6656741441  0.1223100114   0.2087484269   1886.699878    
44       NO_ID      0.5096271001   -0.7325360734  -0.4537279291  -0.9359834754  -0.8284007264  0.6051919676   4277.0589      
45       NO_ID      0.8751225465   -0.03623662725 0.6002609283   -0.6931339185  0.5751176133   0.5664270327   2374.130436    
46       NO_ID      0.3768172026   0.5358124986   0.1368859954   -0.704908774   -0.05709230351 0.4908575636   1939.719645    
47       NO_ID      0.3833991823   0.4885902805   -0.1754802891  -0.3829709236  0.2214851588   0.7481918494   1800.066419    
48       NO_ID      0.3201678926   -0.1880333338  -0.01665989495 -0.2125098994  0.7435504527   0.5370705831   3081.863471    
49       NO_ID      0.5750440892   0.4311418264   0.5745589256   0.03379436246  -0.7324906792  0.7957716615   161.2534519    
50       NO_ID      0.9836838852   -0.5052618206  0.4119229233   -0.00191220335 0.5083954674   0.9164665566   3323.848724    
51       NO_ID      0.4043001463   0.6744967226   -0.1875548183  0.9215576558   -0.8983559094  0.7244062393   2232.030948    
52       NO_ID      0.557675992    -0.239984703   0.2458459724   -0.8456210417  -0.5316525352  0.4225666465   2192.118973    
53       NO_ID      0.3103274825   -0.7983219847  0.6442438403   -0.9496324992  0.09702483362  0.946635378    2329.326439    
54       NO_ID      0.9046303229   0.6015682737   0.3420784597   -0.8249491468  -0.4521337744  0.8661048187   7732.665274    
55       NO_ID      0.288583865    0.0990329142   -0.2724278464  0.8871083507   0.4392272895   0.7264117874   4014.8517      
56       NO_ID      0.6448468744   -0.43286837    -0.6637921685  0.1425547135   0.07766462967  0.0399545935   2015.979202    
57       NO_ID      0.5200205931   -0.3892785132  -0.8950971459  -0.7356612497  -0.1732353381  0.008574908793 2752.149836    
58       NO_ID      0.6235622014   0.06399503606  -0.5589640426  0.02656014632  -0.9945679913  0.5084201742   2948.707281    
59       NO_ID      0.2168267006   -0.1039064987  -0.6205629366  0.3771008922   0.8583582927   0.999832953    3021.712932    
60       NO_ID      0.114087585    0.2328625647   0.1911857019   0.1029808111   0.6355907287   0.81253119     3877.543441    
61       NO_ID      0.5319900637   -0.5619216735  -0.6557993932  0.08307237735  -0.5493861326  0.8727842951   1214.247435    
62       NO_ID      0.4564768876   -0.005148702696 -0.2397797457  0.8964809681   0.06832503483  0.9264184414   2957.786364    
63       NO_ID      0.3734174048   0.3227229034   -0.06805849744 0.3937698941   -0.07310901518 0.507584069    2466.01485     
64       NO_ID      0.598737385    -0.1693188764  0.2307047757   -0.2364091397  0.1242074462   0.09315670616  2436.031106    
65       NO_ID      0.8190936246   -0.7889276444  0.6659155973   -0.487105193   0.453226016    0.9502031952   3034.238654    
66       NO_ID      0.8132498685   0.1915411528   -0.3393905526  0.4026769996   0.4684259456   0.4709121799   3009.525981    
67       NO_ID      0.3166909277   -0.05899329416 0.6206717499   -0.4113487818  0.5531458083   0.8532319603   3367.694085    
68       NO_ID      0.8854870278   -0.5563498862  0.1162499438   0.4399712213   -0.6762221193  0.4270443966   1893.834066    
69       NO_ID      0.9754535502   0.170520616    -0.3612236044  0.5326997953   0.5388791018   0.862158761    3057.43038     
70       NO_ID      0.7825972824   -0.5988156479  0.406872034    0.007999450454 0.2494581377   0.7860833806   2887.714063    
71       NO_ID      0.3182489862   -0.8848113674  0.3368611555   -0.4661488716  0.1086390707   0.2391902424   2518.585923    
72       NO_ID      0.1790754682   -0.5453035406  0.4966030118   -0.5422523288  -0.04737369214 0.1289012541   2533.509571    
73       NO_ID      0.9342089258   -0.4954203026  0.1247103177   0.6467291474   0.6862509889   0.3512565607   5212.13687     
74       NO_ID      0.4911935487   0.8340011384   -0.7243782256  0.1622521546   -0.7484259241  0.215308503    2844.871115    
75       NO_ID      0.4260738391   0.6318328157   0.9936972618   0.2769660073   0.8212582128   0.08492776586  8847.210284    
76       NO_ID      0.7079291956   -0.7418797884  -0.6259888282  -0.1443785273  -0.6007653125  0.2305132784   2395.745987    
77       NO_ID      0.7890295618   -0.8758960289  -0.6665125833  -0.1009967803  0.0007984298095 0.2127448516   1938.338724    
78       NO_ID      0.9629458036   0.009690748703 0.07860354897  -0.7083765096  -0.7086447043  0.1719825502   3868.3918      
79       NO_ID      0.9770082347   0.6093225907   -0.4258210739  0.5242159414   -0.9792300272  0.5690347488   2419.26154     
80       NO_ID      0.1455247043   -0.278610606   0.6933432755   0.7318419662   0.6258863199   0.4097517036   7735.831171    
81       NO_ID      0.5393298878   -0.03413910204 -0.7992480483  -0.6133720811  -0.7587696185  0.1917917902   4122.780512    
82       NO_ID      0.2146572661   0.08394424488  -0.2006695682  0.06205735543  -0.1337119373  0.6560970435   1951.537487    
83       NO_ID      0.8074140434   0.5725036209   0.160697512    0.05449148101  -0.88881664    0.8405872893   2037.334276    
84       NO_ID      0.1833860524   -0.09000085895 0.5202713492   0.8111204445   -0.9575726344  0.7796598844   2364.939804    
85       NO_ID      0.8687234315   -0.985494465   -0.3581452616  0.7575257776   0.691629703    0.5046658126   3818.99612     
86       NO_ID      0.6314405576   -0.8066109195  -0.960554813   -0.8431923444  -0.5741739789  0.003275909193 4037.165958    
87       NO_ID      0.7026031472   0.6502834062   -0.9443725908  0.2007781946   0.8284753238   0.3344531309   2829.770732    
88       NO_ID      0.2649495912   -0.7724297388  -0.03921195182 -0.02550022792 0.2076555203   0.06910725401  2641.063654    
89       NO_ID      0.9500148938   0.5041274953   -0.8384348654  0.8396037254   0.2839279079   0.635228541    3082.295338    
90       NO_ID      0.292470707    -0.3763049455  0.08376795551  0.6236063692   -0.2594246325  0.1424503882   2878.996642    
91       NO_ID      0.8630016584   -0.4552523428  0.4633779543   -0.808103923   -0.9807964362  0.8769637467   2960.431001    
92       NO_ID      0.3673070724   0.9384152561   0.3110580423   -0.3473070052  0.8198242477   0.6499364677   741.4129694    
93       NO_ID      0.6952091477   -0.445564928   0.9469552274   -0.08330991421 -0.9602801805  0.5785203186   645.392339     
94       NO_ID      0.2720035412   0.02983112316  -0.1032259776  -0.6904311886  0.1975013174   0.6274528437   1746.88896     
95       NO_ID      0.4634766286   0.2906227615   -0.7537325891  0.2325122338   -0.5359913557  0.8603088705   924.2215514    
96       NO_ID      0.2222190386   -0.121821818   -0.8018638501  -0.155873644   -0.3040501063  0.3274185355   2379.093776    
97       NO_ID      0.7744698522   0.9067355728   0.5920421056   -0.1381253357  -0.717504185   0.6854590364   2521.863887    
98       NO_ID      0.1569287698   -0.2323473403  0.7746063044   -0.2524965263  -0.5979763629  0.919983548    544.8102224    
99       NO_ID      0.6686478108   0.3409403194   -0.5183439105  0.5811511743   0.7630273529   0.09914788073  4250.314765    
100      NO_ID      0.6470436549   0.5164724305   0.3698422237   0.7433378516   0.4175269175   0.8697504811   5063.098873    
101      NO_ID      0.2809566098   -0.04555872526 0.2692049566   -0.06796161912 -0.5880350674  0.5129312725   240.235043     
102      NO_ID      0.1697026336   0.7041607417   -0.795656227   -0.3264408136  -0.1554853377  0.1869017149   2427.288846    
103      NO_ID      0.4209632792   0.006152603685 0.8331711542   -0.9686941612  -0.235542046   0.3703340541   2192.177991    
104      NO_ID      0.778918366    -0.2491455851  0.6629292253   0.3635881819   -0.3815126833  0.7342886795   2658.85548     
105      NO_ID      0.6433951173   -0.607252501   0.2204161428   0.3700865806   -0.8222127541  0.6540797244   1887.244669    
106      NO_ID      0.3816913103   -0.6394514515  -0.7794403059  0.9035673897   0.6658516274   0.02087823721  4149.672573    
107      NO_ID      0.5716535668   -0.8099839876  -0.250736066   -0.9386208383  -0.4405267721  0.3065567463   2604.532361    
108      NO_ID      0.7106800772   0.9959064025   0.8008988922   0.4210649005   -0.7866888055  0.1160292859   565.1403057    
109      NO_ID      0.8232234471   0.5248218763   0.7842846657   -0.7004764693  -0.1084047009  0.9123582221   3158.357977    
110      NO_ID      0.1752512227   0.6589562238   0.3440673315   0.6422426355   0.2413962534   0.01791943771  5391.464615    
111      NO_ID      0.8350680375   0.1539565087   0.3957609443   -0.8143498606  0.5163102026   0.6298025477   2255.041259    
112      NO_ID      0.3005876034   -0.6456756804  0.6795063618   -0.6357087653  0.7754251813   0.4437404439   4262.669028    
113      NO_ID      0.1984183727   -0.2958917538  -0.5359759315  0.3373968278   -0.7693818503  0.5433948624   2413.408276    
114      NO_ID      0.380291438    -0.1302161847  -0.2778687456  -0.7367628531  0.8496114808   0.8392471623   1954.375314    
115      NO_ID      0.1913134403   0.5147510516   0.335470925    0.1659763353   -0.4458085369  0.9634517406   314.2858888    
116      NO_ID      0.7997717148   0.7397341009   0.3174872562   -0.9291277431  0.4970690792   0.7616819535   5761.331885    
117      NO_ID      0.6371401206   0.6614889807   -0.4593392657  0.4656440426   0.02755501812  0.9888119472   2412.082773    
118      NO_ID      0.5600438185   0.5531642105   0.5637541649   0.7922150544   -0.5379648352  0.6869312866   757.3305659    
119      NO_ID      0.2036741854   0.7936927995   -0.8840454343  -0.2465999687  0.4437660869   0.3889321737   1229.454186    
120      NO_ID      0.4871266782   -0.6655020715  0.04474377406  -0.4630443168  0.5560933991   0.2362531239   2605.079758    
121      NO_ID      0.785394683    0.9717991419   -0.09374117725 -0.9589916535  -0.6287517644  0.7749720217   15602.66187    
122      NO_ID      0.1432150989   0.5294000377   0.1064544492   -0.3372667939  0.5500889929   0.2526485261   2795.095998    
123      NO_ID      0.9319622036   0.5762500145   -0.08819496639 -0.1693246854  0.7112068384   0.9531323678   1380.714261    
124      NO_ID      0.7569915691   0.7518205103   -0.3674267335  0.1495408002   0.2004044225   0.5635058803   2105.216521    
125      NO_ID      0.24547303     0.3114230883   0.67286245     0.9559137926   -0.43127406    0.2171362954   4530.887057    
126      NO_ID      0.5475074377   0.5937464734   0.8927029796   0.2637261982   -0.5613887613  0.5523050821   507.8889862    
127      NO_ID      0.6279463598   0.06548196227  -0.638497001   0.9855601793   -0.9857953709  0.6659963974   2710.985106    
128      NO_ID      0.9424668618   -0.3629629704  0.1296116482   0.5781753189   0.7466409417   0.9929347823   4454.292493    
129      NO_ID      0.7947847643   0.9413471096   0.7892393916   0.8042916985   0.5792652928   0.4816190189   7864.383594    
130      NO_ID      0.7248090941   0.3389666389   -0.389581443   0.919114331    0.1751201767   0.0480107514   3732.69511     
131      NO_ID      0.8779993851   -0.7076764488  0.9277797622   0.9473335329   0.4286486233   0.07535892452  8771.827854    
132      NO_ID      0.7098301526   -0.3550915002  -0.6762318199  0.6605152141   -0.4738050736  0.1203806578   2117.444273    
133      NO_ID      0.4641301024   -0.4172228165  0.01427942679  0.1817680242   0.3632527668   0.4750075507   2974.309024    
134      NO_ID      0.6875453652   -0.5153305584  0.8121153057   -0.9877728599  0.02024377136  0.1030951954   2597.060597    
135      NO_ID      0.9460614368   0.4668460497   0.6852762269   -0.7488815568  0.7540775498   0.2751832683   3564.186184    
136      NO_ID      0.68290354     0.003711932644 0.8723874704   -0.2421308825  -0.2317027849  0.6169387968   692.227813     
137      NO_ID      0.460352431    0.564415324    0.1584113576   0.3522202334   -0.9554235066  0.9004852014   1843.254747    
138      NO_ID      0.5843846567   0.3701124447   -0.08177908411 0.1521102324   0.7566617763   0.1325383132   3955.053428    
139      NO_ID      0.8445403791   0.3152012221   0.9172842199   0.6717329686   -0.3915629619  0.9556163817   883.3063477    
140      NO_ID      0.8662890578   -0.6331231747  0.4403558133   0.3018951846   0.286730561    0.3417363961   3984.171223    
141      NO_ID      0.7393019627   -0.7783984209  -0.5866036855  0.7830405899   -0.9075145575  0.1945915254   2236.864597    
142      NO_ID      0.9906711248   -0.5307358009  -0.4866995974  0.4539666525   0.6159349961   0.2940459903   3099.567424    
143      NO_ID      0.5059976225   -0.7249870076  0.2618452783   0.7026197533   0.1688069806   0.3939382556   4077.867083    
144      NO_ID      0.554347654    0.6642203336   0.633660412    -0.06396493588 -0.269504225   0.07049206495  2354.037768    
145      NO_ID      0.2574729014   -0.8834870714  0.3146391549   0.1389577838   0.2165704554   0.01537448939  3757.917793    
146      NO_ID      0.1413303521   0.921945012    0.8586409754   0.9287272749   0.4223759892   0.7454597912   7940.865098    
147      NO_ID      0.1871913603   -0.8312418981  -0.3516115573  0.2577395228   0.1478460976   0.565569021    2368.10481     
148      NO_ID      0.390984217    -0.8589472253  -0.009076394089 -0.6467963622  0.6691445475   0.2030945645   2568.009368    
149      NO_ID      0.8726421491   0.7531251975   0.4901099515   0.3820945938   0.917217274    0.692212903    5700.976758    
150      NO_ID      0.8296601742   0.9152985395   0.2383218302   -0.331096922   0.01042109128  0.07618948333  3332.7316      
151      NO_ID      0.9620066101   -0.6438504785  0.4786647322   0.5197270232   0.3262962874   0.4182652457   4572.483781    
152      NO_ID      0.9672365347   0.1397445823   -0.6038311593  -0.1656398979  -0.4125648327  0.2685250361   2509.823279    
153      NO_ID      0.8838385868   0.07924442385  0.09201462734  -0.6180238126  -0.8798121607  0.6123368403   3713.149777    
154      NO_ID      0.3306265148   -0.962819289   0.4748995719   0.7675066017   0.05255706464  0.19661232     4817.407844    
155      NO_ID      0.2758482197   0.5230589202   0.3960128488   -0.248956444   -0.4486564232  0.1846368334   103.8712838    
156      NO_ID      0.1509376667   -0.5185628344  0.7257005801   -0.01884689421 -0.9337244314  0.7107676473   540.8863579    
157      NO_ID      0.115421905    -0.2708928031  -0.212785849   0.6391765169   0.8139391891   0.9902588166   4305.011412    
158      NO_ID      0.9878391587   -0.7106822423  0.8077302704   0.2694562591   -0.1132437702  0.8563534525   3169.390679    
159      NO_ID      0.2462275512   0.2083650669   0.9296839785   0.3210478046   -0.7015725454  0.4000604216   792.9589891    
160      NO_ID      0.9014967627   -0.6959961416  -0.7083953494  -0.2262601163  -0.167340996   0.5924223923   2399.033005    
161      NO_ID      0.8581399465   0.0559396445   0.8102059989   0.2435696613   0.3288499417   0.5880484549   4784.854681    
162      NO_ID      0.2700268718   -0.4109968026  0.9072514096   0.9244967895   0.3155491111   0.336626887    7765.557413    
163      NO_ID      0.5688363932   -0.4575337577  -0.9336262754  0.292733681    -0.54514651    0.1141111834   2446.151604    
164      NO_ID      0.2549727434   0.4755516946   -0.2350069908  0.2068422228   0.8957278946   0.6324231694   3962.028399    
165      NO_ID      0.8322987145   0.145737391    -0.177367174   0.1053011984   0.3516112698   0.3124253934   2521.36317     
166      NO_ID      0.268766722    -0.6772697538  0.8860564018   -0.8366359401  -0.2754727904  0.06676586501  2817.139473    
167      NO_ID      0.5453297647   -0.2226041805  -0.9865994839  0.1987993307   -0.09797627262 0.2445377233   2333.088747    
168      NO_ID      0.2022234805   0.7620196239   0.6107255708   0.01729320244  -0.3253958461  0.2335414868   389.8787957    
169      NO_ID      0.854677861    -0.2661276497  -0.6973888194  0.9408438849   -0.8155895982  0.4069522224   2411.796085    
170      NO_ID      0.9155065593   0.6845362133   0.07434587497  -0.8628627894  0.2929695208   0.006393774    7362.328089    
171      NO_ID      0.7277166589   -0.3392918386  0.85182547     -0.335593627   -0.8366477284  0.4116931975   2123.744058    
172      NO_ID      0.211230947    0.141017801    -0.6091594288  0.1718266948   0.1361289316   0.6307156008   2214.618856    
173      NO_ID      0.9265034472   0.1626645219   -0.9033046367  -0.04822523186 0.2362465262   0.1257836644   2160.597527    
174      NO_ID      0.1665363657   -0.1991370008  -0.7218251957  0.500502245    -0.1710686276  0.5737215922   2426.992199    
175      NO_ID      0.2400615812   -0.3990214921  0.766253143    -0.9828923242  -0.6932899284  0.06033727145  2348.892477    
176      NO_ID      0.3652023668   -0.4638339739  0.9566815225   -0.5534788855  -0.8736533367  0.1531854347   2393.224592    
177      NO_ID      0.6150808695   -0.132848604   -0.8085950117  0.04279383987  0.7384872208   0.7087781584   2398.775735    
178      NO_ID      0.8530812109   -0.3207313276  -0.4365000454  -0.9221285703  0.4935175355   0.08246066046  2098.699803    
179      NO_ID      0.3390392921   -0.5227366984  0.7177103682   -0.5195996892  0.6094632651   0.08002329966  4571.227198    
180      NO_ID      0.6494055591   -0.980330206   -0.5834508347  0.05678143243  0.6415311393   0.2560178501   2463.575319    
181      NO_ID      0.7580718741   -0.4019706907  -0.8782637946  -0.5248884879  -0.3985441611  0.5837278327   3704.830748    
182      NO_ID      0.4138364182   -0.9343002516  0.06593998096  0.5613891891   -0.5951314879  0.7636017759   2163.956277    
183      NO_ID      0.1286627287   -0.2414373517  0.4133622433   -0.2795398185  0.9228692484   0.9750303519   4192.008408    
184      NO_ID      0.5292811727   -0.9301075492  0.2325933304   -0.6223155865  0.9761436254   0.2514984018   3734.639491    
185      NO_ID      0.8242805792   -0.4783535889  -0.5249552766  0.6006731227   -0.7391676438  0.8426723019   2495.483764    
186      NO_ID      0.919574171    0.3634004765   0.05185430523  0.6939932335   -0.7470808325  0.2860996556   694.2722265    
187      NO_ID      0.6261221704   0.8687493822   0.5555542448   0.04864775087  -0.2035887245  0.2468404963   2241.313506    
188      NO_ID      0.5673203079   0.02273692042  0.1956517555   0.9932344208   0.874328545    0.04277158548  8389.559449    
189      NO_ID      0.5867458318   0.1327925144   0.5268038788   0.4621176063   0.7947936185   0.2058263856   7113.095838    
190      NO_ID      0.668894056    0.5493551918   0.7947200916   -0.8859898717  0.9749631344   0.0792511655   3447.589725    
191      NO_ID      0.5526109613   0.7450690237   -0.7065604886  0.5158563493   0.0848009408   0.9768559918   2744.849931    
192      NO_ID      0.2624656943   -0.08246293662 -0.117715582   -0.6754835942  -0.8260928357  0.3796804446   2548.081487    
193      NO_ID      0.6533586703   0.3812916856   0.5167997517   -0.781118213   -0.6231561378  0.8512803942   3250.587741    
194      NO_ID      0.2232851452   0.7841435019   0.182278083    0.8140946916   0.929081674    0.6411423518   7518.875021    
195      NO_ID      0.6252446835   -0.9377681611  0.9106218873   -0.6595397896  -0.2666910975  0.6612401658   2600.721232    
196      NO_ID      0.1171577402   0.9035505903   -0.5072557171  -0.1142004255  -0.1031102212  0.2660653366   2033.67544     
197      NO_ID      0.7590679196   -0.6038384063  -0.03103287815 0.2221128465   -0.9380153734  0.9288571183   2114.853457    
198      NO_ID      0.7627012788   -0.2855129053  -0.00582145454 -0.7553551968  0.2317558022   0.517847638    395.0694275    
199      NO_ID      0.1233361261   -0.4482392428  0.6515771474   -0.2846450863  0.3667223643   0.09659629438  4267.836544    
200      NO_ID      0.4559700572   0.9802991471   -0.729648979   -0.7224911835  0.4270140284   0.4836133248   4449.292597    
201      NO_ID      0.1800416782   0.5627467139   0.04341979038  -0.2013463053  -0.1051882643  0.2817654222   511.5418547    
202      NO_ID      0.1536531197   -0.670534877   -0.8046538245  -0.8694409279  0.5250100185   0.5772578491   2252.641099    
203      NO_ID      0.6601795026   0.8947131438   -0.1346716941  0.8690535387   0.2661358441   0.3115456899   4313.917632    
204      NO_ID      0.7209805546   -0.7390830704  -0.1958632112  0.4838330703   -0.5166943245  0.6451812293   1957.132876    
205      NO_ID      0.1551815401   0.2313973761   0.3730668826   -0.7189957307  -0.6342650333  0.8599081105   1556.51859     
206      NO_ID      0.6596770289   0.8392278538   -0.684107267   -0.3424722378  -0.2784053273  0.8176914186   4891.898853    
207      NO_ID      0.7225744395   -0.4739602444  -0.4644412383  0.650804472    -0.9509038298  0.1722477895   2065.92027     
208      NO_ID      0.5157273898   0.4586480831   0.7825569963   0.4916963282   -0.8455303495  0.9827754693   275.9900391    
209      NO_ID      0.489965251    -0.6187381538  -0.7417874482  -0.2079957377  -0.5645545017  0.6760921762   3274.640774    
210      NO_ID      0.2256974187   -0.3668690387  -0.2116209679  0.4765527095   0.805264838    0.8549118064   3937.956959    
211      NO_ID      0.4436393056   0.5984312045   0.7381793424   0.5700954226   -0.9017088528  0.4762624703   365.9709054    
212      NO_ID      0.4179715332   -0.01845260786 -0.5425635541  -0.03082416783 0.3073487163   0.005323872123 2166.543245    
213      NO_ID      0.5609753077   -0.3352143025  0.1497937272   0.6845921666   0.3413218754   0.4946900808   4210.456196    
214      NO_ID      0.8879735279   0.7651766811   -0.5028878277  -0.9003273675  -0.7277628132  0.3835223804   16480.18288    
215      NO_ID      0.2423849392   -0.5732115136  0.2174548226   0.1262943611   0.9708194312   0.3577759668   5440.795662    
216      NO_ID      0.4945457892   0.3872822375   0.0542149516   -0.2183933288  -0.06240988347 0.4637832056   353.5949735    
217      NO_ID      0.8478615125   -0.6500218008  -0.9587593539  -0.9909432736  -0.886464079   0.6744708155   7920.234379    
218      NO_ID      0.5352409062   0.03264281874  0.07153819966  0.3430232375   -0.8610110761  0.13981566     153.413599     
219      NO_ID      0.985050488    0.5597212013   0.2804762012   -0.8353762707  0.4349193591   0.4873104824   5926.348126    
220      NO_ID      0.2931377878   -0.8239195913  -0.6956033051  0.3568239917   -0.04852023968 0.6536158343   2383.345432    
221      NO_ID      0.4365098303   0.8075848873   -0.7516955695  -0.2648352006  -0.8664121491  0.01943119302  4164.271714    
222      NO_ID      0.8501055418   0.4537054678   0.6050277898   0.3339888677   0.03923197677  0.5224902483   3559.295058    
223      NO_ID      0.4776185976   0.3484994878   -0.5644943379  0.01038790249  0.03480331427  0.1772966876   1985.766598    
224      NO_ID      0.2500828214   -0.5541431931  0.3021486944   -0.2585905514  -0.6633204711  0.05275769844  1954.182066    
225      NO_ID      0.5779577865   -0.9772847314  0.08751232333  -0.1409608083  -0.6368381745  0.5993527699   1993.490218    
226      NO_ID      0.5948361553   -0.9666915474  0.03905815708  -0.5380254631  0.7286331093   0.3165147133   2783.016171    
227      NO_ID      0.6359827796   -0.3948761609  0.03577617096  0.5748040247   0.4886431665   0.9856279315   3534.829274    
228      NO_ID      0.286907281    -0.05435616648 -0.3729081857  -0.8836443388  -0.5870135914  0.358650925    3051.355798    
229      NO_ID      0.9488685692   0.5437383275   0.2082634421   -0.2722234721  -0.1803890248  0.01361762385  2442.362634    
230      NO_ID      0.346551814    -0.1929256684  -0.8450810474  -0.7768005807  0.1849337927   0.4997623065   2590.603318    
231      NO_ID      0.641588742    0.5119387294   0.5882557759   0.9324710247   -0.07871272902 0.2892826083   5183.571214    
232      NO_ID      0.539094941    0.9637296649   0.631362594    -0.0546352237  0.7695239933   0.5748370306   974.457127     
233      NO_ID      0.474657301    0.1945404935   -0.3718565585  -0.6549238895  0.5894703501   0.2981476685   1820.027697    
234      NO_ID      0.6109828685   0.2874038735   -0.1414127647  0.2747550583   -0.2209175082  0.2259876595   2081.109943    
235      NO_ID      0.1493177393   -0.2637437809  0.2592709844   -0.04359855958 -0.0302943767  0.885633825    2273.579829    
236      NO_ID      0.9390159476   0.2162843285   0.4382668003   -0.4189054051  0.3100115595   0.2785091506   572.3890926    
237      NO_ID      0.5130317985   0.08844307026  -0.460466817   0.6118340333   -0.3671195079  0.6730684155   2178.131532    
238      NO_ID      0.4164491891   0.8023532483   -0.8205617951  -0.4200868361  -0.8086772108  0.5440019088   5711.487356    
239      NO_ID      0.7480297739   0.8217835059   -0.313869979   -0.5985930965  0.7050077277   0.6211712481   3658.440225    
240      NO_ID      0.678199831    0.1514065264   -0.9990835774  -0.6762988363  -0.2138913965  0.3904113106   4684.660202    
241      NO_ID      0.2184793821   0.3036486708   -0.1575233369  0.6828697973   0.2882268221   0.9143288771   3361.83127     
242      NO_ID      0.7499172116   -0.1159219089  -0.3343849322  0.867412455    -0.01002235718 0.4158379334   2856.250853    
243      NO_ID      0.7976875858   0.03785077885  0.5998148616   -0.3593122249  0.1192140047   0.8107980488   445.6920584    
244      NO_ID      0.9179430489   -0.7801484877  0.2904090888   0.8444351139   0.897830469    0.1630935488   7537.207313    
245      NO_ID      0.592558654    -0.0254720041  0.973649865    0.8501092984   -0.03707231447 0.7296695276   5354.997355    
246      NO_ID      0.3242231095   0.86059623     -0.8577828463  -0.4896549735  0.3463649006   0.5505151516   1609.47595     
247      NO_ID      0.7683750195   0.8775331901   -0.7566899805  0.3873740028   0.2120881871   0.2587736667   2492.685337    
248      NO_ID      0.4079408667   0.7294149211   0.2058718901   -0.01246313216 0.5932179649   0.9200360684   3062.237276    
249      NO_ID      0.4115654254   0.3321577424   0.5579692823   -0.8960925888  0.460090446    0.3691609782   372.6389733    
250      NO_ID      0.4100078351   0.4426638259   0.6529534824   0.713615792    -0.6829091266  0.1311092095   3246.469728    
251      NO_ID      0.2767204954   -0.06265119437 -0.2405155576  -0.3973354359  -0.9444237616  0.4443610105   2572.262119    
252      NO_ID      0.6509159924   0.2036758234   0.504961138    -0.9988457127  0.3854661783   0.3951217164   2402.708033    
253      NO_ID      0.4385931812   -0.5404405609  0.2926720495   -0.9170939356  -0.4053165052  0.7567254692   2141.09336     
254      NO_ID      0.4187175534   0.2502340561   0.1733183063   -0.6288806237  0.8885883209   0.6251942068   2539.933118    
255      NO_ID      0.5438215149   0.4782747071   0.7335731214   0.2271580387   -0.9419249037  0.1742016637   262.6762247    
256      NO_ID      0.1959730367   0.3919501885   -0.3940893676  0.1324334901   0.6584065507   0.7321418431   2887.002044    
257      NO_ID      0.3024813281   -0.1829312514  -0.8190443012  -0.5774941058  -0.7664895103  0.8824590577   5350.638885    
258      NO_ID      0.8268723295   0.7217935177   -0.966869443   0.8182277919   0.8635379751   0.7923721722   3929.694256    
259      NO_ID      0.6202064426   0.08530129182  -0.3084415447  0.894253603    0.7801686244   0.02696289758  5778.225229    
260      NO_ID      0.4683285998   0.6538427212   0.1859037398   0.7682015071   -0.3450999684  0.6156231355   2906.795907    
261      NO_ID      0.8380729959   -0.280296312   0.4344026083   -0.5920657118  0.9853599461   0.001009338082 3981.732026    
262      NO_ID      0.392559818    -0.3162134805  0.1796982485   0.3139005299   0.965697275    0.5571669544   5502.565169    
263      NO_ID      0.673443049    0.8167020443   0.6139140664   -0.4391291935  -0.7822029033  0.5299750577   3211.33952     
264      NO_ID      0.4306250636   0.4601599093   0.5036091647   -0.7280490945  0.3209321569   0.9945645412   298.4221472    
265      NO_ID      0.5764496994   -0.03139169093 -0.3170051745  -0.430120212   0.02841799548  0.3007591575   1767.348754    
266      NO_ID      0.9934280452   -0.4680994985  0.2665262547   -0.4508022258  0.3007494623   0.4058932967   2311.74359     
267      NO_ID      0.3640856147   0.9845046215   -0.08555806939 -0.5071103337  0.4459617777   0.6814245471   2053.087802    
268      NO_ID      0.374040954    -0.3563781935  -0.9120129602  -0.006463728844 -0.06860955318 0.9684919383   3557.995693    
269      NO_ID      0.7151736395   0.6046800704   -0.634665018   -0.7143035955  0.246407134    0.7196352802   4940.302465    
270      NO_ID      0.879768829    -0.6744060226  0.2132825474   -0.9270399355  0.6456605655   0.6076336222   2168.395915    
271      NO_ID      0.693745664    0.7026207104   0.66862368     0.4876891047   0.5325520083   0.4571457029   6029.657764    
272      NO_ID      0.1469915999   0.3929143145   0.6266650025   0.9123201136   0.5120975634   0.7044001745   7298.081189    
273      NO_ID      0.5982208817   0.8586514554   -0.739240365   0.3245549453   -0.199824374   0.09114651056  2317.420824    
274      NO_ID      0.4253837238   0.8495307308   -0.02150731019 0.7276451271   -0.8537928727  0.7239378272   2099.781971    
275      NO_ID      0.9811584136   0.115265741    -0.4964130951  0.722573699    -0.147131439   0.7007502164   2332.02192     
276      NO_ID      0.5896271779   0.6362584416   -0.6836391425  0.298312556    -0.554682991   0.8985459144   1082.803509    
277      NO_ID      0.5652745196   -0.9500199913  -0.6289434027  0.4706078473   -0.4786350518  0.7206647812   2547.679299    
278      NO_ID      0.9118845965   -0.4967270727  -0.6138171669  0.5537951501   0.2254234095   0.9070107749   2329.488634    
279      NO_ID      0.5221237712   0.263019907    0.8678020496   0.6963770135   0.8259961744   0.3749586968   9395.303011    
280      NO_ID      0.5880190056   -0.1620656426  -0.8617099487  0.7113319442   -0.3287746642  0.1887630641   2356.394503    
281      NO_ID      0.9978394857   0.7980945219   0.4226563174   0.3104305146   0.7969788961   0.1458931151   1270.197493    
282      NO_ID      0.7521653261   0.8109268091   -0.7657467473  0.9600169974   -0.3526832817  0.2643888967   2789.976175    
283      NO_ID      0.5365285836   0.8917921145   0.8760505871   0.4999346763   0.08324904563  0.4543804896   5037.266644    
284      NO_ID      0.6899272219   0.9319367035   -0.4333251989  0.2532941094   0.04935947796  0.03129330007  2200.199425    
285      NO_ID      0.4439974017   0.8541851359   0.4666978716   -0.6870452948  -0.3762643442  0.1371962807   2786.60048     
286      NO_ID      0.3442705944   -0.8542616172  0.3642213916   0.5911846966   -0.4020952753  0.6881942657   2684.408363    
287      NO_ID      0.1373458867   0.5478339994   -0.9912557743  0.4282279662   0.886522868    0.4977001475   3526.690028    
288      NO_ID      0.9102295781   0.6205963218   -0.8686872429  -0.8656889515  -0.05470359727 0.6387504023   12616.21902    
289      NO_ID      0.8712320354   -0.4430881565  0.5761077874   -0.3958573248  -0.5563939589  0.4501112351   426.4821964    
290      NO_ID      0.6394662674   0.4705814306   -0.6579049666  -0.4541609078  0.6484541341   0.1462177653   2124.350519    
291      NO_ID      0.2962113348   -0.6808860566  -0.60670458    0.3884633103   -0.2387005119  0.9792466988   2628.106953    
292      NO_ID      0.9696483601   0.1987421226   -0.3537146614  -0.774860593   0.6609413126   0.642856317    3326.18791     
293      NO_ID      0.7136076238   0.4381154163   0.4581953692   0.880863514    -0.03469822853 0.7971638544   4173.998898    
294      NO_ID      0.7387623264   -0.8781128105  0.6199466379   0.7540038974   0.8088186929   0.8790843191   6741.429226    
295      NO_ID      0.3564917466   -0.2743953547  -0.2972529586  -0.5677873973  0.4496455881   0.6991085477   1852.396352    
296      NO_ID      0.4544165811   -0.7550643063  0.08948913297  -0.563957111   -0.7284408152  0.4027149213   2182.887743    
297      NO_ID      0.6182613111   -0.9520108608  0.1471531148   0.6780430417   0.3189315668   0.8043337298   3637.818001    
298      NO_ID      0.7910514133   -0.5934815903  0.3531229225   0.01203033132  0.8536629102   0.8153450151   4312.269249    
299      NO_ID      0.9255876643   -0.6280023433  -0.3256536852  0.824540214    0.3956116424   0.821747683    3072.825747    
300      NO_ID      0.6975505206   0.9915716428   -0.05437641061 -0.796406218   -0.6424546096  0.4698644652   10164.79031    
301      NO_ID      0.3623843951   -0.6219706912  -0.9819631543  0.2468683786   -0.3321358801  0.5312381323   2993.644275    
302      NO_ID      0.922001982    -0.8175769605  0.7770921927   -0.5682904053  -0.2903864314  0.7915586925   2306.013871    
303      NO_ID      0.8978232352   0.2578948006   -0.2447102203  -0.6485006935  0.5872757551   0.9610724164   2493.041947    
304      NO_ID      0.134478952    0.04471711011  0.3250542526   -0.5740251275  0.2332450632   0.8035646924   2130.618175    
305      NO_ID      0.5516947833   0.4067810419   0.9613786824   0.3967352204   -0.6532816439  0.4611609721   718.5849003    
306      NO_ID      0.4828408144   0.1732613645   -0.2595758527  -0.8559608667  0.9373288121   0.3721447276   732.8325692    
307      NO_ID      0.283901936    0.1005571991   -0.6467015913  -0.8064807778  0.1151777306   0.7883980698   2657.596897    
308      NO_ID      0.2526583409   -0.2318361288  0.5709564032   0.2127131944   0.6804021397   0.3287517646   5891.113653    
309      NO_ID      0.2003269641   -0.2156321828  -0.6696362122  0.5643973958   0.7788954777   0.9320720463   3178.501439    
310      NO_ID      0.7441451667   -0.6568062203  0.4038217935   -0.1752992345  -0.7543554623  0.1224818503   1943.704567    
311      NO_ID      0.2542586249   0.8447839821   0.27582113     -0.626981501   -0.02587041962 0.4365228357   683.4648429    
312      NO_ID      0.6086997015   -0.570412136   -0.3846206924  -0.7666404034  -0.6684684458  0.9413966634   3668.063276    
313      NO_ID      0.5175078919   -0.9056052851  0.3624068843   -0.09267466276 -0.6570826183  0.4330030141   2019.256887    
314      NO_ID      0.4697679442   -0.2546624379  0.2247577955   0.2875224651   -0.773426128   0.01186793414  1944.67713     
315      NO_ID      0.3786270413   0.4146811244   -0.7721357094  0.08527394517  -0.09465563216 0.6235534181   841.8409941    
316      NO_ID      0.9303423895   -0.07743158665 -0.2288081062  -0.03635684745 0.1346544302   0.1800052431   2018.399372    
317      NO_ID      0.9960222563   -0.8022772052  0.8414256692   0.9813376776   0.9070336313   0.2341543601   10485.63372    
318      NO_ID      0.2188444172   -0.7309941956  -0.9183904683  0.3466858577   0.9906780836   0.0899188158   3538.042199    
319      NO_ID      0.9601800668   -0.9891515193  0.4822739778   0.6273306213   0.7840936571   0.6662231123   6062.79129     
320      NO_ID      0.3142252714   -0.2477291602  -0.7338082382  0.2832560144   -0.6247125597  0.8181811534   3105.375774    
321      NO_ID      0.4462048993   0.7820029005   -0.8805031218  -0.5202401505  0.9996938989   0.03610412471  2437.13406     
322      NO_ID      0.5075961286   -0.7142135893  0.7496055433   -0.9673215108  0.01877037617  0.4727764656   2505.884011    
323      NO_ID      0.6547575225   0.2071873566   0.1142402565   -0.5807540066  0.06685764142  0.1343908628   511.0056917    
324      NO_ID      0.1816552533   -0.5092712908  -0.3024824394  -0.1987811206  -0.6048509286  0.5818843785   2189.332987    
325      NO_ID      0.5567772      -0.1174683068  -0.953644815   -0.03265235511 -0.4391884298  0.9246113481   1260.113135    
326      NO_ID      0.1190719805   -0.2912114917  -0.294830255   -0.7709357338  0.005980816934 0.2559822382   1843.415357    
327      NO_ID      0.3518701256   0.05984161814  0.9690320127   -0.6063055203  -0.9241926224  0.8251529565   2107.203943    
328      NO_ID      0.6132906529   -0.8491540817  -0.1623871949  0.0228943859   -0.5795285701  0.9967444056   2171.359429    
329      NO_ID      0.7306400181   0.2767190661   0.4525522241   0.5999710564   -0.138864571   0.05795438049  3894.194493    
330      NO_ID      0.5632806216   -0.6540985634  0.7153607298   -0.1234040643  -0.2813544922  0.6954651689   2492.604       
331      NO_ID      0.3860471686   0.4511561297   -0.4911561177  0.6307807893   -0.817402952   0.4466922077   2231.270559    
332      NO_ID      0.8911582593   -0.6624140046  -0.9738780093  0.7078047378   -0.7910108922  0.2603755787   2832.67167     
333      NO_ID      0.368348836    -0.2059187371  0.4850543553   0.8531800118   0.9957562125   0.05889168928  9826.704734    
334      NO_ID      0.7475075061   -0.3406354078  0.5855295836   0.5840431567   -0.618228352   0.584205183    2521.030085    
335      NO_ID      0.314039975    0.6718079691   0.8386002611   0.3195308558   0.8428328361   0.5248673929   7655.836532    
336      NO_ID      0.7323453774   -0.3046006189  -0.9398811205  0.5518228496   0.1415199202   0.4354462692   2459.921061    
337      NO_ID      0.4068975672   -0.6856097458  0.4286456513   0.5371283882   -0.7231287391  0.4485943179   2340.551477    
338      NO_ID      0.1242314674   -0.4307348474  -0.5283678722  0.217859591    0.2084104016   0.9714330804   2340.748771    
339      NO_ID      0.2798438664   0.7705872245   0.7691688961   0.1316262879   -0.1589488616  0.3537408546   3308.924384    
340      NO_ID      0.2332935236   0.2729577555   0.8810581059   -0.4774923097  0.3336157688   0.5958860581   3417.549222    
341      NO_ID      0.3956544867   -0.04363103328 0.9870789217   0.1914467639   0.1638415654   0.06537839774  5771.454988    
342      NO_ID      0.5245920083   0.1268183031   -0.1981309161  0.6153960803   0.8325812071   0.7364312875   4581.876994    
343      NO_ID      0.1731564556   -0.149353779   0.4162353197   0.7850641478   -0.5710008232  0.6193185239   2860.376196    
344      NO_ID      0.6768648933   -0.6252266299  -0.6747823293  0.03687989563  0.2969425864   0.3097674202   2042.580469    
345      NO_ID      0.2269472593   0.4948149728   -0.06358509185 -0.7474985242  -0.6099440307  0.9103927331   2821.692187    
346      NO_ID      0.9355996488   0.5384640304   0.05785855678  -0.1845140925  0.568038805    0.6901801091   1179.960328    
347      NO_ID      0.3411575868   0.2648634885   -0.1107920341  0.7902245611   0.2698141736   0.8741900953   3580.532606    
348      NO_ID      0.6302533233   0.9093755635   0.277244769    -0.2635662479  0.6363601567   0.464628853    2435.102774    
349      NO_ID      0.2306734588   -0.5770329288  0.8604039832   -0.9109971019  0.6221247916   0.696126505    3582.954245    
350      NO_ID      0.1627699166   0.2993855738   -0.8333719662  0.8772209447   0.04374945365  0.9591040021   3193.964587    
351      NO_ID      0.7160724814   0.9960438006   -0.1658820092  0.9911024003   0.4788399187   0.5413636846   5111.364121    
352      NO_ID      0.1590576626   -0.8327174256  0.8694005589   0.8885341993   -0.02152128438 0.1926056303   6424.324038    
353      NO_ID      0.5260282415   -0.9727856585  0.3819358053   -0.7884130955  -0.1927826284  0.8883036816   2119.153032    
354      NO_ID      0.9531512827   0.2708305865   -0.5492575933  0.2487055684   0.7000796826   0.4536834931   2868.414892    
355      NO_ID      0.121521358    -0.4151952211  0.7063741293   -0.8189276573  -0.9133551945  0.02452895301  2301.788377    
356      NO_ID      0.6024746246   -0.5322131108  -0.2180890176  0.7735910376   0.9457023276   0.0725870749   5983.566489    
357      NO_ID      0.3704061477   -0.3508966293  -0.2894323629  -0.07000167906 0.7241545308   0.7152869141   2638.206011    
358      NO_ID      0.6718268646   0.01580746883  0.3072861226   -0.5871158295  0.3583662892   0.7598706468   276.12876      
359      NO_ID      0.9536110367   -0.3142151974  -0.2859628391  -0.830053639   -0.8007128951  0.1583219882   4397.754139    
360      NO_ID      0.7652660352   -0.01538224683 -0.5684840726  0.8410306927   0.9802526556   0.6117886341   4672.878476    
361      NO_ID      0.248500401    -0.7492716376  -0.6483101305  -0.1118089671  -0.3588180558  0.8867276872   2977.453295    
362      NO_ID      0.9378515463   0.5872575948   -0.09679999548 -0.972630576   0.7656080677   0.6586495939   7242.407544    
363      NO_ID      0.9734700273   -0.3820562491  -0.07535986436 0.831117359    -0.9644900004  0.3212265326   1904.7157      
364      NO_ID      0.691487033    -0.8998030868  -0.7820720641  0.4354485116   -0.8483506101  0.9803591956   1308.103499    
365      NO_ID      0.433226726    -0.9472109004  0.5096327379   -0.9549805797  -0.6906893792  0.7982785533   2585.139402    
366      NO_ID      0.8024026063   0.1222164262   -0.5614566565  -0.07669287209 0.1546319825   0.4257139483   1950.695475    
367      NO_ID      0.8398376122   -0.8691144033  0.8206149061   0.5300042628   0.5838680408   0.9373455271   5687.411178    
368      NO_ID      0.8425984087   -0.6140277332  0.6392243778   -0.1259783151  0.3975873445   0.3304636129   4016.095011    
369      NO_ID      0.1953892263   0.4337931762   -0.8909013587  0.6348310209   -0.7781258043  0.2194323524   776.3505645    
370      NO_ID      0.9561919204   0.176520819    -0.02789629885 -0.5476712457  0.06145679734  0.4383913422   2358.276637    
371      NO_ID      0.6669185225   -0.4648868181  -0.4477523061  -0.8011546508  -0.647870395   0.9863676101   4041.590728    
372      NO_ID      0.1056352731   0.4085542457   -0.474206995   0.09350345377  -0.8685579526  0.7429055187   2655.730755    
373      NO_ID      0.6059431143   0.7143430015   0.1330493951   0.3506723042   -0.2480265013  0.1011313593   732.8885638    
374      NO_ID      0.6045630147   -0.8366949095  0.8993403487   0.1190587976   -0.385966866   0.6096833028   2973.13981     
375      NO_ID      0.3875516057   0.3795720363   0.007027681079 0.5086011935   0.457526876    0.7706939442   3803.253911    
376      NO_ID      0.5015110336   -0.07598349064 -0.5941115563  -0.7923349853  -0.7415859717  0.1666985907   3950.287936    
377      NO_ID      0.7776444975   0.2392195014   0.01113648695  -0.13251222    -0.3382798843  0.2970824931   1291.277379    
378      NO_ID      0.923397511    -0.3688871921  -0.9108457551  -0.9147455641  -0.4610730185  0.5009776329   6150.85805     
379      NO_ID      0.9913511789   0.9244783152   -0.4127925001  -0.9639606251  -0.4211458199  0.5103746921   22587.73862    
380      NO_ID      0.5837136606   0.9723038616   -0.790561613   -0.9787338162  0.5964531865   0.9486638348   8966.787538    
381      NO_ID      0.1075310539   -0.1045485076  -0.1520460485  -0.7869542683  -0.2520484324  0.9435514094   2148.610319    
382      NO_ID      0.6749366624   -0.8412902611  -0.5550028459  0.9746947105   -0.9704024314  0.5217927707   2538.104487    
383      NO_ID      0.326434036    0.07486679355  -0.263816236   -0.3686403227  -0.8923305098  0.3615779316   2456.282627    
384      NO_ID      0.9688986123   0.7176189537   0.9406644596   -0.2997473689  -0.04291753874 0.5543232733   2817.12732     
385      NO_ID      0.3483131764   0.9336074486   -0.2230230203  0.4952466066   -0.9968094218  0.3871023688   2079.650828    
386      NO_ID      0.4867419265   0.6824842413   -0.5470310751  -0.6616870439  0.8696594802   0.4309965815   2289.092049    
387      NO_ID      0.4226037749   0.2420787945   -0.9288221704  -0.2697503533  -0.7052356942  0.3661864233   3795.148669    
388      NO_ID      0.7351899211   0.7108426922   -0.1149925496  -0.6117993881  0.8008225741   0.8456432997   2747.863126    
389      NO_ID      0.3545380557   -0.5003144321  0.5327696096   0.2100810251   0.9144656713   0.7462629804   5880.150483    
390      NO_ID      0.5487163976   0.1161600283   -0.1882687214  -0.2315032904  -0.3108841484  0.3845985267   1767.713061    
391      NO_ID      0.6649118169   -0.1111453386  -0.4166832072  0.959140562    -0.9297826488  0.6697665165   2274.418186    
392      NO_ID      0.2609474      -0.7200857178  -0.3238337818  0.6545006676   -0.210436353   0.1563417259   2513.436212    
393      NO_ID      0.6006973585   -0.4838620625  0.4269614806   -0.6374986709  -0.3420297985  0.04759714493  467.0110334    
394      NO_ID      0.1702908783   0.8260421551   -0.1495015391  -0.7262345709  -0.3205929947  0.5910967402   2523.81239     
395      NO_ID      0.2331548445   -0.5365985906  0.0007903494677 -0.5119340823  0.7235382273   0.0559147987   2981.98495     
396      NO_ID      0.8947918398   -0.09746088615 -0.3788057322  -0.5895014866  0.4107500652   0.4200457905   1880.057271    
397      NO_ID      0.3422323658   0.6783199515   0.7603723328   0.2887701986   0.08873552147  0.1605218546   4673.136315    
398      NO_ID      0.7804183388   -0.1523439649  0.8444207145   -0.483022024   -0.4084049227  0.478798724    2173.13807     
399      NO_ID      0.8774566397   0.3998611354   0.9979828777   -0.5499814636  -0.9082178971  0.5278908062   3208.38276     
400      NO_ID      0.9068597411   -0.7023505492  0.9771672721   -0.1602747693  0.2565873829   0.9346247529   3683.522875    
401      NO_ID      0.104169476    0.7748205049   0.3577650339   0.1585163672   0.543586958    0.1129721699   4902.439755    
402      NO_ID      0.9041884727   -0.09349226411 -0.03507238704 -0.6681215262  0.9253670639   0.1092296103   357.5192565    
403      NO_ID      0.8604447664   -0.1274480892  -0.9692943393  0.44916726     0.1899240016   0.7697187318   2750.39545     
404      NO_ID      0.3897016693   0.7439535086   0.6803270643   -0.8208768194  -0.005644039558 0.4282659147   2308.13887     
405      NO_ID      0.7697251534   0.3077218576   -0.9507604625  0.9672711163   -0.9182222278  0.1545962529   2784.71574     
406      NO_ID      0.1768914165   -0.7454631533  -0.618964118   0.2382335437   0.9557876316   0.1519526972   3677.665965    
407      NO_ID      0.4000975517   0.04281260812  -0.7862597828  -0.08811590893 0.5606844109   0.09542084191  2266.03951     
408      NO_ID      0.6336171908   -0.5508058431  0.5816411355   0.5223612604   -0.5407794327  0.3991749425   2737.892173    
409      NO_ID      0.4993081575   0.01818070905  -0.8425990731  -0.1922915258  0.8388755966   0.08791149116  2402.879822    
410      NO_ID      0.8044599447   -0.9589795713  0.2017496879   0.7329174683   -0.2196801856  0.2401864748   3039.184984    
411      NO_ID      0.9787529472   0.6133315222   0.3503049437   -0.4404983033  -0.7965388724  0.9053252345   5289.616631    
412      NO_ID      0.358008571    -0.02326376797 0.3308643316   -0.6974295313  0.5236351877   0.8709431395   2226.770924    
413      NO_ID      0.595802736    0.9662508732   -0.3836871699  -0.4925873652  -0.2957633002  0.1061122283   4588.992325    
414      NO_ID      0.3047282871   -0.136386456   -0.4106140543  -0.08453586459 -0.7951732498  0.8914529433   2747.047111    
415      NO_ID      0.3271380725   0.1832298929   0.9499982139   -0.4730613149  0.1053198277   0.459382524    912.5858116    
416      NO_ID      0.1414482215   0.815748044    -0.2535120274  0.6169457269   -0.7123279047  0.7317648727   2214.169801    
417      NO_ID      0.8887507022   0.6273414086   0.1550559506   0.3068834663   -0.5217023837  0.03366932342  671.1933139    
418      NO_ID      0.1932988355   -0.6995208101  0.1641437412   -0.1071954535  0.3791445946   0.2064927619   3187.632981    
419      NO_ID      0.7444001931   -0.1732793278  -0.9041824015  0.1766240341   0.6551849392   0.2101579614   2525.611986    
420      NO_ID      0.311487849    0.6444682387   -0.2663547097  -0.02325317085 -0.416673994   0.8476201957   2006.834773    
421      NO_ID      0.5000543503   -0.8650715377  -0.4437508593  -0.1292388273  -0.7629077097  0.6788796167   2795.457803    
422      NO_ID      0.3940492551   -0.1478886246  -0.5106644321  0.8596106834   0.9494210575   0.4122408685   5159.197718    
423      NO_ID      0.9285496798   0.9483257414   0.5666044849   0.07095525496  -0.08930237893 0.7397023196   2240.162562    
424      NO_ID      0.719074905    -0.6086536941  -0.04373808103 -0.2902212753  -0.3490666644  0.6823870556   1839.466542    
425      NO_ID      0.6863981264   0.581764961    0.2973256986   -0.6433306773  0.9335129604   0.2923268851   2570.676109    
426      NO_ID      0.1884327662   0.4805667012   0.8190789694   0.2312252402   0.6937779224   0.9399274105   6014.978991    
427      NO_ID      0.7614242597   0.8309045772   -0.04533776366 0.5421187942   0.6735020556   0.9565552987   4096.318721    
428      NO_ID      0.4506874848   0.221270296    0.7023255944   0.4567853167   -0.2054413736  0.6705939702   3445.874484    
429      NO_ID      0.2068546723   0.1303268409   0.9543414802   -0.5580674627  0.04496138174  0.5026737082   905.9417963    
430      NO_ID      0.9717587959   -0.4215594569  -0.397491604   0.7966416388   -0.1293343645  0.3472061487   2418.758151    
431      NO_ID      0.1610342648   -0.3266776663  -0.8640740097  0.8019973872   -0.496489736   0.3249687079   2664.571439    
432      NO_ID      0.4709552016   0.7893411672   0.6588271479   0.9074984975   0.3360679834   0.416960135    7020.395813    
433      NO_ID      0.647702692    0.4868197304   -0.7694258804  0.1153840019   -0.435705658   0.2831378332   2460.98606     
434      NO_ID      0.2664425904   -0.9008096951  -0.8509537972  0.821380544    -0.01827997346 0.6514419188   2883.25634     
435      NO_ID      0.8279784372   0.7353785733   0.4931443653   -0.04503950856 -0.01559751564 0.6468574534   632.5535519    
436      NO_ID      0.3352376724   -0.0685415164  -0.2068072997  -0.1180650213  -0.972113269   0.2725153119   2139.620952    
437      NO_ID      0.1111682085   0.8641872463   0.7593548256   -0.7439817085  -0.8349113326  0.6001462721   2163.788183    
438      NO_ID      0.4934469136   0.8973889009   -0.7185220453  -0.3863374961  0.1927407047   0.3033089003   2979.705431    
439      NO_ID      0.8365548103   -0.2591006905  -0.9271314625  -0.07252572231 -0.4650629178  0.4889684949   3134.655145    
440      NO_ID      0.4730872257   0.02528955587  -0.7142869251  0.9702394257   0.481429117    0.2279422582   3916.0221      
441      NO_ID      0.8018570036   -0.3871257899  0.6999791167   0.111951395    0.07290419641  0.03484579623  4133.476347    
442      NO_ID      0.4017693375   -0.2190461638  0.09839296898  -0.3105849928  0.9092189976   0.8969664985   3213.731403    
443      NO_ID      0.8460122432   -0.3749580208  -0.138386029   -0.2107500569  0.9006543899   0.755504441    2867.54945     
444      NO_ID      0.5187740058   0.698411574    0.1116043464   0.1725424076   0.472771687    0.7810042236   3117.735817    
445      NO_ID      0.7751669301   -0.1855290938  0.5479589554   0.4194106762   0.3715509152   0.1640633349   5215.687231    
446      NO_ID      0.8509823969   -0.8632431492  -0.9429344444  -0.5344959371  0.5044666582   0.7064320415   2548.532575    
447      NO_ID      0.1034022785   0.325350739    -0.07981868087 -0.413947785   -0.511836786   0.3974049317   1826.112631    
448      NO_ID      0.1301480319   0.7266410136   0.3216902842   -0.379361836   0.4003568521   0.8348686671   570.1227117    
449      NO_ID      0.945461152    0.7589346654   0.01925733529  0.4140130217   -0.1250188281  0.1115909544   1020.29373     
450      NO_ID      0.6118560825   -0.5669081631  -0.01280504659 0.4277341925   -0.0652476389  0.5337414923   2413.752568    
451      NO_ID      0.8149024957   0.8435710705   -0.7612146036  0.5446494644   -0.2433271805  0.7036376549   1517.185036    
452      NO_ID      0.791469225    0.0509209936   -0.1461871327  0.065931168    0.1026207412   0.9720376019   1990.307309    
453      NO_ID      0.2080483287   0.4245952422   -0.4497050606  -0.500870496   0.4143016192   0.1785119383   1872.087198    
454      NO_ID      0.7040746251   0.1854153759   0.2515182383   -0.1918847013  -0.2615080605  0.3642689124   109.876491     
455      NO_ID      0.3220248434   -0.3308234622  -0.9794646484  -0.3167603423  0.4055342843   0.8223349022   2840.465691    
456      NO_ID      0.7866533679   -0.9277024868  0.7985784729   0.473676732    -0.4821314122  0.7502303649   2870.018843    
457      NO_ID      0.6838725168   -0.7955966341  0.6906928088   0.6667641585   0.501991685    0.9643884528   5391.769635    
458      NO_ID      0.8215244974   0.6922305604   -0.7034374759  0.1870309387   0.1487220713   0.9089117558   1257.484232    
459      NO_ID      0.4370632446   -0.3448263816  -0.8989866681  0.4402681976   -0.5159350374  0.5484208456   2870.506833    
460      NO_ID      0.4327343371   -0.4052324091  -0.8533923989  -0.3899151181  0.1677101467   0.02319461059  1979.262619    
461      NO_ID      0.6187191469   0.375439723    -0.0009145008372 0.7166606447   0.9569403236   0.8323040389   5904.104705    
462      NO_ID      0.7243359528   -0.2260182283  -0.5120547048  -0.2352593766  -0.14105928    0.8803989981   2214.165878    
463      NO_ID      0.7299411206   0.9547380668   -0.1803609729  -0.4453492697  -0.4680943315  0.3456284832   5450.752242    
464      NO_ID      0.2047076457   0.6178306353   -0.4716160681  -0.3610845583  0.4874099586   0.7668374529   2005.584846    
465      NO_ID      0.5800905048   0.9170296092   -0.06515764034 0.7607268894   -0.1618483096  0.3054699714   3090.434694    
466      NO_ID      0.3302891189   0.2524249615   0.854730269    -0.4325856534  0.6001165145   0.7760944982   3902.242867    
467      NO_ID      0.2587941101   0.2952984357   0.7437847422   0.6886107891   0.7912497198   0.8279233186   7848.254466    
468      NO_ID      0.4030613898   -0.1771716178  0.9660633172   0.08877144056  -0.1501663402  0.5868553535   3582.608931    
469      NO_ID      0.8994738503   -0.8131860345  -0.577437919   -0.3072810702  -0.24472827    0.8482859451   2617.545252    
470      NO_ID      0.8328317369   0.3467876184   -0.4208024669  -0.8771507846  -0.3752588135  0.8067509482   7472.237026    
471      NO_ID      0.8060719139   0.4201445221   -0.8304285502  -0.4717413188  -0.189042705   0.7658038723   2948.023848    
472      NO_ID      0.2417108791   -0.7196271896  0.4519573642   0.875347293    0.6995396788   0.2230700962   7715.248624    
473      NO_ID      0.7364962285   -0.4912687869  0.8286830905   0.744522535    0.01262553093  0.285288938    5461.760948    
474      NO_ID      0.3495412979   -0.4263544933  -0.4936299434  0.9991427957   0.6304176192   0.8092101942   3946.894441    
475      NO_ID      0.8960486051   0.4973037234   -0.5915613289  -0.3513003523  0.5314276514   0.903992152    1801.184056    
476      NO_ID      0.2130406664   0.3657548831   0.5497667139   0.4056495663   -0.3025628946  0.3773250827   3185.994002    
477      NO_ID      0.4516313174   -0.587913011   -0.4311005889  -0.6033804627  -0.3138961795  0.8948270254   2650.391037    
478      NO_ID      0.1640015151   0.6338670755   0.8248468721   0.606958007    0.9612576862   0.6625095298   9332.369948    
479      NO_ID      0.4789284877   0.1586294134   0.2533024206   -0.01030741036 0.9407975924   0.7528395466   4507.013332    
480      NO_ID      0.4479662189   0.2462852441   -0.2715783135  0.9376446132   -0.8562386834  0.04032233745  2190.852249    
481      NO_ID      0.3371237248   -0.2962416694  0.9131749766   0.6568480171   -0.1212655692  0.1269815346   5590.1195      
482      NO_ID      0.4659869423   -0.5273243487  -0.05911757021 0.9092189659   0.6041854181   0.7853185352   4656.715719    
483      NO_ID      0.3598329097   0.3288290279   -0.641159365   -0.05837142029 -0.4863765854  0.1411013344   2166.752577    
484      NO_ID      0.1335764258   0.1046302165   -0.12916681    -0.0988332674  -0.003369458937 0.4661288008   2013.468532    
485      NO_ID      0.1394062187   0.2256548465   0.5416266612   -0.6829863771  -0.8435179986  0.05113827025  266.5774458    
486      NO_ID      0.7728756972   0.8814751412   -0.8743185709  -0.8939673924  0.8470008382   0.5471272625   9125.315499    
487      NO_ID      0.2896897694   -0.4876005025  -0.1217364326  0.4119705868   -0.2968275526  0.8286685225   2103.875283    
488      NO_ID      0.9866111212   0.3571097425   0.5136103252   0.1921653716   -0.3943240792  0.8372778049   2046.872525    
489      NO_ID      0.6631379444   0.8842284891   0.4692091634   0.3728797482   0.1304621134   0.06357491052  1131.669333    
490      NO_ID      0.2982703303   0.3535270379   0.3788426672   0.8604363646   -0.9891089169  0.3421621403   436.7742863    
491      NO_ID      0.5104369375   0.590492802    0.889088552    -0.1599795175  -0.9234575794  0.8659067058   470.1090524    
492      NO_ID      0.1681118547   -0.3099757126  0.6401646428   -0.8573792659  0.3744261573   0.2427728404   2959.151548    
493      NO_ID      0.8642127582   -0.002085220704 0.7315045663   0.8335543069   -0.5254421273  0.5582292849   3386.310884    
494      NO_ID      0.9089603867   0.641685144    -0.1070279902  0.002467624711 -0.6743999886  0.1688767546   2431.630029    
495      NO_ID      0.2818443031   0.07061501708  -0.05161443159 0.5931862245   0.6167826819   0.02909063329  5160.128701    
496      NO_ID      0.7055212619   -0.1658950155  0.7206119122   0.6744864232   -0.6852080567  0.1499084116   3164.12052     
497      NO_ID      0.3323809397   -0.4396511252  -0.9934729727  -0.3233100204  -0.8830402299  0.5144849625   4948.936049    
498      NO_ID      0.700137927    0.5681689129   -0.1275431106  -0.3727033284  -0.2274647037  0.9233569343   2499.2787      
499      NO_ID      0.2954970886   0.280866953    0.5310335396   0.9790071192   0.05856082189  0.4401837059   5536.27339     
500      NO_ID      0.6796390762   0.9585205058   0.3915520741   -0.4590282817  -0.1770609748  0.5979820602   3243.258035    
501      NO_ID      0.5549382716   0.1481481481   0.5102880658   -0.3347050754  -0.219478738   0.9993141289   172.0506766    
502      NO_ID      0.1783950617   0.2331961591   0.9547325103   -0.3347050754  -0.7023319616  0.2215363512   587.3149244    
503      NO_ID      0.7401234568   0.2057613169   0.9986282579   -0.02469135802 -0.658436214   0.9993141289   476.9080817    
504      NO_ID      0.100617284    0.7105624143   0.5404663923   0.01646090535  -0.9190672154  0.2585733882   115.0800232    
505      NO_ID      0.2030864198   0.2359396433   0.6063100137   0.03840877915  -0.8038408779  0.7853223594   209.1615612    
506      NO_ID      0.300617284    0.07133058985  0.7764060357   -0.598079561   -0.2551440329  0.1104252401   576.9514553    
507      NO_ID      0.4882716049   0.1838134431   0.5569272977   -0.3347050754  -0.3319615912  0.6673525377   201.3308509    
508      NO_ID      0.700617284    0.2496570645   0.7764060357   0.109739369    -0.9986282579  0.5192043896   293.6831878    
509      NO_ID      0.100617284    0.9958847737   0.4170096022   -0.1700960219  -0.438957476   0.1351165981   218.6114805    
510      NO_ID      0.1660493827   0.6364883402   0.4526748971   -0.0219478738  -0.5294924554  0.3326474623   146.875843     
511      NO_ID      0.1327160494   0.7626886145   0.7407407407   0.02469135802  -0.6639231824  0.0006858710562 300.5671549    
512      NO_ID      0.799382716    0.3347050754   0.3319615912   -0.2304526749  0.04115226337  0.8895747599   259.8702269    
513      NO_ID      0.7339506173   -0.1755829904  -0.109739369   -0.7599451303  0.7407407407   0.243484225    1953.106341    
514      NO_ID      0.699382716    -0.04938271605 0.3347050754   -0.5925925926  0.134430727    0.9993141289   207.6415024    
515      NO_ID      0.699382716    -0.2853223594  0.1646090535   -0.70781893    -0.1783264746  0.0006858710562 374.1918829    
516      NO_ID      0.599382716    0.3319615912   0.7791495199   -0.3347050754  -0.1618655693  0.9993141289   277.4096408    
517      NO_ID      0.5512345679   0.2551440329   0.6063100137   -0.09602194787 -0.5569272977  0.524691358    220.4384274    
518      NO_ID      0.400617284    -0.02469135802 0.9986282579   -0.5761316872  -0.08504801097 0.7784636488   2587.061427    
519      NO_ID      0.699382716    -0.03840877915 0.2085048011   -0.5569272977  0.1124828532   0.7784636488   181.601306     
520      NO_ID      0.699382716    0.6227709191   0.90260631     0.5541838134   -0.7764060357  0.7784636488   434.2713193    
521      NO_ID      0.899382716    -0.3072702332  0.6529492455   -0.1673525377  -0.6694101509  0.6687242798   422.6244082    
522      NO_ID      0.6956790123   0.3319615912   0.7791495199   -0.04663923182 -0.4252400549  0.7908093278   321.064791     
523      NO_ID      0.400617284    -0.03840877915 0.6447187929   0.1015089163   -0.9986282579  0.6673525377   297.1920332    
524      NO_ID      0.100617284    0.488340192    0.3347050754   -0.2139917695  -0.3347050754  0.9993141289   180.4731913    
525      NO_ID      0.4783950617   0.4910836763   0.8943758573   0.2249657064   -0.9465020576  0.6673525377   319.1209948    
526      NO_ID      0.2475308642   0.3347050754   0.7215363512   -0.5925925926  -0.09602194787 0.2764060357   404.5099571    
527      NO_ID      0.5462962963   0.5569272977   0.6392318244   0.00548696845  -0.4444444444  0.9993141289   1959.174864    
528      NO_ID      0.612962963    0.02743484225  0.8120713306   -0.1673525377  -0.9986282579  0.9993141289   486.6202528    
529      NO_ID      0.200617284    -0.109739369   0.5294924554   -0.159122085   -0.7379972565  0.6673525377   311.4957233    
530      NO_ID      0.100617284    0.3319615912   0.3347050754   0.1646090535   -0.5816186557  0.9993141289   221.5878382    
531      NO_ID      0.3018518519   0.1481481481   0.3648834019   0.03566529492  -0.768175583   0.6673525377   118.3060222    
532      NO_ID      0.2339506173   0.244170096    0.4499314129   -0.1371742112  -0.6172839506  0.9993141289   112.0589746    
533      NO_ID      0.2339506173   -0.3319615912  0.5541838134   0.03840877915  -0.9986282579  0.9993141289   528.4955225    
534      NO_ID      0.599382716    0.4444444444   0.5871056241   0.5596707819   -0.8861454047  0.6673525377   242.6280929    
535      NO_ID      0.4524691358   0.524005487    0.7791495199   0.7818930041   -0.8230452675  0.8525377229   489.8888585    
536      NO_ID      0.2524691358   0.3319615912   0.3566529492   -0.2331961591  -0.4087791495  0.7784636488   113.1373076    
537      NO_ID      0.6104938272   0.6502057613   0.7352537723   0.5569272977   -0.7215363512  0.6673525377   410.0039688    
538      NO_ID      0.6475308642   0.2085048011   0.5569272977   -0.109739369   -0.5569272977  0.6714677641   164.3090146    
539      NO_ID      0.2364197531   0.03840877915  0.5267489712   0.109739369    -0.7023319616  0.6673525377   340.140781     
540      NO_ID      0.499382716    0.2414266118   0.6748971193   0.03566529492  -0.9986282579  0.9993141289   273.5050974    
541      NO_ID      0.5956790123   0.3319615912   0.7352537723   0.1262002743   -0.853223594   0.6673525377   235.3961696    
542      NO_ID      0.2030864198   0.8504801097   0.5130315501   -0.1069958848  -0.6310013717  0.1680384088   161.8120469    
543      NO_ID      0.500617284    0.1069958848   0.4965706447   -0.3840877915  -0.1755829904  0.3326474623   329.2990521    
544      NO_ID      0.299382716    0.3950617284   0.4746227709   -0.07407407407 -0.5925925926  0.7908093278   107.5481577    
545      NO_ID      0.4228395062   -0.0219478738  0.3347050754   -0.7297668038  -0.3319615912  0.0006858710562 233.6067592    
546      NO_ID      0.100617284    0.6748971193   0.6556927298   -0.02469135802 -0.5816186557  0.1694101509   285.0818045    
547      NO_ID      0.800617284    0.3978052126   0.70781893     0.683127572    -0.7791495199  0.9993141289   361.8920913    
548      NO_ID      0.699382716    -0.06310013717 0.3347050754   -0.5816186557  -0.109739369   0.1680384088   234.3185896    
549      NO_ID      0.299382716    0.7791495199   0.9986282579   0.09327846365  -0.9986282579  0.2956104252   367.0322338    
550      NO_ID      0.4709876543   0.109739369    0.2469135802   -0.5569272977  -0.2469135802  0.1474622771   145.8187786    
551      NO_ID      0.6635802469   -0.4252400549  -0.3456790123  -0.8751714678  0.463648834    0.6399176955   1850.145413    
552      NO_ID      0.200617284    0.8504801097   0.3319615912   -0.07956104252 -0.3347050754  0.2229080933   234.0136797    
553      NO_ID      0.962345679    -0.3347050754  -0.2469135802  -0.524005487   0.3319615912   0.01989026063  1814.742884    
554      NO_ID      0.999382716    -0.3319615912  0.4855967078   -0.109739369   -0.9108367627  0.427297668    572.1444903    
555      NO_ID      0.500617284    0.3072702332   0.3319615912   0.7791495199   -0.9986282579  0.6673525377   203.1166162    
556      NO_ID      0.5450617284   -0.3347050754  0.109739369    -0.7325102881  -0.1728395062  0.06515775034  302.3490811    
557      NO_ID      0.100617284    -0.877914952   0.2222222222   -0.5651577503  -0.3319615912  0.6659807956   2106.403783    
558      NO_ID      0.9574074074   -0.7023319616  0.3319615912   -0.4005486968  -0.9711934156  0.5054869684   2192.976609    
559      NO_ID      0.3549382716   0.2578875171   -0.8504801097  -0.6310013717  0.8641975309   0.6659807956   2181.920266    
560      NO_ID      0.9339506173   -0.109739369   0.5569272977   -0.109739369   -0.5569272977  0.4067215364   344.6563311    
561      NO_ID      0.7487654321   -0.109739369   -0.9903978052  0.09327846365  -0.9245541838  0.9622770919   1586.780476    
562      NO_ID      0.3154320988   -0.7352537723  -0.3319615912  -0.6364883402  0.2331961591   0.4231824417   1867.478388    
563      NO_ID      0.6339506173   0.03566529492  0.2551440329   -0.3347050754  -0.109739369   0.5740740741   192.899015     
564      NO_ID      0.700617284    0.2853223594   0.3319615912   -0.4801097394  0.3347050754   0.9499314129   260.019378     
565      NO_ID      0.7771604938   -0.2167352538  0.1975308642   -0.683127572   0.3950617284   0.6865569273   1901.376699    
566      NO_ID      0.599382716    0.1481481481   0.5569272977   -0.4855967078  -0.1124828532  0.901920439    190.5250518    
567      NO_ID      0.8191358025   -0.573388203   0.05212620027  -0.8148148148  0.1124828532   0.3998628258   1866.346185    
568      NO_ID      0.5018518519   -0.1179698217  -0.07956104252 -0.8751714678  0.7160493827   0.4711934156   1882.132337    
569      NO_ID      0.3660493827   0.304526749    0.6310013717   0.08504801097  -0.9986282579  0.3340192044   192.8237302    
570      NO_ID      0.100617284    -0.01920438957 0.5569272977   0.109739369    -0.9986282579  0.5548696845   288.0904283    
571      NO_ID      0.3660493827   0.7791495199   -0.9986282579  0.2222222222   -0.0548696845  0.5548696845   1067.635781    
572      NO_ID      0.100617284    0.8367626886   0.3155006859   -0.2551440329  -0.3347050754  0.6659807956   306.6227481    
573      NO_ID      0.399382716    0.3347050754   -0.1124828532  0.5569272977   -0.9986282579  0.1666666667   1818.835463    
574      NO_ID      0.9796296296   0.1316872428   0.1838134431   -0.5130315501  0.7791495199   0.0006858710562 2430.492376    
575      NO_ID      0.6228395062   -0.1838134431  0.0109739369   -0.6803840878  -0.008230452675 0.5397805213   1781.745691    
576      NO_ID      0.8549382716   -0.08230452675 0.3319615912   -0.3264746228  -0.5624142661  0.4108367627   378.3281642    
577      NO_ID      0.1277777778   0.3319615912   0.9986282579   -0.2853223594  -0.5569272977  0.3834019204   656.6370833    
578      NO_ID      0.6339506173   0.3237311385   0.90260631     0.109739369    -0.9986282579  0.8511659808   350.6635793    
579      NO_ID      0.4080246914   0.109739369    0.5541838134   0.3319615912   -0.9986282579  0.4958847737   237.365423     
580      NO_ID      0.7154320988   0.1536351166   0.3676268861   0.3319615912   -0.9986282579  0.2229080933   119.9906887    
581      NO_ID      0.4339506173   0.0109739369   0.4526748971   -0.658436214   -0.5569272977  0.07064471879  290.5657384    
582      NO_ID      0.100617284    0.3072702332   0.3347050754   -0.1865569273  -0.6886145405  0.6659807956   99.95707437    
583      NO_ID      0.399382716    0.3319615912   0.4224965706   -0.3319615912  -0.4087791495  0.3340192044   104.0695449    
584      NO_ID      0.500617284    0.109739369    0.3347050754   -0.109739369   -0.5569272977  0.5329218107   132.9374875    
585      NO_ID      0.100617284    0.6556927298   0.3347050754   -0.1371742112  -0.3456790123  0.8566529492   229.6195116    
586      NO_ID      0.1179012346   0.7873799726   0.3319615912   -0.2853223594  -0.4060356653  0.3340192044   216.7931769    
587      NO_ID      0.199382716    0.3347050754   0.3319615912   -0.03566529492 -0.853223594   0.5507544582   110.27054      
588      NO_ID      0.2265432099   0.7791495199   0.2578875171   -0.2578875171  -0.3347050754  0.5425240055   520.4818749    
589      NO_ID      0.100617284    0.3347050754   0.3319615912   0.2578875171   -0.9986282579  0.3875171468   120.4591766    
590      NO_ID      0.1598765432   0.5679012346   0.3319615912   -0.0109739369  -0.853223594   0.3340192044   155.3965967    
591      NO_ID      0.100617284    0.4087791495   -0.1124828532  0.2249657064   -0.9986282579  0.5            1981.174778    
592      NO_ID      0.399382716    0.4581618656   -0.9986282579  -0.03566529492 0.3319615912   0.5178326475   2540.002553    
593      NO_ID      0.7339506173   0.2578875171   0.109739369    -0.3182441701  0.244170096    0.6659807956   230.500048     
594      NO_ID      0.700617284    0.1783264746   0.2277091907   -0.2030178326  -0.1371742112  0.4890260631   142.922815     
595      NO_ID      0.399382716    0.3456790123   0.9986282579   0.109739369    -0.9986282579  0.5288065844   470.8286059    
596      NO_ID      0.699382716    0.4087791495   0.9986282579   0.0109739369   -0.7023319616  0.6330589849   435.5479609    
597      NO_ID      0.700617284    0.5075445816   0.683127572    0.8806584362   -0.9739368999  0.5699588477   447.7025212    
598      NO_ID      0.7512345679   0.5294924554   0.8065843621   0.4938271605   -0.9711934156  0.4588477366   330.1604802    
599      NO_ID      0.1561728395   0.7764060357   0.6639231824   -0.109739369   -0.6310013717  0.2599451303   2046.083863    
600      NO_ID      0.400617284    0.7352537723   -0.0548696845  -0.2496570645  -0.3347050754  0.1104252401   1832.50983     
601      NO_ID      0.700617284    0.01371742112  0.09602194787  0.5843621399   -0.9986282579  0.2654320988   109.9834704    
602      NO_ID      0.3327160494   0.03840877915  0.3401920439   0.109739369    -0.9986282579  0.3806584362   130.4882666    
603      NO_ID      0.3117283951   0.1618655693   0.9986282579   -0.2331961591  -0.5569272977  0.5562414266   658.5845597    
604      NO_ID      0.9055555556   0.5679012346   0.2990397805   -0.002743484225 -0.03566529492 0.4890260631   598.673015     
605      NO_ID      0.100617284    -0.109739369   0.7764060357   0.06035665295  -0.9986282579  0.9993141289   405.2419319    
606      NO_ID      0.100617284    0.3319615912   0.5267489712   0.04938271605  -0.7791495199  0.0006858710562 359.3202618    
607      NO_ID      0.700617284    0.01920438957  0.3593964335   0.04938271605  -0.9986282579  0.0006858710562 162.7186942    
608      NO_ID      0.600617284    -0.00548696845 0.3347050754   0.2304526749   -0.9986282579  0.5562414266   191.297754     
609      NO_ID      0.699382716    0.3319615912   -0.9300411523  -0.00548696845 -0.1865569273  0.9993141289   1175.008922    
610      NO_ID      0.700617284    -0.4362139918  0.8888888889   0.04663923182  -0.9986282579  0.9993141289   2041.276997    
611      NO_ID      0.7672839506   0.04938271605  0.03566529492  0.3347050754   -0.9986282579  0.0006858710562 245.9736844    
612      NO_ID      0.700617284    -0.0219478738  0.2331961591   0.3347050754   -0.9986282579  0.2379972565   142.6632582    
613      NO_ID      0.700617284    0.06310013717  0.03566529492  0.5596707819   -0.7764060357  0.1172839506   1935.916104    
614      NO_ID      0.700617284    0.1865569273   0.159122085    0.5871056241   -0.9986282579  0.4519890261   170.2750651    
615      NO_ID      0.6956790123   0.2524005487   0.4718792867   0.02469135802  -0.9986282579  0.3340192044   265.2463826    
616      NO_ID      0.500617284    0.1015089163   0.7764060357   0.109739369    -0.9986282579  0.3340192044   388.5635982    
617      NO_ID      0.399382716    -0.1124828532  0.09327846365  0.4993141289   -0.9986282579  0.3888888889   167.0272806    
618      NO_ID      0.8339506173   0.4910836763   0.109739369    -0.03566529492 0.02469135802  0.816872428    1419.609405    
619      NO_ID      0.199382716    0.1838134431   0.9986282579   -0.5569272977  -0.3347050754  0.3340192044   708.7790803    
620      NO_ID      0.400617284    -0.2304526749  0.3347050754   -0.08230452675 -0.5569272977  0.9993141289   281.6241363    
621      NO_ID      0.4179012346   0.3182441701   0.4691358025   -0.109739369   -0.7764060357  0.9224965706   230.4040789    
622      NO_ID      0.400617284    0.9986282579   0.4691358025   -0.07133058985 -0.8395061728  0.0006858710562 637.9943538    
623      NO_ID      0.699382716    0.02469135802  0.5843621399   -0.2167352538  -0.3347050754  0.9156378601   292.4731374    
624      NO_ID      0.6339506173   -0.1015089163  0.9986282579   0.1069958848   -0.9986282579  0.6673525377   607.5965044    
625      NO_ID      0.400617284    -0.1289437586  0.3347050754   0.03566529492  -0.7791495199  0.7400548697   206.0002651    
626      NO_ID      0.5561728395   -0.09053497942 0.1454046639   0.5569272977   -0.9986282579  0.6673525377   179.8301346    
627      NO_ID      0.5364197531   0.2606310014   0.3319615912   -0.07407407407 -0.9986282579  0.6673525377   1631.083254    
628      NO_ID      0.8364197531   0.6419753086   0.9190672154   0.5432098765   -0.6529492455  0.7030178326   509.5240923    
629      NO_ID      0.5265432099   0.2085048011   0.7764060357   -0.1124828532  -0.7709190672  0.9993141289   284.434214     
630      NO_ID      0.5117283951   0.0329218107   0.109739369    0.1893004115   -0.6310013717  0.9993141289   243.8735744    
631      NO_ID      0.6080246914   0.1810699588   0.2825788752   -0.3319615912  0.2496570645   0.9993141289   321.3507355    
632      NO_ID      0.100617284    -0.7050754458  0.1454046639   0.09602194787  -0.9986282579  0.9993141289   2352.924588    
633      NO_ID      0.5549382716   0.04938271605  -0.9986282579  0.2249657064   -0.109739369   0.9993141289   4019.528982    
634      NO_ID      0.712962963    0.2469135802   -0.7983539095  -0.08504801097 -0.3347050754  0.8497942387   1082.692181    
635      NO_ID      0.800617284    -0.2277091907  -0.0109739369  -0.06858710562 -0.6090534979  0.9993141289   1907.757845    
636      NO_ID      0.100617284    0.7983539095   0.3429355281   -0.4087791495  -0.03566529492 0.8360768176   243.4386498    
637      NO_ID      0.100617284    0.7791495199   0.2578875171   0.0877914952   -0.5569272977  0.0006858710562 297.6751985    
638      NO_ID      0.100617284    -0.4197530864  0.9986282579   -0.3347050754  -0.9986282579  0.9993141289   2289.322365    
639      NO_ID      0.100617284    -0.3347050754  0.5651577503   0.03840877915  -0.6310013717  0.9993141289   462.9647486    
640      NO_ID      0.1660493827   -0.3347050754  0.9986282579   0.1865569273   -0.9986282579  0.6673525377   772.1691107    
641      NO_ID      0.2512345679   -0.3347050754  0.5569272977   -0.09053497942 -0.633744856   0.9993141289   391.1496835    
642      NO_ID      0.999382716    0.7791495199   0.3237311385   0.1618655693   0.4334705075   0.0006858710562 2938.092058    
643      NO_ID      0.699382716    0.7901234568   0.1810699588   0.2249657064   -0.01371742112 0.09807956104  767.3341706    
644      NO_ID      0.100617284    0.3319615912   0.6886145405   -0.3347050754  -0.4087791495  0.0006858710562 526.6798827    
645      NO_ID      0.400617284    0.2880658436   0.3347050754   0.1865569273   -0.6392318244  0.9993141289   110.4366585    
646      NO_ID      0.400617284    -0.00548696845 0.3347050754   0.01646090535  -0.5816186557  0.914266118    178.2562281    
647      NO_ID      0.1549382716   0.008230452675 0.6419753086   -0.6063100137  -0.6035665295  0.1104252401   372.0134609    
648      NO_ID      0.7364197531   0.4526748971   0.3319615912   0.6995884774   -0.5953360768  0.9842249657   483.7374469    
649      NO_ID      0.400617284    0.2414266118   0.3484224966   -0.3319615912  -0.7242798354  0.0006858710562 161.9340542    
650      NO_ID      0.699382716    0.08230452675  0.4005486968   -0.3264746228  -0.3347050754  0.2914951989   152.2618715    
651      NO_ID      0.100617284    -0.2277091907  0.2770919067   -0.2057613169  -0.5322359396  0.9540466392   323.9774033    
652      NO_ID      0.2672839506   0.3264746228   0.3319615912   -0.02469135802 -0.5953360768  0.8895747599   107.1544938    
653      NO_ID      0.700617284    0.2770919067   0.5569272977   0.3319615912   -0.7791495199  0.9938271605   144.65683      
654      NO_ID      0.700617284    0.3319615912   0.3319615912   0.7352537723   -0.7297668038  0.7784636488   357.5915418    
655      NO_ID      0.899382716    0.1124828532   0.7873799726   -0.01371742112 -0.9986282579  0.7784636488   404.7573808    
656      NO_ID      0.5512345679   0.3319615912   0.4801097394   0.3319615912   -0.6886145405  0.8882030178   154.6620693    
657      NO_ID      0.699382716    -0.01371742112 0.5130315501   -0.109739369   -0.3347050754  0.6673525377   373.1889644    
658      NO_ID      0.3759259259   0.01646090535  0.19478738     0.3456790123   -0.8669410151  0.6673525377   134.4963305    
659      NO_ID      0.2117283951   -0.08504801097 0.2743484225   0.02469135802  -0.6968449931  0.7770919067   201.4219053    
660      NO_ID      0.999382716    -0.4087791495  0.5569272977   -0.109739369   -0.5569272977  0.4163237311   494.9728033    
661      NO_ID      0.700617284    0.3319615912   0.7023319616   0.04663923182  -0.8093278464  0.9993141289   233.9829085    
662      NO_ID      0.800617284    0.6310013717   0.5541838134   0.3429355281   -0.6282578875  0.353223594    2170.935549    
663      NO_ID      0.100617284    0.5541838134   0.304526749    -0.3319615912  -0.1893004115  0.3504801097   224.3133412    
664      NO_ID      0.499382716    0.3484224966   0.2496570645   -0.3319615912  -0.1124828532  0.2215363512   116.8071814    
665      NO_ID      0.199382716    0.2085048011   0.5569272977   -0.6611796982  -0.3347050754  0.3340192044   208.2924448    
666      NO_ID      0.1450617284   0.06310013717  0.7764060357   -0.3347050754  -0.5569272977  0.3984910837   553.1142299    
667      NO_ID      0.9487654321   0.1371742112   -0.0109739369  0.6310013717   -0.9986282579  0.6673525377   1870.507769    
668      NO_ID      0.100617284    0.8257887517   0.109739369    -0.3319615912  -0.1673525377  0.5150891632   716.1829648    
669      NO_ID      0.462345679    0.4087791495   0.03566529492  -0.1755829904  -0.109739369   0.243484225    339.9296113    
670      NO_ID      0.3055555556   0.5816186557   -0.8477366255  0.438957476    -0.3319615912  0.5919067215   874.2399249    
671      NO_ID      0.199382716    0.5679012346   -0.877914952   0.04938271605  -0.3319615912  0.8758573388   1010.661785    
672      NO_ID      0.499382716    0.3347050754   0.3072702332   -0.2085048011  -0.2277091907  0.4437585734   123.599528     
673      NO_ID      0.399382716    0.3072702332   0.7023319616   -0.4801097394  -0.6941015089  0.9993141289   470.3352302    
674      NO_ID      0.100617284    0.1124828532   0.3347050754   -0.353909465   -0.9986282579  0.3340192044   215.8006293    
675      NO_ID      0.200617284    0.1124828532   0.5569272977   -0.5651577503  -0.9986282579  0.3340192044   435.3113524    
676      NO_ID      0.1327160494   0.0658436214   0.08504801097  -0.0768175583  -0.5569272977  0.9993141289   1850.400762    
677      NO_ID      0.3327160494   0.5157750343   -0.7654320988  -0.5569272977  0.5569272977   0.9128943759   858.670522     
678      NO_ID      0.9561728395   0.6419753086   0.1069958848   0.6776406036   -0.8257887517  0.3340192044   2019.779922    
679      NO_ID      0.299382716    0.5569272977   -0.1152263374  -0.02469135802 -0.1069958848  0.3943758573   999.5740819    
680      NO_ID      0.7351851852   0.2496570645   0.8477366255   -0.2359396433  -0.438957476   0.951303155    343.6606434    
681      NO_ID      0.100617284    -0.3429355281  0.4444444444   -0.3429355281  -0.7572016461  0.9993141289   847.8536232    
682      NO_ID      0.499382716    0.1673525377   0.743484225    -0.2249657064  -0.5569272977  0.804526749    305.6294334    
683      NO_ID      0.900617284    0.04938271605  0.8422496571   -0.07956104252 -0.3347050754  0.8882030178   534.7259451    
684      NO_ID      0.8339506173   -0.3182441701  0.7654320988   0.109739369    -0.9986282579  0.4451303155   500.9349487    
685      NO_ID      0.9685185185   -0.2606310014  0.4581618656   -0.3237311385  -0.3347050754  0.6673525377   349.4723905    
686      NO_ID      0.400617284    0.109739369    0.4224965706   -0.2578875171  -0.6310013717  0.3340192044   138.7648721    
687      NO_ID      0.700617284    -0.1124828532  0.3347050754   0.3319615912   -0.7873799726  0.9993141289   211.8987689    
688      NO_ID      0.7660493827   -0.03566529492 0.6117969822   0.1865569273   -0.9986282579  0.7784636488   281.1633625    
689      NO_ID      0.6154320988   0.3319615912   0.9986282579   -0.09053497942 -0.3347050754  0.8895747599   560.1669406    
690      NO_ID      0.6895061728   0.08230452675  0.8203017833   -0.03566529492 -0.5569272977  0.9993141289   410.4523909    
691      NO_ID      0.700617284    0.1838134431   0.3347050754   0.02743484225  -0.6776406036  0.3340192044   114.4556018    
692      NO_ID      0.8228395062   0.03566529492  0.6117969822   0.109739369    -0.9986282579  0.4451303155   257.637985     
693      NO_ID      0.4734567901   0.0658436214   0.1536351166   0.3264746228   -0.9986282579  0.3340192044   130.7748777    
694      NO_ID      0.7339506173   -0.633744856   -0.7791495199  0.09602194787  -0.9986282579  0.9993141289   1426.303863    
695      NO_ID      0.399382716    0.08504801097  0.268861454    0.4279835391   -0.6639231824  0.9993141289   195.7576372    
696      NO_ID      0.7104938272   -0.9218106996  -0.2085048011  -0.1508916324  0.2743484225   0.6673525377   2016.57656     
697      NO_ID      0.399382716    -0.5569272977  0.5569272977   -0.5569272977  -0.6776406036  0.6673525377   2050.263956    
698      NO_ID      0.1104938272   -0.4938271605  0.02469135802  -0.4279835391  -0.5569272977  0.9993141289   2149.265189    
699      NO_ID      0.899382716    -0.5569272977  -0.1454046639  -0.7270233196  0.3347050754   0.6673525377   1816.001992    
700      NO_ID      0.9734567901   -0.08504801097 0.4855967078   -0.08504801097 -0.8093278464  0.6673525377   357.2314421    
701      NO_ID      0.700617284    0.03566529492  0.3593964335   0.03566529492  -0.7764060357  0.4451303155   148.5304332    
702      NO_ID      0.6660493827   0.5706447188   0.9903978052   0.6063100137   -0.5212620027  0.8895747599   735.3902532    
703      NO_ID      0.900617284    0.1865569273   0.5569272977   -0.02469135802 -0.8038408779  0.3340192044   235.7946745    
704      NO_ID      0.9117283951   -0.01646090535 0.4444444444   -0.2359396433  -0.3347050754  0.5562414266   213.3418846    
705      NO_ID      0.8475308642   0.07407407407  0.8422496571   -0.08230452675 -0.6556927298  0.731824417    420.5046717    
706      NO_ID      0.8882716049   0.3347050754   0.2578875171   -0.109739369   0.04938271605  0.1941015089   318.7553689    
707      NO_ID      0.700617284    0.1508916324   0.1179698217   0.1069958848   -0.9986282579  0.0006858710562 394.7391128    
708      NO_ID      0.800617284    0.5569272977   0.109739369    -0.109739369   0.109739369    0.3326474623   707.9640924    
709      NO_ID      0.700617284    0.1865569273   0.5569272977   0.03840877915  -0.877914952   0.2037037037   178.6580492    
710      NO_ID      0.700617284    0.07407407407  0.3264746228   0.109739369    -0.9739368999  0.1817558299   169.2512237    
711      NO_ID      0.800617284    -0.6008230453  0.9519890261   0.1838134431   -0.9986282579  0.4725651578   775.0049515    
712      NO_ID      0.700617284    -0.02743484225 0.3703703704   0.2661179698   -0.9986282579  0.9993141289   394.9014158    
713      NO_ID      0.100617284    -0.9986282579  0.3319615912   -0.1124828532  -0.03566529492 0.9993141289   2469.28983     
714      NO_ID      0.399382716    -0.8120713306  -0.6310013717  -0.5541838134  0.853223594    0.7784636488   2047.442688    
715      NO_ID      0.399382716    -0.01371742112 0.3155006859   0.3813443073   -0.9739368999  0.3340192044   198.8497128    
716      NO_ID      0.399382716    0.4252400549   -0.7215363512  -0.1920438957  -0.1481481481  0.9993141289   902.5241134    
717      NO_ID      0.299382716    0.5569272977   0.4554183813   -0.7187928669  0.3429355281   0.3326474623   2090.732831    
718      NO_ID      0.800617284    -0.5294924554  -0.3319615912  0.1152263374   -0.2414266118  0.6673525377   1880.524287    
719      NO_ID      0.299382716    0.633744856    -0.6913580247  0.109739369    -0.03566529492 0.8388203018   968.5319591    
720      NO_ID      0.400617284    -0.8504801097  0              -0.3319615912  0.0768175583   0.9993141289   1948.05062     
721      NO_ID      0.100617284    0.5953360768   0.1810699588   -0.1124828532  -0.109739369   0.9622770919   639.6543585    
722      NO_ID      0.5314814815   -0.07407407407 0.2222222222   0.1975308642   -0.3319615912  0.9993141289   1959.443678    
723      NO_ID      0.299382716    -0.04663923182 -0.3347050754  0.5569272977   -0.9986282579  0.0006858710562 1968.722091    
724      NO_ID      0.4895061728   0.01646090535  0.2414266118   0.219478738    -0.7791495199  0.6659807956   137.0166563    
725      NO_ID      0.700617284    0.0109739369   0.5569272977   0.159122085    -0.8038408779  0.9993141289   222.1488069    
726      NO_ID      0.999382716    -0.3347050754  0.378600823    -0.3072702332  -0.5569272977  0.5562414266   1839.275171    
727      NO_ID      0.9228395062   -0.5075445816  0.877914952    -0.109739369   -0.5569272977  0.3326474623   2555.772404    
728      NO_ID      0.299382716    0.3319615912   0.3319615912   0.6310013717   -0.7791495199  0.9993141289   206.100227     
729      NO_ID      0.100617284    -0.109739369   -0.1124828532  0.5569272977   -0.9986282579  0.9993141289   2279.664011    
730      NO_ID      0.8586419753   0.008230452675 0.4993141289   0              -0.8449931413  0.6673525377   259.9592581    
731      NO_ID      0.399382716    0.0548696845   0.109739369    0.7517146776   -0.9986282579  0.4451303155   208.7966625    
732      NO_ID      0.8141975309   -0.2825788752  0.3319615912   -0.3319615912  -0.4087791495  0.2215363512   317.0993705    
733      NO_ID      0.762345679    -0.5569272977  0.5761316872   -0.4087791495  -0.5569272977  0.6618655693   456.2770926    
734      NO_ID      0.7141975309   -0.5816186557  0.4938271605   -0.7050754458  -0.5569272977  0.3340192044   2069.067323    
735      NO_ID      0.100617284    0.03840877915  0.1069958848   0.3347050754   -0.7764060357  0.4451303155   302.9928079    
736      NO_ID      0.100617284    0.3319615912   0.3319615912   -0.01371742112 -0.6556927298  0.3340192044   212.0437002    
737      NO_ID      0.100617284    0.109739369    -0.3319615912  0.6419753086   -0.5679012346  0.5178326475   2235.948565    
738      NO_ID      0.1660493827   0.0768175583   0.3072702332   0.03840877915  -0.8669410151  0.4204389575   141.0718547    
739      NO_ID      0.7327160494   -0.008230452675 0.3182441701   -0.1865569273  -0.6968449931  0.2215363512   204.7761867    
740      NO_ID      0.9339506173   -0.2578875171  0.2222222222   0.02469135802  -0.9986282579  0.0006858710562 360.6123281    
741      NO_ID      0.800617284    -0.2578875171  0.3319615912   -0.0219478738  -0.9986282579  0.3326474623   406.2695689    
742      NO_ID      0.999382716    -0.0548696845  0.3319615912   -0.0658436214  -0.9986282579  0.2215363512   1309.056304    
743      NO_ID      0.399382716    -0.6447187929  0.9986282579   0.0438957476   -0.9986282579  0.4615912209   852.536222     
744      NO_ID      0.100617284    -0.353909465   0.3319615912   0.1124828532   -0.9986282579  0.5438957476   1981.252235    
745      NO_ID      0.500617284    0.1124828532   0.3319615912   0.3347050754   -0.7764060357  0.9993141289   1835.498612    
746      NO_ID      0.3018518519   0.08504801097  0.08504801097  0.4691358025   -0.5816186557  0.7770919067   2006.528774    
747      NO_ID      0.5709876543   0.4087791495   0.2057613169   0.219478738    -0.5541838134  0.6673525377   249.5801127    
748      NO_ID      0.474691358    -0.1124828532  -0.2085048011  0.1481481481   -0.6090534979  0.9993141289   2038.294007    
749      NO_ID      0.700617284    0.03840877915  0.1316872428   0.07407407407  -0.7764060357  0.0006858710562 122.3122623    
750      NO_ID      0.100617284    0.768175583    -0.1124828532  -0.5294924554  -0.1207133059  0.1104252401   1777.762175    
751      NO_ID      0.399382716    0.4910836763   0.1755829904   -0.03566529492 -0.06310013717 0.2585733882   468.4316473    
752      NO_ID      0.7672839506   0.2277091907   0.6611796982   0.2551440329   -0.6556927298  0.9993141289   245.4451377    
753      NO_ID      0.5981481481   0.109739369    0.159122085    0.09327846365  -0.6694101509  0.9993141289   1783.534338    
754      NO_ID      0.699382716    0.5569272977   0.109739369    0.1783264746   -0.2277091907  0.0006858710562 488.413291     
755      NO_ID      0.699382716    0.8449931413   -0.06858710562 0.2716049383   -0.2469135802  0.0006858710562 1079.370521    
756      NO_ID      0.3895061728   0.3347050754   0.2606310014   0.1399176955   -0.7791495199  0.0006858710562 131.7208404    
757      NO_ID      0.100617284    0.8861454047   0.304526749    -0.1124828532  -0.9986282579  0.8895747599   1641.504524    
758      NO_ID      0.3709876543   0.3648834019   -0.9821673525  0.4417009602   -0.9986282579  0.3326474623   998.462929     
759      NO_ID      0.6179012346   -0.6886145405  -0.6556927298  -0.7407407407  0.4910836763   0.3340192044   1906.833192    
760      NO_ID      0.700617284    0.5267489712   -0.8367626886  0.6364883402   -0.6282578875  0.3326474623   1136.906869    
761      NO_ID      0.599382716    0.6556927298   -0.07407407407 0.3209876543   0.008230452675 0.0006858710562 2586.666702    
762      NO_ID      0.500617284    0.5569272977   0.2578875171   0.2578875171   -0.3319615912  0.9993141289   668.9102635    
763      NO_ID      0.100617284    0.159122085    0.5569272977   -0.3731138546  -0.8312757202  0.8895747599   177.9360052    
764      NO_ID      0.200617284    0.877914952    0.3319615912   0.2578875171   -0.7764060357  0.6673525377   687.5551588    
765      NO_ID      0.1660493827   0.3319615912   0.4471879287   -0.4197530864  -0.3593964335  0.6673525377   124.754611     
766      NO_ID      0.299382716    0.2825788752   0.7764060357   -0.5569272977  -0.3347050754  0.6673525377   305.1262855    
767      NO_ID      0.100617284    -0.2304526749  0.438957476    -0.3347050754  -0.4197530864  0.8895747599   388.7344707    
768      NO_ID      0.100617284    -0.2057613169  0.8367626886   0.008230452675 -0.7764060357  0.6673525377   664.0702342    
769      NO_ID      0.3327160494   0.2578875171   0.7764060357   -0.3347050754  -0.9986282579  0.9993141289   1917.875658    
770      NO_ID      0.237654321    0.1454046639   0.6310013717   -0.5816186557  -0.6611796982  0.6673525377   241.6211294    
771      NO_ID      0.800617284    -0.2661179698  0.3347050754   0.2551440329   -0.9986282579  0.9993141289   1842.10889     
772      NO_ID      0.5216049383   0.3319615912   0.3319615912   0.1838134431   -0.6145404664  0.2338820302   210.1720234    
773      NO_ID      0.5166666667   0.2578875171   0.07133058985  0.06035665295  -0.5569272977  0.2215363512   190.7669374    
774      NO_ID      0.5203703704   -0.2085048011  0.0219478738   0.2962962963   -0.9711934156  0.5548696845   1855.524941    
775      NO_ID      0.200617284    0.7352537723   0.2743484225   -0.3319615912  0.0987654321   0.8196159122   338.9717205    
776      NO_ID      0.399382716    0.3347050754   0.0877914952   0.08504801097  -0.3319615912  0.9993141289   1854.74144     
777      NO_ID      0.5672839506   0.7050754458   0.3319615912   0.3182441701   -0.3319615912  0.5548696845   538.9080646    
778      NO_ID      0.4166666667   0.5953360768   0.5102880658   0.4581618656   -0.7764060357  0.8648834019   178.3447308    
779      NO_ID      0.5512345679   0.5294924554   0.1234567901   -0.03566529492 -0.19478738    0.3340192044   352.6788017    
780      NO_ID      0.500617284    0.04663923182  0.03566529492  0.4087791495   -0.5514403292  0.926611797    1904.752942    
781      NO_ID      0.100617284    0.3676268861   0.1015089163   0.1783264746   -0.5541838134  0.1104252401   450.5651747    
782      NO_ID      0.8339506173   -0.1399176955  -0.06858710562 -0.6419753086  0.3347050754   0.2215363512   369.9732892    
783      NO_ID      0.8277777778   -0.3347050754  0.08504801097  0              -0.9986282579  0.0006858710562 1817.5027      
784      NO_ID      0.2339506173   0.3347050754   0.6776406036   -0.6941015089  -0.4828532236  0.3326474623   256.9832294    
785      NO_ID      0.599382716    0.1426611797   -0.7517146776  -0.3319615912  0.3319615912   0.9993141289   724.8232648    
786      NO_ID      0.5450617284   0.04663923182  -0.6611796982  0.0219478738   -0.3319615912  0.9993141289   2832.114638    
787      NO_ID      0.2833333333   0.4801097394   0.3319615912   0.08504801097  -0.9986282579  0.0006858710562 131.1765537    
788      NO_ID      0.200617284    0.9053497942   0.524005487    0.08504801097  -0.4855967078  0.0006858710562 277.1306409    
789      NO_ID      0.2858024691   0.9986282579   0.5048010974   -0.1316872428  -0.792866941   0.0006858710562 469.7206828    
790      NO_ID      0.100617284    0.7791495199   0.109739369    0.1234567901   -0.3319615912  0.3326474623   673.4034519    
791      NO_ID      0.9216049383   -0.109739369   -0.02743484225 -0.5212620027  0.6748971193   0.3340192044   2061.071735    
792      NO_ID      0.2722222222   0.1536351166   0.1865569273   -0.00548696845 -0.9986282579  0.0006858710562 117.9315513    
793      NO_ID      0.3166666667   0.7599451303   0.5541838134   -0.109739369   -0.5569272977  0.2229080933   142.8870705    
794      NO_ID      0.3882716049   0.4471879287   0.3319615912   0.03566529492  -0.9986282579  0.0006858710562 187.7449023    
795      NO_ID      0.287037037    0.3813443073   0.3072702332   -0.06858710562 -0.5569272977  0.1488340192   145.2499837    
796      NO_ID      0.2191358025   0.5569272977   -0.9986282579  0.2578875171   -0.3319615912  0.03635116598  1124.595604    
797      NO_ID      0.1907407407   0.4801097394   -0.159122085   0.1124828532   -0.3347050754  0.0006858710562 694.5068525    
798      NO_ID      0.200617284    0.4910836763   0.4526748971   -0.548696845   -0.5294924554  0.1159122085   152.8852097    
799      NO_ID      0.100617284    0.853223594    0.3319615912   0.05761316872  -0.7791495199  0.2229080933   250.3596766    
800      NO_ID      0.399382716    0.3347050754   0.1563786008   0.329218107    -0.9986282579  0.0006858710562 149.1325361    
801      NO_ID      0.55           0.3456790123   0.08230452675  0.2578875171   -0.7764060357  0.0006858710562 224.7490754    
802      NO_ID      0.5240740741   0.3319615912   0.5569272977   0.109739369    -0.853223594   0.5603566529   131.7662022    
803      NO_ID      0.3512345679   -0.7791495199  0.134430727    0.07133058985  -0.7297668038  0.9993141289   2057.828367    
804      NO_ID      0.4845679012   0.4060356653   0.1865569273   -0.04663923182 -0.4334705075  0.0006858710562 159.1945706    
805      NO_ID      0.100617284    0.5541838134   0.3237311385   -0.1865569273  -0.5569272977  0.0006858710562 139.4359016    
806      NO_ID      0.3339506173   0.3347050754   0.3319615912   0.2578875171   -0.9986282579  0.3326474623   101.2169894    
807      NO_ID      0.2574074074   0.7544581619   0.3319615912   0.0329218107   -0.9986282579  0.3326474623   744.554974     
808      NO_ID      0.2413580247   0.5157750343   -0.3347050754  -0.1728395062  0.03840877915  0.0006858710562 1040.544472    
809      NO_ID      0.100617284    0.3347050754   -0.9986282579  -0.01920438957 0.1371742112   0.1104252401   2321.776595    
810      NO_ID      0.5216049383   -0.3347050754  0.3237311385   -0.6941015089  -0.1865569273  0.0006858710562 395.6967861    
811      NO_ID      0.587037037    -0.6310013717  0.06035665295  -0.6556927298  -0.3072702332  0.0006858710562 1882.198244    
812      NO_ID      0.5722222222   -0.03840877915 0.3347050754   -0.5816186557  -0.3319615912  0.0006858710562 200.9147315    
813      NO_ID      0.4141975309   0.4334705075   0.3127572016   0.2331961591   -0.5322359396  0.6659807956   228.6422222    
814      NO_ID      0.5660493827   -0.109739369   0.9986282579   -0.1207133059  -0.9986282579  0.1282578875   685.5563596    
815      NO_ID      0.4771604938   0.2661179698   0.5541838134   -0.7599451303  0.3319615912   0.3326474623   2175.107229    
816      NO_ID      0.4660493827   0.7517146776   0.03566529492  -0.03566529492 0.03566529492  0.03635116598  595.7880756    
817      NO_ID      0.5537037037   -0.9986282579  -0.8285322359  0.08504801097  -0.3319615912  0.3326474623   2456.559905    
818      NO_ID      0.5882716049   -0.3347050754  0.109739369    0.6392318244   -0.9986282579  0.3326474623   1890.727443    
819      NO_ID      0.4487654321   -0.05761316872 0.1069958848   0.07133058985  -0.7407407407  0.9993141289   1845.607161    
820      NO_ID      0.6117283951   0.1865569273   0.159122085    0              -0.3319615912  0.0006858710562 315.3348997    
821      NO_ID      0.7166666667   -0.0548696845  0.5541838134   -0.04663923182 -0.8751714678  0.3326474623   264.2528733    
822      NO_ID      0.4388888889   -0.0329218107  0.4801097394   -0.03566529492 -0.70781893    0.3326474623   302.9131602    
823      NO_ID      0.7561728395   0.5953360768   0.7023319616   0.7187928669   -0.8148148148  0.4437585734   520.1040808    
824      NO_ID      0.299382716    0.2085048011   0.4526748971   -0.5816186557  -0.5816186557  0.1104252401   160.4125203    
825      NO_ID      0.399382716    0.219478738    0.5322359396   -0.4526748971  -0.5569272977  0.0006858710562 175.5267732    
826      NO_ID      0.8672839506   -0.109739369   -0.0768175583  -0.7407407407  0.3347050754   0.1104252401   1949.961172    
827      NO_ID      0.9771604938   -0.3319615912  0.4060356653   0.04663923182  -0.7764060357  0.2229080933   351.9714266    
828      NO_ID      0.2882716049   -0.0109739369  0.4609053498   -0.7270233196  -0.7791495199  0.0006858710562 447.6889429    
829      NO_ID      0.5956790123   -0.9602194787  -0.1124828532  0.07133058985  -0.02743484225 0.0006858710562 2234.396633    
830      NO_ID      0.8882716049   0.2606310014   0.5651577503   -0.05212620027 -0.3347050754  0.6659807956   1973.043221    
831      NO_ID      0.8611111111   -0.002743484225 0.3868312757   0.0219478738   -0.8395061728  0.0006858710562 162.663968     
832      NO_ID      0.599382716    0.3347050754   0.2085048011   0.0219478738   -0.6776406036  0.0006858710562 152.7608576    
833      NO_ID      0.825308642    0.6913580247   0.3347050754   0.008230452675 0.03840877915  0.1104252401   620.7760528    
834      NO_ID      0.9672839506   -0.4801097394  0.109739369    -0.0658436214  -0.2331961591  0.988340192    1818.286063    
835      NO_ID      0.862345679    0.1124828532   0.3319615912   -0.3319615912  0.1124828532   0.3326474623   2010.715415    
836      NO_ID      0.499382716    0.3484224966   0.3319615912   0.3319615912   -0.9245541838  0.2229080933   107.5245379    
837      NO_ID      0.4771604938   0.4087791495   0.2386831276   0.03566529492  -0.5541838134  0.2338820302   144.4002029    
838      NO_ID      0.8895061728   0.1755829904   0.1124828532   0.109739369    -0.3319615912  0.007544581619 308.2998601    
839      NO_ID      0.7858024691   -0.219478738   -0.1673525377  -0.8065843621  0.08504801097  0.7537722908   2121.66085     
840      NO_ID      0.8462962963   -0.0987654321  0.2551440329   -0.05761316872 -0.3319615912  0.1104252401   1993.008241    
841      NO_ID      0.9277777778   0.3621399177   -0.0109739369  0.2304526749   -0.3319615912  0.01165980796  490.1743419    
842      NO_ID      0.4907407407   0.4993141289   0.05761316872  0.02743484225  -0.2578875171  0.0006858710562 386.1672307    
843      NO_ID      0.8179012346   0.3347050754   -0.3347050754  0.7709190672   -0.7407407407  0.3326474623   2076.889442    
844      NO_ID      0.5660493827   0.07956104252  0.3347050754   0.109739369    -0.7023319616  0.4451303155   162.0750391    
845      NO_ID      0.700617284    0.1179698217   0.09327846365  0.1975308642   -0.6886145405  0.3326474623   149.4236039    
846      NO_ID      0.9932098765   0.1207133059   0.1426611797   0.244170096    -0.6282578875  0.1117969822   140.8424267    
847      NO_ID      0.400617284    0.9245541838   0.9986282579   -0.2633744856  -0.6776406036  0.2105624143   444.2223063    
848      NO_ID      0.5277777778   0.1124828532   0.2578875171   -0.3319615912  -0.3319615912  0.2229080933   115.864736     
849      NO_ID      0.3845679012   0.3319615912   0.3319615912   -0.4526748971  -0.1618655693  0.07338820302  115.2744101    
850      NO_ID      0.3759259259   0.109739369    0.00548696845  -0.6035665295  -0.1838134431  0.0006858710562 197.3641671    
851      NO_ID      0.900617284    0.1069958848   0.1454046639   0.1481481481   -0.7791495199  0.0006858710562 172.2408362    
852      NO_ID      0.500617284    0.1179698217   0.1289437586   0.2249657064   -0.7325102881  0.3326474623   142.8414986    
853      NO_ID      0.8092592593   -0.5569272977  -0.3347050754  -0.7050754458  0.5569272977   0.2215363512   1862.560575    
854      NO_ID      0.2944444444   0.7023319616   0.9986282579   -0.3374485597  -0.4526748971  0.3120713306   412.3591301    
855      NO_ID      0.4228395062   0.7572016461   0.3319615912   0.07133058985  -0.7764060357  0.0006858710562 339.9495866    
856      NO_ID      0.100617284    0.4334705075   0.658436214    -0.4663923182  -0.6502057613  0.3326474623   198.1257718    
857      NO_ID      0.2240740741   0.5569272977   0.4938271605   -0.5541838134  -0.3978052126  0.3326474623   170.9075062    
858      NO_ID      0.5450617284   0.3347050754   0.109739369    -0.04115226337 -0.4471879287  0.1104252401   185.4893606    
859      NO_ID      0.1672839506   0.3347050754   0.2825788752   -0.1124828532  -0.9986282579  0.1104252401   128.7705631    
860      NO_ID      0.100617284    0.5816186557   -0.03566529492 -0.03566529492 -0.5569272977  0.0006858710562 517.1532938    
861      NO_ID      0.300617284    0.3347050754   0.109739369    0.2085048011   -0.7764060357  0.3326474623   200.5048694    
862      NO_ID      0.300617284    0.7023319616   0.3319615912   -0.07133058985 -0.5953360768  0.0006858710562 190.7402495    
863      NO_ID      0.1660493827   0.3017832647   0.7791495199   0.1673525377   -0.9986282579  0.3326474623   396.4572323    
864      NO_ID      0.9487654321   0.4855967078   0.2770919067   -0.07133058985 0.09053497942  0.1104252401   583.2467822    
865      NO_ID      0.3055555556   -0.2085048011  0.7983539095   0.2359396433   -0.9986282579  0.2215363512   668.7359899    
866      NO_ID      0.299382716    -0.1371742112  0.7599451303   0.0109739369   -0.9986282579  0.3079561043   502.8564147    
867      NO_ID      0.200617284    0.5569272977   0.0768175583   0.0329218107   -0.4801097394  0.0006858710562 386.8807179    
868      NO_ID      0.499382716    0.3347050754   0.109739369    0.09327846365  -0.7791495199  0.0006858710562 215.1032935    
869      NO_ID      0.7080246914   -0.03566529492 0.2743484225   0.4746227709   -0.9986282579  0.5192043896   1810.576227    
870      NO_ID      0.7043209877   0.7873799726   0.4938271605   -0.0768175583  0.3347050754   0.6495198903   610.3488615    
871      NO_ID      0.9030864198   -0.3676268861  0.3319615912   -0.03017832647 -0.9574759945  0.572702332    1531.616123    
872      NO_ID      0.800617284    -0.06310013717 0.08504801097  -0.658436214   0.3347050754   0.3340192044   353.6844658    
873      NO_ID      0.7660493827   0.1618655693   0.06858710562  0.6913580247   -0.9986282579  0.3340192044   219.1447548    
874      NO_ID      0.399382716    0.134430727    0.3511659808   -0.4609053498  -0.4060356653  0.2229080933   111.8068094    
875      NO_ID      0.8672839506   0.06858710562  0.03566529492  0.6145404664   -0.9986282579  0.3340192044   285.2791134    
876      NO_ID      0.700617284    0.1454046639   0.01646090535  0.6666666667   -0.7764060357  0.6659807956   1941.834026    
877      NO_ID      0.900617284    0.2606310014   0.109739369    0.2798353909   -0.3319615912  0.6659807956   497.745611     
878      NO_ID      0.9895061728   -0.1124828532  0.06035665295  0.2331961591   -0.3319615912  0.3340192044   1984.383521    
879      NO_ID      0.2154320988   0.2633744856   0.2578875171   -0.6474622771  -0.3319615912  0.0006858710562 103.5535359    
880      NO_ID      0.299382716    -0.06858710562 0.109739369    -0.70781893    -0.3319615912  0.0006858710562 190.0828098    
881      NO_ID      0.1672839506   0.3319615912   0.2606310014   -0.3347050754  -0.3319615912  0.0006858710562 210.3988398    
882      NO_ID      0.299382716    0.2606310014   0.109739369    -0.598079561   -0.3319615912  0.0006858710562 250.648481     
883      NO_ID      0.299382716    0.1371742112   0.04938271605  -0.7023319616  -0.109739369   0.0006858710562 140.6077504    
884      NO_ID      0.700617284    -0.8916323731  -0.5459533608  0.2112482853   -0.3319615912  0.9993141289   2577.561035    
885      NO_ID      0.699382716    -0.2469135802  0.3978052126   -0.3923182442  -0.633744856   0.2215363512   289.3860259    
886      NO_ID      0.299382716    0.07407407407  0.109739369    -0.6227709191  -0.109739369   0.0006858710562 142.5964801    
887      NO_ID      0.100617284    0.3319615912   0.1838134431   -0.6310013717  -0.2496570645  0.2215363512   112.0071549    
888      NO_ID      0.100617284    0.1399176955   0.109739369    -0.6419753086  -0.2578875171  0.0006858710562 160.5103383    
889      NO_ID      0.1660493827   0.2606310014   0.08230452675  -0.658436214   -0.109739369   0.1117969822   130.1270141    
890      NO_ID      0.399382716    0.3155006859   0.1015089163   -0.4526748971  -0.02743484225 0.1104252401   145.8558193    
891      NO_ID      0.400617284    0.1536351166   0.7764060357   -0.4197530864  -0.3347050754  0.3257887517   476.3535348    
892      NO_ID      0.399382716    -0.1838134431  0.1124828532   -0.8312757202  -0.1481481481  0.0006858710562 262.7643542    
893      NO_ID      0.9413580247   -0.3347050754  -0.3347050754  -0.0768175583  0.3347050754   0.9993141289   1961.284538    
894      NO_ID      0.7425925926   -0.7791495199  0.08504801097  0.3319615912   -0.3319615912  0.9993141289   1981.719465    
895      NO_ID      0.199382716    -0.1152263374  -0.2606310014  -0.3621399177  -0.1124828532  0.0006858710562 1788.255524    
896      NO_ID      0.100617284    0.3072702332   0.3319615912   -0.5569272977  -0.3319615912  0.08573388203  137.156714     
897      NO_ID      0.700617284    -0.3347050754  -0.7050754458  -0.3319615912  0.5706447188   0.6673525377   2028.038764    
898      NO_ID      0.1549382716   0.2578875171   0.4855967078   -0.414266118   -0.6639231824  0.0006858710562 163.8932132    
899      NO_ID      0.2154320988   0.3319615912   0.7050754458   -0.4471879287  -0.3648834019  0.0006858710562 407.619386     
900      NO_ID      0.100617284    0.329218107    0.4965706447   -0.5898491084  -0.5953360768  0.2215363512   124.2961875    
901      NO_ID      0.2203703704   0.2935528121   0.598079561    -0.6172839506  -0.7791495199  0.0006858710562 261.8011971    
902      NO_ID      0.100617284    0.3319615912   0.4087791495   -0.4087791495  -0.6090534979  0.3326474623   102.5845975    
903      NO_ID      0.1339506173   0.3072702332   0.5157750343   -0.658436214   -0.4334705075  0.02126200274  176.2084094    
904      NO_ID      0.100617284    0.1865569273   0.3484224966   -0.6255144033  -0.6310013717  0.0006858710562 105.7878692    
905      NO_ID      0.1660493827   0.2606310014   0.4718792867   -0.6200274348  -0.5624142661  0.07338820302  130.9675295    
906      NO_ID      0.9487654321   -0.3347050754  -0.4087791495  -0.109739369   -0.9986282579  0.9993141289   3468.390486    
907      NO_ID      0.999382716    0.08504801097  0.5679012346   -0.4691358025  0.109739369    0.3326474623   2129.550527    
908      NO_ID      0.6117283951   0.2496570645   0.2853223594   -0.3319615912  -0.2853223594  0.3216735254   170.5567219    
909      NO_ID      0.8537037037   0.4279835391   0.1069958848   0.1673525377   -0.329218107   0.2229080933   364.6575291    
910      NO_ID      0.600617284    0.3347050754   -0.1124828532  0.3319615912   -0.9986282579  0.0006858710562 1807.603834    
911      NO_ID      0.100617284    0.8065843621   0.5541838134   0.008230452675 -0.4526748971  0.0006858710562 332.6542752    
912      NO_ID      0.100617284    0.3319615912   0.683127572    0.05761316872  -0.6310013717  0.1104252401   575.9033543    
913      NO_ID      0.300617284    0.3319615912   0.3429355281   -0.3347050754  -0.9519890261  0.2229080933   501.2309835    
914      NO_ID      0.3820987654   0.3319615912   0.4663923182   -0.5679012346  -0.9986282579  0.3326474623   2204.286915    
915      NO_ID      0.6228395062   0.268861454    0.2578875171   -0.1015089163  -0.1838134431  0.3696844993   238.8427498    
916      NO_ID      0.800617284    0.3347050754   0.8367626886   0.04663923182  -0.9986282579  0.0006858710562 365.2326839    
917      NO_ID      0.8796296296   0.3347050754   0.6310013717   -0.19478738    -0.3347050754  0.183127572    364.0719087    
918      NO_ID      0.8191358025   0.4718792867   0.3347050754   -0.002743484225 -0.3347050754  0.2133058985   290.6183971    
919      NO_ID      0.8808641975   0.5651577503   0.4526748971   -0.07407407407 0.3347050754   0.3340192044   563.5415003    
920      NO_ID      0.5759259259   0.5596707819   -0.9739368999  0.5130315501   -0.3319615912  0.5054869684   986.3944665    
921      NO_ID      0.500617284    -0.5569272977  0.08504801097  -0.1015089163  -0.109739369   0.6659807956   1958.525635    
922      NO_ID      0.8314814815   0.5322359396   0.2578875171   -0.0109739369  0.02743484225  0.2777777778   431.4770412    
923      NO_ID      0.900617284    0.3347050754   -0.3347050754  0.268861454    -0.3319615912  0.8882030178   2029.146016    
924      NO_ID      0.800617284    0.3840877915   -0.5569272977  -0.109739369   0.3319615912   0.9183813443   1177.611668    
925      NO_ID      0.1919753086   0.7407407407   0.4444444444   0.00548696845  -0.6639231824  0.04869684499  124.1624264    
926      NO_ID      0.599382716    0.07407407407  -0.1124828532  0.0329218107   -0.3319615912  0.0006858710562 1833.24219     
927      NO_ID      0.1771604938   0.3676268861   0.2085048011   0.159122085    -0.8422496571  0.3326474623   145.4967899    
928      NO_ID      0.400617284    0.1124828532   0.353909465    0.5816186557   -0.8038408779  0.9993141289   181.0655441    
929      NO_ID      0.500617284    0.7791495199   0.0768175583   0.1646090535   -0.4471879287  0.3326474623   1030.255029    
930      NO_ID      0.100617284    0.6803840878   0.1069958848   -0.1042524005  -0.109739369   0.0006858710562 559.9837318    
931      NO_ID      0.2833333333   0.7517146776   -0.8257887517  0.1893004115   -0.109739369   0.3326474623   1339.062567    
932      NO_ID      0.100617284    0.6556927298   -0.2277091907  -0.0658436214  -0.2908093278  0.0006858710562 899.4786131    
933      NO_ID      0.800617284    -0.2606310014  0.01646090535  -0.6556927298  0.5569272977   0.09533607682  2068.878039    
934      NO_ID      0.8203703704   -0.109739369   -0.09053497942 -0.6776406036  0.3347050754   0.4451303155   1812.591072    
935      NO_ID      0.5388888889   0.6310013717   0.03566529492  -0.109739369   0.3017832647   0.2215363512   607.6141852    
936      NO_ID      0.400617284    0.5569272977   -0.9986282579  0.2331961591   -0.3319615912  0.8895747599   1202.040928    
937      NO_ID      0.500617284    0.5569272977   -0.9986282579  -0.06858710562 -0.2578875171  0.9993141289   1309.496976    
938      NO_ID      0.4845679012   0.7791495199   0.3319615912   0.3319615912   -0.6666666667  0.03497942387  345.5436852    
939      NO_ID      0.400617284    0.9245541838   0.3319615912   -0.09327846365 -0.633744856   0.2668038409   799.9901134    
940      NO_ID      0.637654321    0.8203017833   0.04938271605  -0.008230452675 0.3319615912   0.1104252401   786.6778608    
941      NO_ID      0.399382716    -0.3758573388  0.792866941    -0.0329218107  -0.9986282579  0.3326474623   594.0525952    
942      NO_ID      0.799382716    0.598079561    -0.6063100137  0.6063100137   -0.2331961591  0.3834019204   2360.533572    
943      NO_ID      0.100617284    -0.6803840878  -0.6310013717  -0.01920438957 -0.9986282579  0.0006858710562 2771.056624    
944      NO_ID      0.5438271605   0.7050754458   -0.2359396433  -0.02469135802 0.0877914952   0.2887517147   1522.960918    
945      NO_ID      0.9265432099   0.4170096022   -0.7791495199  -0.02743484225 -0.109739369   0.9993141289   1257.528647    
946      NO_ID      0.400617284    0.6117969822   -0.853223594   0.3347050754   -0.7764060357  0.7770919067   1101.931514    
947      NO_ID      0.4216049383   0.109739369    -0.9245541838  0.6611796982   -0.3319615912  0.8525377229   3288.081657    
948      NO_ID      0.400617284    0.6556927298   -0.598079561   0.2277091907   -0.3319615912  0.731824417    1326.469313    
949      NO_ID      0.2067901235   0.6035665295   -0.8038408779  -0.1673525377  0.0109739369   0.9430727023   893.1406676    
950      NO_ID      0.400617284    0.7791495199   -0.743484225   -0.0438957476  -0.109739369   0.7784636488   1409.183317    
951      NO_ID      0.199382716    -0.5569272977  0.9986282579   0.07956104252  -0.9986282579  0.0006858710562 2871.12538     
952      NO_ID      0.6364197531   -0.3401920439  0.853223594    0.03840877915  -0.9986282579  0.3326474623   623.512063     
953      NO_ID      0.699382716    -0.7818930041  0.3319615912   0.2551440329   -0.9986282579  0.0006858710562 1950.600209    
954      NO_ID      0.1549382716   0.3319615912   -0.8943758573  0.4663923182   -0.6748971193  0.1104252401   726.4752251    
955      NO_ID      0.1327160494   -0.1124828532  -0.9080932785  0.5267489712   -0.9986282579  0.1104252401   2913.139441    
956      NO_ID      0.499382716    -0.3347050754  0.2606310014   -0.3319615912  -0.9986282579  0.0006858710562 1054.247789    
957      NO_ID      0.499382716    -0.7791495199  0.3319615912   -0.2935528121  -0.9986282579  0.0006858710562 594.0065881    
958      NO_ID      0.499382716    -0.9986282579  0.0109739369   -0.2661179698  -0.9986282579  0.0006858710562 2218.08106     
959      NO_ID      0.499382716    -0.5596707819  0.3319615912   -0.1865569273  -0.9986282579  0.3326474623   955.6671378    
960      NO_ID      0.4549382716   -0.6995884774  0.3319615912   -0.109739369   -0.9986282579  0.0006858710562 401.8663535    
961      NO_ID      0.4339506173   -0.7736625514  -0.1124828532  0.08504801097  -0.9986282579  0.0006858710562 1999.186478    
962      NO_ID      0.5141975309   -0.7050754458  0.109739369    -0.2249657064  -0.3319615912  0.0006858710562 1949.920317    
963      NO_ID      0.199382716    0.9986282579   0.3319615912   -0.2524005487  -0.5871056241  0.133744856    595.7619214    
964      NO_ID      0.237654321    0.6310013717   -0.9382716049  0.4773662551   -0.5322359396  0.2818930041   942.8995209    
965      NO_ID      0.100617284    0.3347050754   -0.4828532236  0.378600823    -0.5322359396  0.0006858710562 2076.442021    
966      NO_ID      0.262345679    0.2661179698   -0.7764060357  0.573388203    -0.3319615912  0.07475994513  2334.214864    
967      NO_ID      0.7660493827   -0.1865569273  0.1234567901   -0.6310013717  0.109739369    0.1858710562   244.2710229    
968      NO_ID      0.5327160494   0.2962962963   0.5569272977   0.633744856    -0.6310013717  0.9032921811   445.9546874    
969      NO_ID      0.2660493827   0.4115226337   -0.7023319616  -0.2496570645  0.09327846365  0.6659807956   2248.697369    
970      NO_ID      0.6228395062   -0.109739369   0.5569272977   -0.06310013717 -0.6776406036  0.6920438957   309.7609471    
971      NO_ID      0.100617284    0.5541838134   0.2469135802   -0.01371742112 -0.3319615912  0.5548696845   418.8424318    
972      NO_ID      0.374691358    0.7544581619   0.2469135802   0.2112482853   -0.3319615912  0.05418381344  515.8727132    
973      NO_ID      0.399382716    0.3978052126   0.1618655693   -0.2277091907  -0.03017832647 0.0006858710562 326.7757371    
974      NO_ID      0.100617284    0.4718792867   0.109739369    -0.3319615912  -0.109739369   0.07338820302  395.1908755    
975      NO_ID      0.1043209877   0.3347050754   0.6282578875   -0.4663923182  -0.5541838134  0.7784636488   172.201072     
976      NO_ID      0.4660493827   -0.3347050754  -0.3347050754  0.6310013717   -0.9986282579  0.6659807956   635.3875314    
977      NO_ID      0.100617284    0.3566529492   -0.03840877915 -0.04115226337 -0.109739369   0.0006858710562 2178.919504    
978      NO_ID      0.5561728395   -0.6721536351  -0.6200274348  0.3347050754   -0.9986282579  0.9993141289   1212.317782    
979      NO_ID      0.400617284    -0.5569272977  -0.3347050754  0.6310013717   -0.9986282579  0.9993141289   826.3293138    
980      NO_ID      0.399382716    -0.6639231824  0.7791495199   -0.1371742112  -0.9986282579  0.6426611797   2151.02154     
981      NO_ID      0.799382716    0.3923182442   0.3264746228   -0.3319615912  0.2331961591   0.6673525377   409.9019393    
982      NO_ID      0.7709876543   0.6913580247   0.2798353909   -0.0877914952  0.2249657064   0.6673525377   673.800628     
983      NO_ID      0.599382716    -0.5816186557  0.9986282579   0.04115226337  -0.9986282579  0.02400548697  990.959159     
984      NO_ID      0.599382716    -0.3923182442  0.3319615912   -0.3319615912  -0.5569272977  0.1104252401   364.9497785    
985      NO_ID      0.400617284    -0.3347050754  0.3319615912   -0.06035665295 -0.8449931413  0.1104252401   329.8941028    
986      NO_ID      0.6598765432   0.109739369    -0.8367626886  0.4087791495   -0.853223594   0.6659807956   1042.010316    
987      NO_ID      0.600617284    -0.2578875171  -0.6419753086  0.6886145405   -0.9986282579  0.5178326475   2644.855848    
988      NO_ID      0.6339506173   0.4801097394   -0.7764060357  0.3347050754   -0.3319615912  0.6604938272   930.6450799    
989      NO_ID      0.6339506173   0.5569272977   -0.987654321   0.3347050754   -0.7215363512  0.6906721536   1177.392809    
990      NO_ID      0.6475308642   0.5569272977   -0.7736625514  0.5706447188   -0.6392318244  0.6920438957   950.826794     
991      NO_ID      0.4339506173   0.524005487    -0.7654320988  0.3484224966   0.1124828532   0.5411522634   2444.399228    
992      NO_ID      0.400617284    0.9986282579   0.5569272977   0.0219478738   -0.6145404664  0.07338820302  338.9311104    
993      NO_ID      0.6882716049   0.2249657064   0.109739369    0.0768175583   -0.6310013717  0.1035665295   169.558608     
994      NO_ID      0.499382716    0.3072702332   0.2770919067   -0.3319615912  -0.1865569273  0.4437585734   108.6863763    
995      NO_ID      0.499382716    -0.2414266118  0.2112482853   0.1262002743   -0.633744856   0.6659807956   272.3984144    
996      NO_ID      0.7018518519   0.4910836763   0.6502057613   0.7736625514   -0.768175583   0.7784636488   472.4686091    
997      NO_ID      0.4339506173   0.0329218107   0.3319615912   -0.2112482853  -0.6282578875  0.0006858710562 179.7502709    
998      NO_ID      0.599382716    -0.1042524005  0.109739369    -0.3319615912  -0.6310013717  0.1104252401   308.150158     
999      NO_ID      0.6771604938   0.2414266118   0.1673525377   0.3319615912   -0.9986282579  0.2229080933   241.796178     
1000     NO_ID      0.4327160494   0.1124828532   0.3319615912   -0.109739369   -0.3319615912  0.5548696845   303.7322574    
